Age,Gender,Item Purchased,Category,Spending,Location,Size,Color,Season,Review Rating,Subscription Status,Payment Method,Shipping Type,Promo Code Used,Previous Purchases,Preferred Payment Method,Frequency of Purchases,Spending_Level,High_Spender,Age_Group,Discount_Used,Cluster_K8,PCA1,PCA2,Customer_Persona,Anomaly_Flag,Anomaly
55,Male,Blouse,Clothing,53,Kentucky,L,Gray,Winter,3.1,Yes,Credit Card,Express,Yes,14,Venmo,1,Medium,0,Middle_Aged,1,2,1.9637357667815452,0.19789683746009087,Family-Oriented Value Buyers,1,Normal
19,Male,Sweater,Clothing,64,Maine,L,Maroon,Winter,3.1,Yes,Bank Transfer,Express,Yes,2,Cash,1,High,1,Youth,1,4,0.911385250271529,1.604923571927109,Deal-Driven Shoppers,-1,Anomaly
50,Male,Jeans,Clothing,73,Massachusetts,S,Maroon,Spring,3.1,Yes,Cash,Free Shipping,Yes,23,Credit Card,2,High,1,Adult,1,0,0.8250386348104923,1.8773674239132818,Deal-Driven Shoppers,1,Normal
21,Male,Sandals,Footwear,90,Rhode Island,M,Maroon,Spring,3.5,Yes,PayPal,Next Day Air,Yes,49,PayPal,2,Very_High,1,Youth,1,0,0.5327334712695578,2.366911253229829,High-Value Premium Buyers,1,Normal
45,Male,Blouse,Clothing,49,Oregon,M,Turquoise,Spring,2.7,Yes,Cash,Free Shipping,Yes,31,PayPal,3,Medium,0,Adult,1,2,2.0702272737379936,0.111547629021192,Family-Oriented Value Buyers,1,Normal
46,Male,Sneakers,Footwear,20,Wyoming,M,White,Summer,2.9,Yes,Venmo,Standard,Yes,14,Venmo,2,Low,0,Adult,1,6,2.56556811732948,-0.6161388815274625,Price-Sensitive Budget Shoppers,1,Normal
63,Male,Shirt,Clothing,85,Montana,M,Gray,Fall,3.2,Yes,Debit Card,Free Shipping,Yes,49,Cash,4,Very_High,1,Middle_Aged,1,0,0.6428258553735599,2.2210580184316813,High-Value Premium Buyers,1,Normal
27,Male,Shorts,Clothing,34,Louisiana,L,Charcoal,Winter,3.2,Yes,Debit Card,Free Shipping,Yes,19,Credit Card,2,Low,0,Young_Adult,1,6,2.262810459083743,-0.2375677231606968,Price-Sensitive Budget Shoppers,1,Normal
26,Male,Coat,Outerwear,97,West Virginia,L,Silver,Summer,2.6,Yes,Venmo,Express,Yes,8,Venmo,3,Very_High,1,Young_Adult,1,4,0.42526240149613476,2.3806187196437145,High-Value Premium Buyers,1,Normal
57,Male,Handbag,Accessories,31,Missouri,M,Pink,Spring,4.8,Yes,PayPal,2-Day Shipping,Yes,4,Cash,4,Low,0,Middle_Aged,1,6,2.217713919442661,-0.27853171473907007,Price-Sensitive Budget Shoppers,1,Normal
53,Male,Shoes,Footwear,34,Arkansas,L,Purple,Fall,4.1,Yes,Credit Card,Store Pickup,Yes,26,Bank Transfer,5,Low,0,Middle_Aged,1,2,2.2371957455517646,-0.1588293914414503,Price-Sensitive Budget Shoppers,1,Normal
30,Male,Shorts,Clothing,68,Hawaii,S,Olive,Winter,4.9,Yes,PayPal,Store Pickup,Yes,10,Bank Transfer,1,High,1,Young_Adult,1,4,0.7516059876497464,1.8416582512673507,Deal-Driven Shoppers,1,Normal
61,Male,Coat,Outerwear,72,Delaware,M,Gold,Winter,4.5,Yes,PayPal,Express,Yes,37,Venmo,1,High,1,Middle_Aged,1,0,0.8135020483666465,1.9470920456780711,Deal-Driven Shoppers,1,Normal
65,Male,Dress,Clothing,51,New Hampshire,M,Violet,Spring,4.7,Yes,Debit Card,Express,Yes,31,PayPal,2,Medium,0,Middle_Aged,1,2,1.9477132020266608,0.2670083880786315,Family-Oriented Value Buyers,1,Normal
64,Male,Coat,Outerwear,53,New York,L,Teal,Winter,4.7,Yes,PayPal,Free Shipping,Yes,34,Debit Card,2,Medium,0,Middle_Aged,1,2,1.931092645851624,0.33699560945045276,Family-Oriented Value Buyers,1,Normal
64,Male,Skirt,Clothing,81,Rhode Island,M,Teal,Winter,2.8,Yes,Credit Card,Store Pickup,Yes,8,PayPal,6,High,1,Middle_Aged,1,0,0.6777333997739831,1.991475289025508,High-Value Premium Buyers,1,Normal
25,Male,Sunglasses,Accessories,36,Alabama,S,Gray,Spring,4.1,Yes,Venmo,Next Day Air,Yes,44,Debit Card,5,Low,0,Youth,1,6,2.2274368710584915,-0.0231347011940968,Price-Sensitive Budget Shoppers,1,Normal
53,Male,Dress,Clothing,38,Mississippi,XL,Lavender,Winter,4.7,Yes,Debit Card,2-Day Shipping,Yes,36,Venmo,4,Low,0,Middle_Aged,1,2,2.154827951104358,-0.00837110290503957,Price-Sensitive Budget Shoppers,1,Normal
52,Male,Sweater,Clothing,48,Montana,S,Black,Summer,4.6,Yes,Bank Transfer,Free Shipping,Yes,17,Cash,2,Medium,0,Middle_Aged,1,6,1.9639336025248628,0.1679836172481715,Family-Oriented Value Buyers,1,Normal
66,Male,Pants,Clothing,90,Rhode Island,M,Green,Summer,3.3,Yes,Venmo,Standard,Yes,46,Debit Card,5,Very_High,1,Senior,1,0,0.5805510803028168,2.3523184782863797,High-Value Premium Buyers,1,Normal
21,Male,Pants,Clothing,51,Louisiana,M,Black,Winter,2.8,Yes,Credit Card,Express,Yes,50,Cash,7,Medium,0,Youth,1,2,2.029614784238901,0.2591089748670865,Young Trend-Oriented Shoppers,1,Normal
31,Male,Pants,Clothing,62,North Carolina,M,Charcoal,Winter,4.1,Yes,Credit Card,Store Pickup,Yes,22,Debit Card,4,High,1,Young_Adult,1,4,0.9180877622086221,1.6944462378776337,Deal-Driven Shoppers,1,Normal
56,Male,Pants,Clothing,37,California,M,Peach,Summer,3.2,Yes,Cash,Store Pickup,Yes,32,Debit Card,3,Low,0,Middle_Aged,1,2,2.2824390362904436,-0.13712345611324864,Price-Sensitive Budget Shoppers,1,Normal
31,Male,Pants,Clothing,88,Oklahoma,XL,White,Winter,4.4,Yes,Credit Card,Express,Yes,40,Credit Card,2,Very_High,1,Young_Adult,1,4,0.4810311013485674,2.3856832900708804,High-Value Premium Buyers,1,Normal
18,Male,Jacket,Outerwear,22,Florida,M,Green,Fall,2.9,Yes,Cash,Store Pickup,Yes,16,Debit Card,2,Low,0,Youth,1,6,2.475955053386679,-0.531625746640614,Price-Sensitive Budget Shoppers,-1,Anomaly
18,Male,Hoodie,Clothing,25,Texas,M,Silver,Summer,3.6,Yes,Bank Transfer,Express,Yes,14,PayPal,3,Low,0,Youth,1,6,2.375924143066386,-0.45040933033864106,Price-Sensitive Budget Shoppers,1,Normal
38,Male,Jewelry,Accessories,20,Nevada,M,Red,Spring,3.6,Yes,Cash,Next Day Air,Yes,13,Credit Card,3,Low,0,Adult,1,6,2.4983509156840746,-0.5662408334986551,Price-Sensitive Budget Shoppers,1,Normal
56,Male,Shorts,Clothing,56,Kentucky,L,Cyan,Summer,5.0,Yes,Debit Card,Next Day Air,Yes,7,Bank Transfer,7,Medium,0,Middle_Aged,1,6,1.8079118326070542,0.34052854146903394,Family-Oriented Value Buyers,-1,Anomaly
54,Male,Handbag,Accessories,94,North Carolina,M,Gray,Fall,4.4,Yes,Debit Card,Free Shipping,Yes,41,PayPal,7,Very_High,1,Middle_Aged,1,0,0.40085194044882294,2.4929767640004448,High-Value Premium Buyers,1,Normal
31,Male,Dress,Clothing,48,Wyoming,S,Black,Fall,4.1,Yes,Venmo,Store Pickup,Yes,14,Credit Card,2,Medium,0,Young_Adult,1,6,1.9414611530180081,0.17306401334141955,Young Trend-Oriented Shoppers,1,Normal
57,Male,Jewelry,Accessories,31,North Carolina,L,Black,Winter,4.7,Yes,Bank Transfer,Standard,Yes,16,Credit Card,6,Low,0,Middle_Aged,1,6,2.26610058706581,-0.24654444339608061,Price-Sensitive Budget Shoppers,1,Normal
33,Male,Dress,Clothing,79,West Virginia,L,Brown,Winter,4.7,Yes,Venmo,Store Pickup,Yes,45,Venmo,6,High,1,Young_Adult,1,4,0.6465977503537614,2.189472612546317,Deal-Driven Shoppers,1,Normal
36,Male,Jacket,Outerwear,67,Kansas,M,Silver,Summer,4.9,Yes,Bank Transfer,Free Shipping,Yes,37,Venmo,3,High,1,Adult,1,4,0.8399471160318265,1.8438242823866033,Deal-Driven Shoppers,1,Normal
54,Male,Pants,Clothing,38,Colorado,L,Green,Summer,3.3,Yes,Venmo,Store Pickup,Yes,45,Cash,4,Low,0,Middle_Aged,1,2,2.2813973724868526,-0.06805612148351253,Price-Sensitive Budget Shoppers,1,Normal
36,Male,T-shirt,Clothing,91,North Dakota,L,Violet,Spring,4.6,Yes,Debit Card,2-Day Shipping,Yes,38,PayPal,4,Very_High,1,Adult,1,4,0.43155884651985654,2.428624695601796,High-Value Premium Buyers,1,Normal
54,Male,Blouse,Clothing,33,Massachusetts,M,Cyan,Summer,4.0,Yes,Bank Transfer,2-Day Shipping,Yes,48,Credit Card,5,Low,0,Middle_Aged,1,2,2.2975762712361574,-0.1506851739309262,Price-Sensitive Budget Shoppers,1,Normal
35,Male,T-shirt,Clothing,69,Illinois,M,Maroon,Winter,4.6,Yes,Cash,Free Shipping,Yes,44,PayPal,1,High,1,Young_Adult,1,0,0.8004852573701831,1.9312181903421755,Deal-Driven Shoppers,1,Normal
35,Male,Jeans,Clothing,45,Indiana,S,Cyan,Summer,2.8,Yes,Debit Card,Store Pickup,Yes,10,PayPal,2,Medium,0,Young_Adult,1,6,2.1137706075277944,-0.019752867213804412,Family-Oriented Value Buyers,1,Normal
29,Male,Dress,Clothing,37,Florida,M,Red,Winter,3.7,Yes,Debit Card,2-Day Shipping,Yes,44,Venmo,7,Low,0,Young_Adult,1,2,2.224678560067382,-0.06208953504268934,Price-Sensitive Budget Shoppers,1,Normal
70,Male,Pants,Clothing,60,Arizona,S,Turquoise,Summer,4.2,Yes,Bank Transfer,Express,Yes,18,Credit Card,6,Medium,0,Senior,1,2,1.8109817187362731,0.4327365212646294,Deal-Driven Shoppers,1,Normal
69,Male,Handbag,Accessories,76,Louisiana,L,Beige,Winter,4.6,Yes,PayPal,Next Day Air,Yes,31,Debit Card,4,High,1,Senior,1,0,0.741076482849161,2.0408477505850673,Deal-Driven Shoppers,1,Normal
67,Male,Scarf,Accessories,39,Alaska,M,Orange,Spring,4.5,Yes,Cash,Standard,Yes,40,Venmo,3,Low,0,Senior,1,2,2.199445481769861,0.003663768551334823,Price-Sensitive Budget Shoppers,1,Normal
20,Male,Coat,Outerwear,100,Tennessee,M,Beige,Spring,4.1,Yes,Bank Transfer,Free Shipping,Yes,15,PayPal,3,Very_High,1,Youth,1,4,0.2489138185308466,2.5564426188120724,High-Value Premium Buyers,1,Normal
25,Male,Scarf,Accessories,69,Ohio,L,Lavender,Fall,3.7,Yes,PayPal,Store Pickup,Yes,19,PayPal,1,High,1,Youth,1,4,0.8262342225981697,1.8061853662976437,Deal-Driven Shoppers,1,Normal
39,Male,Hat,Accessories,53,Kentucky,S,Silver,Summer,4.6,Yes,Bank Transfer,Free Shipping,Yes,45,PayPal,2,Medium,0,Adult,1,2,1.9309205270636345,0.37701760940056583,Family-Oriented Value Buyers,1,Normal
50,Male,Socks,Clothing,21,Tennessee,XL,Indigo,Fall,2.9,Yes,Venmo,2-Day Shipping,Yes,25,PayPal,3,Low,0,Adult,1,2,2.510891197122818,-0.5617067126312807,Price-Sensitive Budget Shoppers,1,Normal
57,Male,Shirt,Clothing,43,California,L,White,Summer,2.9,Yes,Venmo,Store Pickup,Yes,45,Cash,4,Medium,0,Middle_Aged,1,2,2.2248988175083313,0.027917787981762917,Family-Oriented Value Buyers,1,Normal
55,Male,Jewelry,Accessories,54,Montana,M,Charcoal,Winter,4.5,Yes,Debit Card,Free Shipping,Yes,36,Cash,2,Medium,0,Middle_Aged,1,2,1.9005824250123693,0.3572092630798342,Family-Oriented Value Buyers,1,Normal
42,Male,Shirt,Clothing,55,Nevada,M,Orange,Summer,2.7,Yes,Debit Card,Store Pickup,Yes,38,Cash,6,Medium,0,Adult,1,2,1.9940341160667854,0.2784157883054523,Family-Oriented Value Buyers,1,Normal
68,Male,Hoodie,Clothing,30,New Jersey,S,Indigo,Spring,4.6,Yes,Bank Transfer,Next Day Air,Yes,34,Debit Card,5,Low,0,Senior,1,2,2.337870710898666,-0.2181043066156672,Price-Sensitive Budget Shoppers,1,Normal
49,Male,Blouse,Clothing,28,Maryland,M,Red,Spring,3.7,Yes,Cash,Store Pickup,Yes,39,Debit Card,5,Low,0,Adult,1,2,2.3971775654341485,-0.2959767235210651,Price-Sensitive Budget Shoppers,1,Normal
59,Male,Skirt,Clothing,59,Vermont,XL,Gray,Winter,4.7,Yes,PayPal,2-Day Shipping,Yes,7,Credit Card,4,Medium,0,Middle_Aged,1,6,1.7235474840822624,0.41319529301319413,Family-Oriented Value Buyers,1,Normal
42,Male,T-shirt,Clothing,20,Alaska,M,Green,Summer,2.6,Yes,Credit Card,Free Shipping,Yes,26,Credit Card,2,Low,0,Adult,1,2,2.5519173195518445,-0.5899014918078778,Price-Sensitive Budget Shoppers,-1,Anomaly
29,Male,Skirt,Clothing,24,Mississippi,S,Peach,Winter,3.9,Yes,Debit Card,Next Day Air,Yes,35,Credit Card,2,Low,0,Young_Adult,1,6,2.427143721424515,-0.3835365308769965,Price-Sensitive Budget Shoppers,1,Normal
47,Male,Coat,Outerwear,94,New Mexico,M,Brown,Summer,4.2,Yes,Bank Transfer,Next Day Air,Yes,35,Debit Card,5,Very_High,1,Adult,1,0,0.43779905775531797,2.465548508467073,High-Value Premium Buyers,1,Normal
40,Male,Jacket,Outerwear,28,South Carolina,M,Lavender,Winter,3.0,Yes,Venmo,2-Day Shipping,Yes,49,Credit Card,3,Low,0,Adult,1,2,2.441946158934382,-0.31327889282098814,Price-Sensitive Budget Shoppers,1,Normal
41,Male,Backpack,Accessories,73,Mississippi,XL,Brown,Summer,4.7,Yes,PayPal,Store Pickup,Yes,46,Credit Card,2,High,1,Adult,1,0,0.7747111470394689,2.024314495412588,Deal-Driven Shoppers,1,Normal
21,Male,Coat,Outerwear,64,West Virginia,M,White,Summer,4.4,Yes,PayPal,Store Pickup,Yes,17,Debit Card,1,High,1,Youth,1,4,0.8858925745286955,1.7265868449248214,Deal-Driven Shoppers,-1,Anomaly
69,Male,Hoodie,Clothing,54,Missouri,M,Charcoal,Summer,4.2,Yes,Credit Card,Free Shipping,Yes,29,Venmo,6,Medium,0,Senior,1,2,1.9254663696229972,0.30879970576707344,Family-Oriented Value Buyers,1,Normal
63,Male,Belt,Accessories,79,Louisiana,L,Yellow,Spring,4.6,Yes,Debit Card,Standard,Yes,4,Debit Card,2,High,1,Middle_Aged,1,4,0.647626306618848,2.024699631631763,Deal-Driven Shoppers,1,Normal
50,Male,Sweater,Clothing,37,Idaho,L,Brown,Summer,4.0,Yes,Credit Card,Express,Yes,17,Cash,2,Low,0,Adult,1,6,2.1974851463693024,-0.1383585620701786,Price-Sensitive Budget Shoppers,1,Normal
55,Male,Scarf,Accessories,68,Texas,M,Orange,Winter,4.7,Yes,Bank Transfer,Store Pickup,Yes,21,Credit Card,7,High,1,Middle_Aged,1,4,0.8096904606518869,1.8411450601246395,Deal-Driven Shoppers,1,Normal
30,Male,Sneakers,Footwear,21,Mississippi,S,Magenta,Spring,3.8,Yes,Credit Card,Free Shipping,Yes,31,Credit Card,1,Low,0,Young_Adult,1,6,2.4775318935504735,-0.460601969153109,Price-Sensitive Budget Shoppers,1,Normal
33,Male,Sunglasses,Accessories,79,Arizona,L,Lavender,Winter,2.7,Yes,Credit Card,2-Day Shipping,Yes,43,Credit Card,2,High,1,Young_Adult,1,0,0.7584097253975574,2.0596344959350033,Deal-Driven Shoppers,1,Normal
65,Male,Boots,Footwear,83,Alabama,S,Green,Fall,4.8,Yes,PayPal,Standard,Yes,18,Debit Card,1,Very_High,1,Middle_Aged,1,0,0.5526318669301722,2.210222888963795,High-Value Premium Buyers,1,Normal
65,Male,Backpack,Accessories,36,New Jersey,M,Purple,Spring,4.8,Yes,Credit Card,2-Day Shipping,Yes,44,Venmo,7,Low,0,Middle_Aged,1,2,2.2261327572500607,-0.036289314281233734,Price-Sensitive Budget Shoppers,-1,Anomaly
31,Male,Blouse,Clothing,94,Pennsylvania,S,Magenta,Winter,4.7,Yes,Bank Transfer,2-Day Shipping,Yes,3,Venmo,7,Very_High,1,Young_Adult,1,4,0.2845041564439832,2.438191231337667,High-Value Premium Buyers,1,Normal
45,Male,Coat,Outerwear,33,Connecticut,L,Gray,Winter,4.4,Yes,PayPal,Store Pickup,Yes,49,Debit Card,6,Low,0,Adult,1,2,2.3064468575055805,-0.1137609007692878,Price-Sensitive Budget Shoppers,1,Normal
57,Male,Handbag,Accessories,46,Utah,L,Silver,Summer,3.9,Yes,Credit Card,Next Day Air,Yes,21,Cash,7,Medium,0,Middle_Aged,1,2,2.0818585174659447,0.08129146064366376,Family-Oriented Value Buyers,1,Normal
48,Male,Belt,Accessories,70,Tennessee,S,Cyan,Summer,4.4,Yes,Credit Card,Express,Yes,5,Cash,2,High,1,Adult,1,4,0.7718234211386452,1.8375725428325342,Deal-Driven Shoppers,1,Normal
22,Male,Belt,Accessories,29,Alabama,M,Magenta,Fall,4.2,Yes,Credit Card,Express,Yes,32,Debit Card,7,Low,0,Youth,1,6,2.290403273042711,-0.22825223298374675,Price-Sensitive Budget Shoppers,1,Normal
36,Male,Dress,Clothing,48,Virginia,L,Gold,Summer,2.9,Yes,Debit Card,Express,Yes,34,Bank Transfer,3,Medium,0,Adult,1,2,2.091423677755948,0.11295299027903842,Family-Oriented Value Buyers,1,Normal
18,Male,Dress,Clothing,26,Georgia,M,Olive,Winter,2.9,Yes,Debit Card,Store Pickup,Yes,21,Bank Transfer,7,Low,0,Youth,1,6,2.408822897258932,-0.4309117088428848,Price-Sensitive Budget Shoppers,-1,Anomaly
48,Male,Pants,Clothing,85,Hawaii,M,Teal,Spring,2.7,Yes,Debit Card,Free Shipping,Yes,43,Bank Transfer,5,Very_High,1,Adult,1,0,0.6709991285288134,2.1781102798556535,High-Value Premium Buyers,1,Normal
49,Male,Gloves,Accessories,58,Indiana,L,Violet,Spring,4.5,Yes,PayPal,Express,Yes,3,Cash,6,Medium,0,Adult,1,6,1.7842374240848111,0.3663304294178251,Family-Oriented Value Buyers,1,Normal
64,Male,Scarf,Accessories,85,Utah,M,Blue,Summer,2.7,Yes,Debit Card,Free Shipping,Yes,21,Credit Card,3,Very_High,1,Middle_Aged,1,0,0.6621285072112251,2.0983465876119274,High-Value Premium Buyers,1,Normal
50,Male,Hat,Accessories,43,Delaware,S,Teal,Summer,4.2,Yes,Bank Transfer,Free Shipping,Yes,32,Venmo,6,Medium,0,Adult,1,2,2.120559930733276,0.0772603888990106,Family-Oriented Value Buyers,1,Normal
22,Male,Dress,Clothing,53,Delaware,L,Gold,Summer,3.3,Yes,Debit Card,Next Day Air,Yes,36,Debit Card,1,Medium,0,Youth,1,6,1.9903592334687334,0.2772541998067293,Young Trend-Oriented Shoppers,1,Normal
50,Male,Skirt,Clothing,91,Nebraska,M,Maroon,Spring,4.7,Yes,Venmo,Free Shipping,Yes,50,Venmo,1,Very_High,1,Adult,1,0,0.45927965401848136,2.4691636817308753,High-Value Premium Buyers,1,Normal
38,Male,Jacket,Outerwear,96,Iowa,M,Olive,Winter,2.6,Yes,Bank Transfer,2-Day Shipping,Yes,43,Bank Transfer,7,Very_High,1,Adult,1,0,0.48387238631142854,2.4436045566850355,High-Value Premium Buyers,-1,Anomaly
19,Male,Sandals,Footwear,72,New York,XL,Blue,Summer,3.3,Yes,Credit Card,Store Pickup,Yes,24,Credit Card,7,High,1,Youth,1,4,0.7982812951913748,1.8747402207602482,Deal-Driven Shoppers,-1,Anomaly
67,Male,Shoes,Footwear,96,Virginia,L,Maroon,Summer,2.6,Yes,PayPal,Express,Yes,36,Credit Card,7,Very_High,1,Senior,1,0,0.5223399588961396,2.405856755260343,High-Value Premium Buyers,-1,Anomaly
19,Male,Pants,Clothing,28,Georgia,S,Olive,Spring,4.0,Yes,Bank Transfer,2-Day Shipping,Yes,21,Credit Card,7,Low,0,Youth,1,6,2.3086088956936206,-0.30782976883733953,Price-Sensitive Budget Shoppers,1,Normal
36,Male,Dress,Clothing,40,Texas,M,Turquoise,Summer,4.1,Yes,Debit Card,Standard,Yes,34,Bank Transfer,2,Medium,0,Adult,1,6,2.156184983162354,-0.01995254427415133,Family-Oriented Value Buyers,1,Normal
52,Male,Coat,Outerwear,32,Arizona,S,Peach,Spring,4.4,Yes,Cash,Standard,Yes,42,Bank Transfer,7,Low,0,Middle_Aged,1,2,2.3185404008575343,-0.15400326721272908,Price-Sensitive Budget Shoppers,1,Normal
53,Male,Sunglasses,Accessories,95,New Mexico,M,Charcoal,Winter,4.5,Yes,Credit Card,Next Day Air,Yes,2,Debit Card,5,Very_High,1,Middle_Aged,1,4,0.3173083050591784,2.4462043463867396,High-Value Premium Buyers,1,Normal
24,Male,Hoodie,Clothing,41,Nevada,L,Pink,Spring,3.7,Yes,Venmo,2-Day Shipping,Yes,47,Cash,5,Medium,0,Youth,1,2,2.1491876375800865,0.050912894366066816,Young Trend-Oriented Shoppers,1,Normal
52,Male,Shoes,Footwear,53,Ohio,M,Green,Fall,3.7,Yes,Debit Card,2-Day Shipping,Yes,44,Debit Card,1,Medium,0,Middle_Aged,1,2,1.967084910114572,0.324022914020778,Family-Oriented Value Buyers,1,Normal
33,Male,T-shirt,Clothing,47,Wyoming,M,Orange,Fall,3.5,Yes,Credit Card,Free Shipping,Yes,35,Credit Card,6,Medium,0,Young_Adult,1,6,2.013466314276473,0.15377755552602243,Young Trend-Oriented Shoppers,1,Normal
47,Male,Jacket,Outerwear,83,California,XL,Pink,Fall,3.6,Yes,Bank Transfer,Next Day Air,Yes,15,Cash,4,Very_High,1,Adult,1,4,0.6001857149952166,2.1065156855088496,High-Value Premium Buyers,1,Normal
25,Male,Hat,Accessories,48,South Carolina,L,Violet,Summer,2.9,Yes,Venmo,Express,Yes,29,Credit Card,6,Medium,0,Youth,1,6,2.080049241018373,0.12774435994959155,Young Trend-Oriented Shoppers,1,Normal
44,Male,Scarf,Accessories,99,South Carolina,S,Green,Winter,4.6,Yes,PayPal,Standard,Yes,18,Credit Card,7,Very_High,1,Adult,1,4,0.26557662535346743,2.594649911539543,High-Value Premium Buyers,1,Normal
61,Male,Jacket,Outerwear,87,Texas,M,Olive,Winter,4.4,Yes,Cash,2-Day Shipping,Yes,13,Venmo,7,Very_High,1,Middle_Aged,1,4,0.5007122124116654,2.2407698204283397,High-Value Premium Buyers,1,Normal
37,Male,Sweater,Clothing,62,Florida,M,Purple,Fall,4.5,Yes,PayPal,Standard,Yes,46,Credit Card,2,High,1,Adult,1,0,0.944190482029123,1.7428382356563556,Deal-Driven Shoppers,1,Normal
58,Male,Skirt,Clothing,76,Nevada,S,Silver,Spring,4.6,Yes,Bank Transfer,Free Shipping,Yes,28,Credit Card,2,High,1,Middle_Aged,1,0,0.6967747988325014,2.037110751680932,Deal-Driven Shoppers,1,Normal
37,Male,Sneakers,Footwear,100,Missouri,L,Pink,Fall,3.8,Yes,PayPal,Free Shipping,Yes,48,PayPal,6,Very_High,1,Adult,1,0,0.33684086688922393,2.6273803673923624,High-Value Premium Buyers,1,Normal
32,Male,Gloves,Accessories,73,Delaware,S,Gold,Spring,3.6,Yes,Venmo,Express,Yes,43,Venmo,7,High,1,Young_Adult,1,0,0.8295760003450962,1.9862822758733807,Deal-Driven Shoppers,1,Normal
21,Male,Shoes,Footwear,92,Virginia,M,Teal,Winter,4.8,Yes,PayPal,Store Pickup,Yes,37,Cash,3,Very_High,1,Youth,1,4,0.3710195642108942,2.4885194988546226,High-Value Premium Buyers,1,Normal
20,Male,Jeans,Clothing,67,New York,XL,Teal,Spring,2.6,Yes,Cash,Next Day Air,Yes,20,Bank Transfer,3,High,1,Youth,1,4,0.9260655397327527,1.7049488597386342,Deal-Driven Shoppers,1,Normal
26,Male,Hoodie,Clothing,40,Missouri,XL,Indigo,Summer,3.7,Yes,Cash,Express,Yes,33,Debit Card,4,Medium,0,Young_Adult,1,6,2.1695957041340512,-0.00239886935362698,Young Trend-Oriented Shoppers,1,Normal
62,Male,Sunglasses,Accessories,98,South Dakota,M,Maroon,Fall,2.7,Yes,PayPal,Express,Yes,31,Cash,1,Very_High,1,Middle_Aged,1,0,0.4386132774092189,2.4592901906297806,High-Value Premium Buyers,-1,Anomaly
27,Male,Coat,Outerwear,85,North Dakota,XL,White,Spring,4.6,Yes,Venmo,Express,Yes,50,Credit Card,5,Very_High,1,Young_Adult,1,4,0.5521173189341588,2.350141369398969,High-Value Premium Buyers,1,Normal
51,Male,Socks,Clothing,67,Oklahoma,L,Violet,Winter,4.8,Yes,Credit Card,Next Day Air,Yes,35,Credit Card,4,High,1,Middle_Aged,1,0,0.8385700260484874,1.8577570707552336,Deal-Driven Shoppers,1,Normal
54,Male,Boots,Footwear,89,West Virginia,L,Red,Winter,4.0,Yes,Debit Card,Next Day Air,Yes,22,Venmo,5,Very_High,1,Middle_Aged,1,0,0.5170971420946364,2.3005660313037763,High-Value Premium Buyers,1,Normal
55,Male,Sunglasses,Accessories,24,New Hampshire,L,Pink,Spring,4.4,Yes,Bank Transfer,2-Day Shipping,Yes,1,PayPal,6,Low,0,Middle_Aged,1,6,2.370413087524127,-0.48479765483299264,Price-Sensitive Budget Shoppers,1,Normal
69,Male,Backpack,Accessories,96,New York,M,Charcoal,Fall,3.6,Yes,Bank Transfer,Next Day Air,Yes,4,Bank Transfer,3,Very_High,1,Senior,1,0,0.38082951244666713,2.3870183824306253,High-Value Premium Buyers,1,Normal
64,Male,Jacket,Outerwear,35,Minnesota,L,White,Summer,3.7,Yes,Cash,Standard,Yes,31,Credit Card,6,Low,0,Middle_Aged,1,2,2.319574402189984,-0.18752576708055269,Price-Sensitive Budget Shoppers,1,Normal
28,Male,Sneakers,Footwear,67,Maryland,L,Olive,Winter,3.1,Yes,Cash,Next Day Air,Yes,46,PayPal,1,High,1,Young_Adult,1,0,0.977495172185238,1.795010943983069,Deal-Driven Shoppers,1,Normal
70,Male,Socks,Clothing,79,Montana,L,Purple,Spring,3.4,Yes,Bank Transfer,Next Day Air,Yes,32,Bank Transfer,5,High,1,Senior,1,0,0.7518523919447847,2.023054372698432,Deal-Driven Shoppers,1,Normal
58,Male,T-shirt,Clothing,85,Alabama,M,Violet,Spring,2.6,Yes,Cash,Next Day Air,Yes,43,Bank Transfer,1,Very_High,1,Middle_Aged,1,0,0.7063160916675916,2.172752675809787,High-Value Premium Buyers,1,Normal
56,Male,Backpack,Accessories,26,New York,M,Black,Summer,4.0,Yes,Bank Transfer,Standard,Yes,26,Venmo,1,Low,0,Middle_Aged,1,2,2.430683340485204,-0.38931436861741125,Price-Sensitive Budget Shoppers,1,Normal
26,Male,Belt,Accessories,75,Massachusetts,L,Purple,Summer,5.0,Yes,PayPal,Free Shipping,Yes,9,Credit Card,3,High,1,Young_Adult,1,4,0.626798403304313,1.995137612525621,Deal-Driven Shoppers,1,Normal
37,Male,Gloves,Accessories,65,Florida,M,Red,Spring,4.3,Yes,Credit Card,Free Shipping,Yes,28,PayPal,5,High,1,Adult,1,4,0.8710116587081546,1.7662207289172211,Deal-Driven Shoppers,1,Normal
44,Male,Hat,Accessories,54,New Jersey,L,Maroon,Winter,3.1,Yes,Debit Card,Next Day Air,Yes,20,PayPal,4,Medium,0,Adult,1,6,1.9693942396775599,0.2313886077160464,Family-Oriented Value Buyers,1,Normal
70,Male,Coat,Outerwear,95,Massachusetts,S,Blue,Summer,3.7,Yes,Venmo,Store Pickup,Yes,9,Cash,2,Very_High,1,Senior,1,0,0.43722247192451924,2.3836459584994127,High-Value Premium Buyers,-1,Anomaly
53,Male,Skirt,Clothing,94,Wyoming,M,Gray,Spring,3.8,Yes,Cash,Standard,Yes,48,Debit Card,7,Very_High,1,Middle_Aged,1,0,0.47373706590477677,2.488344141070842,High-Value Premium Buyers,1,Normal
55,Male,Shoes,Footwear,86,Virginia,S,Blue,Spring,3.4,Yes,PayPal,Free Shipping,Yes,12,Venmo,3,Very_High,1,Middle_Aged,1,0,0.572245669980233,2.162502744632339,High-Value Premium Buyers,1,Normal
50,Male,Sandals,Footwear,32,South Dakota,L,Yellow,Summer,4.6,Yes,Bank Transfer,Express,Yes,29,Cash,1,Low,0,Adult,1,2,2.281795366632077,-0.1949895145947503,Price-Sensitive Budget Shoppers,1,Normal
50,Male,Sweater,Clothing,45,Kentucky,L,Orange,Fall,4.8,Yes,Bank Transfer,2-Day Shipping,Yes,27,Cash,5,Medium,0,Adult,1,6,1.9960728672853962,0.13810961917921266,Family-Oriented Value Buyers,1,Normal
38,Male,Coat,Outerwear,76,Wyoming,M,Orange,Fall,4.3,Yes,Debit Card,Express,Yes,44,Cash,3,High,1,Adult,1,0,0.7219564390814549,2.067193623485558,Deal-Driven Shoppers,1,Normal
64,Male,Hat,Accessories,84,West Virginia,L,Red,Summer,4.0,Yes,PayPal,Express,Yes,32,Bank Transfer,3,Very_High,1,Middle_Aged,1,0,0.63870666998161,2.195361705747599,High-Value Premium Buyers,1,Normal
19,Male,Shorts,Clothing,72,Virginia,M,Olive,Winter,4.2,Yes,Cash,Standard,Yes,11,Cash,1,High,1,Youth,1,4,0.7110465099329188,1.8946267403171573,Deal-Driven Shoppers,1,Normal
40,Male,Backpack,Accessories,40,Washington,L,Brown,Spring,4.8,Yes,Credit Card,2-Day Shipping,Yes,44,Cash,1,Medium,0,Adult,1,2,2.130919329530684,0.07455680855813701,Family-Oriented Value Buyers,1,Normal
57,Male,Sweater,Clothing,89,Louisiana,L,Brown,Fall,3.1,Yes,Debit Card,Free Shipping,Yes,46,Cash,2,Very_High,1,Middle_Aged,1,0,0.5958387314999097,2.2931232447688563,High-Value Premium Buyers,1,Normal
44,Male,Sweater,Clothing,86,Nevada,M,Gray,Spring,3.1,Yes,PayPal,Next Day Air,Yes,50,PayPal,3,Very_High,1,Adult,1,0,0.6484223455654826,2.242959412387708,High-Value Premium Buyers,1,Normal
49,Male,Shorts,Clothing,54,California,M,Indigo,Winter,3.6,Yes,Cash,Next Day Air,Yes,45,Venmo,7,Medium,0,Adult,1,2,1.9767800682988155,0.3398486385871651,Family-Oriented Value Buyers,1,Normal
43,Male,Shorts,Clothing,36,Mississippi,L,Pink,Spring,3.9,Yes,Bank Transfer,Store Pickup,Yes,48,Cash,7,Low,0,Adult,1,2,2.2685103217158207,-0.07450129240896027,Price-Sensitive Budget Shoppers,1,Normal
24,Male,Sweater,Clothing,89,Mississippi,M,Gray,Winter,4.8,Yes,Venmo,Next Day Air,Yes,26,Credit Card,2,Very_High,1,Youth,1,4,0.40858228024311616,2.3881705943898845,High-Value Premium Buyers,1,Normal
20,Male,Scarf,Accessories,32,California,M,Gold,Spring,4.7,Yes,Venmo,Standard,Yes,21,Credit Card,1,Low,0,Youth,1,6,2.2061856736069085,-0.17490349329105764,Price-Sensitive Budget Shoppers,-1,Anomaly
24,Male,Dress,Clothing,67,Pennsylvania,XL,Olive,Summer,4.2,Yes,Cash,2-Day Shipping,Yes,49,PayPal,5,High,1,Youth,1,4,0.8680682255823123,1.8782972268502096,Deal-Driven Shoppers,1,Normal
44,Male,Scarf,Accessories,39,Kentucky,L,Violet,Fall,3.7,Yes,Credit Card,Next Day Air,Yes,13,PayPal,1,Low,0,Adult,1,6,2.161065730212858,-0.10226151517940885,Price-Sensitive Budget Shoppers,1,Normal
28,Male,Skirt,Clothing,29,Maine,L,Indigo,Summer,3.9,Yes,PayPal,Standard,Yes,46,Credit Card,2,Low,0,Young_Adult,1,2,2.3762799946995674,-0.2631132266597856,Price-Sensitive Budget Shoppers,1,Normal
30,Male,Backpack,Accessories,58,New Mexico,M,Orange,Fall,4.7,Yes,Bank Transfer,2-Day Shipping,Yes,42,PayPal,2,Medium,0,Young_Adult,1,6,1.786076345830642,0.5035495688615383,Young Trend-Oriented Shoppers,1,Normal
52,Male,Sweater,Clothing,65,Montana,M,Violet,Winter,2.5,Yes,Bank Transfer,Next Day Air,Yes,25,Venmo,3,High,1,Middle_Aged,1,0,1.0119957866438247,1.6330083286929546,Deal-Driven Shoppers,1,Normal
43,Male,Hat,Accessories,94,Texas,L,Gray,Fall,4.9,Yes,Credit Card,Store Pickup,Yes,25,Cash,6,Very_High,1,Adult,1,4,0.33628238961681456,2.5045112943512704,High-Value Premium Buyers,1,Normal
43,Male,Sandals,Footwear,81,Kansas,M,Purple,Fall,4.1,Yes,PayPal,Express,Yes,12,PayPal,4,High,1,Adult,1,4,0.5745791862923489,2.0830478737114753,High-Value Premium Buyers,1,Normal
39,Male,Blouse,Clothing,86,South Carolina,M,White,Winter,3.3,Yes,Credit Card,Free Shipping,Yes,4,Debit Card,4,Very_High,1,Adult,1,4,0.511263275347584,2.166313908642697,High-Value Premium Buyers,1,Normal
68,Male,Sneakers,Footwear,43,Colorado,M,Turquoise,Spring,4.7,Yes,Cash,Free Shipping,Yes,38,PayPal,2,Medium,0,Senior,1,2,2.110856563217642,0.092850030076898,Family-Oriented Value Buyers,1,Normal
68,Male,Skirt,Clothing,29,Georgia,M,Maroon,Winter,4.4,Yes,Cash,Store Pickup,Yes,42,Bank Transfer,2,Low,0,Senior,1,2,2.358710200229904,-0.23960485745635002,Price-Sensitive Budget Shoppers,1,Normal
49,Male,Coat,Outerwear,95,Florida,M,White,Fall,3.8,Yes,Debit Card,Store Pickup,Yes,30,Venmo,3,Very_High,1,Adult,1,0,0.42570846130987816,2.449069477693368,High-Value Premium Buyers,1,Normal
63,Male,Shirt,Clothing,28,North Carolina,L,Yellow,Fall,3.9,Yes,Bank Transfer,2-Day Shipping,Yes,50,Credit Card,2,Low,0,Middle_Aged,1,2,2.409126081416447,-0.27441471743960105,Price-Sensitive Budget Shoppers,1,Normal
56,Male,Gloves,Accessories,46,Virginia,M,Turquoise,Fall,4.9,Yes,PayPal,Free Shipping,Yes,45,PayPal,2,Medium,0,Middle_Aged,1,2,2.017995752756319,0.20802992268052523,Family-Oriented Value Buyers,1,Normal
37,Male,Jacket,Outerwear,58,Nebraska,L,Violet,Fall,3.1,Yes,PayPal,Free Shipping,Yes,33,Credit Card,1,Medium,0,Adult,1,2,1.8902713272883007,0.36380276944153156,Family-Oriented Value Buyers,1,Normal
30,Male,Coat,Outerwear,48,Missouri,M,Beige,Fall,2.7,Yes,Bank Transfer,Store Pickup,Yes,25,PayPal,4,Medium,0,Young_Adult,1,6,2.0706031843866586,0.08890142922714242,Young Trend-Oriented Shoppers,1,Normal
19,Male,Shoes,Footwear,43,New Jersey,M,Silver,Fall,3.2,Yes,Credit Card,Express,Yes,25,Cash,6,Medium,0,Youth,1,6,2.0907543597661395,0.01475362526527875,Young Trend-Oriented Shoppers,1,Normal
24,Male,Jewelry,Accessories,95,Missouri,M,Teal,Fall,4.5,Yes,Venmo,Standard,Yes,44,Debit Card,4,Very_High,1,Youth,1,4,0.3609178657948738,2.580205615878908,High-Value Premium Buyers,1,Normal
52,Male,Skirt,Clothing,30,Colorado,S,Black,Fall,4.0,Yes,Debit Card,Standard,Yes,21,Venmo,1,Low,0,Middle_Aged,1,2,2.3193556210546977,-0.2918418174117193,Price-Sensitive Budget Shoppers,1,Normal
63,Male,Shoes,Footwear,64,Idaho,M,Purple,Summer,3.5,Yes,Bank Transfer,2-Day Shipping,Yes,31,Bank Transfer,1,High,1,Middle_Aged,1,0,0.9948060046949939,1.6727241323885629,Deal-Driven Shoppers,1,Normal
37,Male,Gloves,Accessories,90,Wyoming,M,Gray,Fall,2.6,Yes,PayPal,Store Pickup,Yes,47,Debit Card,3,Very_High,1,Adult,1,0,0.583541355916903,2.3341844514446644,High-Value Premium Buyers,1,Normal
38,Male,Pants,Clothing,76,Delaware,M,White,Summer,3.2,Yes,Venmo,Free Shipping,Yes,14,PayPal,6,High,1,Adult,1,4,0.7332972739655902,1.919860114436669,Deal-Driven Shoppers,1,Normal
35,Male,Boots,Footwear,96,California,L,Cyan,Fall,4.9,Yes,Bank Transfer,Standard,Yes,17,Debit Card,7,Very_High,1,Young_Adult,1,4,0.29130242755876895,2.5338506602035062,High-Value Premium Buyers,1,Normal
28,Male,Sunglasses,Accessories,47,North Dakota,L,Turquoise,Fall,4.5,Yes,Debit Card,Next Day Air,Yes,3,Venmo,3,Medium,0,Young_Adult,1,6,1.947311220178442,0.10965040154965353,Young Trend-Oriented Shoppers,1,Normal
30,Male,Shirt,Clothing,85,South Carolina,S,Brown,Summer,4.3,Yes,PayPal,Express,Yes,42,Venmo,3,Very_High,1,Young_Adult,1,4,0.5637331618329663,2.29504882208692,High-Value Premium Buyers,1,Normal
69,Male,Hoodie,Clothing,55,North Carolina,M,Maroon,Winter,3.2,Yes,Debit Card,Standard,Yes,22,Debit Card,3,Medium,0,Senior,1,2,1.9569937798688077,0.2540627385488422,Family-Oriented Value Buyers,1,Normal
41,Male,Dress,Clothing,98,Oklahoma,M,Charcoal,Fall,3.6,Yes,Debit Card,Next Day Air,Yes,21,Venmo,4,Very_High,1,Adult,1,4,0.34571768845964046,2.4982325396830607,High-Value Premium Buyers,1,Normal
63,Male,Socks,Clothing,77,Maine,S,Olive,Spring,4.3,Yes,Cash,Free Shipping,Yes,21,Bank Transfer,4,High,1,Middle_Aged,1,0,0.6848697755739794,2.024355670632503,Deal-Driven Shoppers,1,Normal
35,Male,Shorts,Clothing,26,Missouri,M,Lavender,Fall,4.0,Yes,Venmo,Standard,Yes,40,Debit Card,3,Low,0,Young_Adult,1,2,2.382760367556623,-0.3065318581273229,Price-Sensitive Budget Shoppers,1,Normal
36,Male,Hat,Accessories,68,Vermont,S,Yellow,Fall,3.0,Yes,Debit Card,Next Day Air,Yes,1,Bank Transfer,1,High,1,Adult,1,4,0.8744434507371265,1.693758965441639,Deal-Driven Shoppers,1,Normal
25,Male,Shirt,Clothing,73,Connecticut,XL,Teal,Fall,4.1,Yes,Bank Transfer,Standard,Yes,50,Bank Transfer,6,High,1,Youth,1,0,0.7653777312982751,2.011585307360934,Deal-Driven Shoppers,1,Normal
58,Male,Gloves,Accessories,27,New Hampshire,M,Charcoal,Fall,3.8,Yes,Debit Card,Store Pickup,Yes,39,Bank Transfer,7,Low,0,Middle_Aged,1,2,2.4202593124819245,-0.3235760588257239,Price-Sensitive Budget Shoppers,1,Normal
27,Male,Gloves,Accessories,23,Texas,M,Orange,Summer,4.6,Yes,Bank Transfer,Free Shipping,Yes,34,Venmo,6,Low,0,Young_Adult,1,6,2.402635841997121,-0.37801974222289303,Price-Sensitive Budget Shoppers,1,Normal
65,Male,Backpack,Accessories,49,North Dakota,M,Olive,Fall,3.0,Yes,Venmo,Express,Yes,29,Venmo,1,Medium,0,Middle_Aged,1,2,2.0841689930266942,0.14045780160836108,Family-Oriented Value Buyers,1,Normal
54,Male,Sunglasses,Accessories,74,California,M,Turquoise,Summer,3.0,Yes,Credit Card,Store Pickup,Yes,31,PayPal,5,High,1,Middle_Aged,1,0,0.8417040258332189,1.8973160019492283,Deal-Driven Shoppers,1,Normal
54,Male,Skirt,Clothing,67,Virginia,M,Purple,Summer,3.4,Yes,PayPal,Standard,Yes,8,Debit Card,2,High,1,Middle_Aged,1,4,0.899392801354136,1.6788576236749417,Deal-Driven Shoppers,1,Normal
59,Male,Handbag,Accessories,65,Delaware,S,Purple,Spring,2.6,Yes,Debit Card,Free Shipping,Yes,5,Credit Card,1,High,1,Middle_Aged,1,0,0.9906845796673257,1.5837697323991125,Deal-Driven Shoppers,-1,Anomaly
42,Male,Handbag,Accessories,60,Kentucky,S,Yellow,Winter,2.8,Yes,Credit Card,Store Pickup,Yes,7,Cash,6,Medium,0,Adult,1,6,1.8366453922402133,0.3506864471656793,Deal-Driven Shoppers,1,Normal
46,Male,Sneakers,Footwear,31,Delaware,XL,Indigo,Fall,4.0,Yes,Cash,Store Pickup,Yes,30,Cash,6,Low,0,Adult,1,2,2.310257487716229,-0.22776123552490324,Price-Sensitive Budget Shoppers,1,Normal
33,Male,Gloves,Accessories,27,Arkansas,M,Green,Fall,4.0,Yes,Venmo,Express,Yes,14,Credit Card,7,Low,0,Young_Adult,1,6,2.309294604658243,-0.34136402136753546,Price-Sensitive Budget Shoppers,1,Normal
34,Male,Shoes,Footwear,80,Louisiana,M,Magenta,Summer,3.0,Yes,Bank Transfer,Express,Yes,5,Cash,1,High,1,Young_Adult,1,4,0.6724782900552815,1.975502736980976,High-Value Premium Buyers,1,Normal
27,Male,Jacket,Outerwear,30,Nevada,S,Gold,Summer,3.3,Yes,Credit Card,Standard,Yes,3,PayPal,7,Low,0,Young_Adult,1,6,2.313284340685955,-0.3676252574233716,Price-Sensitive Budget Shoppers,1,Normal
52,Male,Shirt,Clothing,25,Wyoming,M,Maroon,Fall,2.6,Yes,Venmo,Store Pickup,Yes,46,Venmo,5,Low,0,Middle_Aged,1,2,2.5135663861703472,-0.4119786169252804,Price-Sensitive Budget Shoppers,1,Normal
29,Male,Shorts,Clothing,35,Virginia,M,Blue,Summer,3.6,Yes,Debit Card,Store Pickup,Yes,4,Credit Card,2,Low,0,Young_Adult,1,6,2.2032078578551855,-0.24500136379911114,Price-Sensitive Budget Shoppers,1,Normal
54,Male,Jewelry,Accessories,67,Nebraska,M,Violet,Summer,3.9,Yes,Bank Transfer,Next Day Air,Yes,42,Credit Card,5,High,1,Middle_Aged,1,0,0.9331209345718158,1.8101042962594718,Deal-Driven Shoppers,1,Normal
25,Male,Hat,Accessories,46,Hawaii,M,Turquoise,Fall,3.4,Yes,PayPal,Standard,Yes,30,Cash,3,Medium,0,Youth,1,6,2.0584885800261983,0.09949152028387778,Young Trend-Oriented Shoppers,1,Normal
41,Male,Shoes,Footwear,35,Vermont,L,Brown,Winter,3.5,Yes,Venmo,Express,Yes,37,Venmo,3,Low,0,Adult,1,2,2.285463213963011,-0.13855125061167894,Price-Sensitive Budget Shoppers,1,Normal
53,Male,Coat,Outerwear,86,Oklahoma,L,Violet,Fall,2.8,Yes,Debit Card,Next Day Air,Yes,2,Bank Transfer,3,Very_High,1,Middle_Aged,1,4,0.6040554360105842,2.0830953576601283,High-Value Premium Buyers,1,Normal
53,Male,Backpack,Accessories,81,New Hampshire,L,Black,Spring,2.7,Yes,Bank Transfer,Next Day Air,Yes,30,Credit Card,4,High,1,Middle_Aged,1,0,0.7583438271358061,2.042921642756603,High-Value Premium Buyers,1,Normal
21,Male,Hoodie,Clothing,42,Kansas,L,Magenta,Fall,3.7,Yes,Debit Card,Next Day Air,Yes,47,Bank Transfer,6,Medium,0,Youth,1,6,2.1394872824669062,0.052737463659312755,Young Trend-Oriented Shoppers,1,Normal
61,Male,Skirt,Clothing,43,Idaho,L,Lavender,Fall,4.3,Yes,Debit Card,2-Day Shipping,Yes,21,PayPal,4,Medium,0,Middle_Aged,1,2,2.0657579751434296,0.023955447895537052,Family-Oriented Value Buyers,1,Normal
64,Male,Boots,Footwear,31,Illinois,M,Violet,Fall,4.9,Yes,Debit Card,Store Pickup,Yes,9,Bank Transfer,1,Low,0,Middle_Aged,1,6,2.226838218119007,-0.24954845854989854,Price-Sensitive Budget Shoppers,-1,Anomaly
51,Male,Sandals,Footwear,81,South Dakota,L,Green,Fall,3.3,Yes,Cash,Store Pickup,Yes,12,Debit Card,1,High,1,Middle_Aged,1,4,0.6610374168735692,2.056091248205152,High-Value Premium Buyers,1,Normal
32,Male,Pants,Clothing,61,Massachusetts,M,Beige,Summer,4.7,Yes,Venmo,Next Day Air,Yes,4,Bank Transfer,2,High,1,Young_Adult,1,4,0.8876206063982403,1.6265273401260893,Deal-Driven Shoppers,1,Normal
38,Male,Gloves,Accessories,96,Alabama,XL,Purple,Summer,2.8,Yes,Venmo,Store Pickup,Yes,10,Debit Card,3,Very_High,1,Adult,1,4,0.42610261596076854,2.3926448752168357,High-Value Premium Buyers,1,Normal
58,Male,Skirt,Clothing,29,Ohio,XL,Beige,Spring,3.6,Yes,Bank Transfer,2-Day Shipping,Yes,26,Credit Card,2,Low,0,Middle_Aged,1,2,2.3696320696173188,-0.3345855823137878,Price-Sensitive Budget Shoppers,1,Normal
32,Male,Sneakers,Footwear,33,Hawaii,L,Cyan,Spring,3.0,Yes,Cash,Express,Yes,40,Cash,1,Low,0,Young_Adult,1,2,2.369644579884343,-0.20535061092447032,Price-Sensitive Budget Shoppers,1,Normal
46,Male,T-shirt,Clothing,32,Wisconsin,XL,Silver,Summer,4.5,Yes,Bank Transfer,Store Pickup,Yes,34,Bank Transfer,1,Low,0,Adult,1,2,2.280340803662575,-0.17770210733212824,Price-Sensitive Budget Shoppers,1,Normal
39,Male,Backpack,Accessories,56,Minnesota,S,Lavender,Summer,2.9,Yes,Debit Card,Standard,Yes,31,Debit Card,3,Medium,0,Adult,1,2,1.972406745065472,0.313873481723643,Family-Oriented Value Buyers,1,Normal
19,Male,Shoes,Footwear,94,Georgia,S,Purple,Spring,3.3,Yes,Credit Card,Store Pickup,Yes,1,Bank Transfer,5,Very_High,1,Youth,1,4,0.36822036611938047,2.365272848379046,High-Value Premium Buyers,1,Normal
50,Male,Hoodie,Clothing,53,Arkansas,M,Pink,Spring,3.1,Yes,Credit Card,Express,Yes,5,Bank Transfer,5,Medium,0,Adult,1,6,1.9239765634038677,0.17134831448417634,Family-Oriented Value Buyers,1,Normal
36,Male,Blouse,Clothing,82,West Virginia,M,Maroon,Fall,4.4,Yes,Venmo,Next Day Air,Yes,4,Credit Card,2,Very_High,1,Adult,1,4,0.5099389333701395,2.1209914043437488,High-Value Premium Buyers,1,Normal
65,Male,Coat,Outerwear,70,Indiana,XL,Beige,Fall,3.0,Yes,Venmo,Free Shipping,Yes,48,Venmo,4,High,1,Middle_Aged,1,0,0.9492244381354199,1.8568552140939616,Deal-Driven Shoppers,1,Normal
64,Male,Hat,Accessories,76,Utah,M,Gray,Fall,3.9,Yes,Credit Card,Free Shipping,Yes,29,Cash,7,High,1,Middle_Aged,1,0,0.7241837138302087,2.0112046761583096,Deal-Driven Shoppers,1,Normal
46,Male,Shoes,Footwear,29,Nebraska,L,Turquoise,Summer,2.9,Yes,Venmo,Express,Yes,12,PayPal,5,Low,0,Adult,1,6,2.3949618410474454,-0.40332700602030874,Price-Sensitive Budget Shoppers,1,Normal
36,Male,Belt,Accessories,100,North Dakota,S,Silver,Fall,3.0,Yes,PayPal,Standard,Yes,29,Venmo,3,Very_High,1,Adult,1,0,0.36633774498404903,2.5435234664110515,High-Value Premium Buyers,1,Normal
51,Male,Backpack,Accessories,94,Missouri,M,Olive,Spring,3.1,Yes,Venmo,Express,Yes,15,Debit Card,4,Very_High,1,Middle_Aged,1,0,0.46427477237879644,2.369475757029379,High-Value Premium Buyers,1,Normal
51,Male,Jacket,Outerwear,25,New York,M,Magenta,Fall,4.3,Yes,Credit Card,Free Shipping,Yes,34,Credit Card,6,Low,0,Middle_Aged,1,2,2.3805086272939913,-0.3638159929743016,Price-Sensitive Budget Shoppers,1,Normal
38,Male,Boots,Footwear,88,Washington,M,Lavender,Summer,3.9,Yes,Cash,Next Day Air,Yes,41,Credit Card,1,Very_High,1,Adult,1,0,0.5557045997228672,2.3340842929645316,High-Value Premium Buyers,1,Normal
59,Male,Scarf,Accessories,78,South Carolina,M,Black,Fall,3.2,Yes,Debit Card,2-Day Shipping,Yes,41,Credit Card,6,High,1,Middle_Aged,1,0,0.765246620848098,2.0280325333436355,Deal-Driven Shoppers,1,Normal
57,Male,Jewelry,Accessories,45,Utah,M,Turquoise,Winter,4.8,Yes,Cash,Standard,Yes,39,Credit Card,1,Medium,0,Middle_Aged,1,2,2.0587059514087986,0.17319579099374321,Family-Oriented Value Buyers,1,Normal
54,Male,Hat,Accessories,73,Idaho,XL,Green,Summer,3.8,Yes,Debit Card,Express,Yes,32,Cash,2,High,1,Middle_Aged,1,0,0.8229597774804494,1.9278102966108028,Deal-Driven Shoppers,1,Normal
25,Male,Dress,Clothing,61,Pennsylvania,S,Teal,Summer,3.3,Yes,PayPal,Next Day Air,Yes,29,Venmo,6,High,1,Youth,1,4,1.0219081439191646,1.6236012385907508,Deal-Driven Shoppers,1,Normal
69,Male,Blouse,Clothing,22,Missouri,S,Beige,Fall,4.3,Yes,Bank Transfer,Free Shipping,Yes,15,Bank Transfer,3,Low,0,Senior,1,2,2.4146564348535344,-0.4809890782531151,Price-Sensitive Budget Shoppers,1,Normal
57,Male,Hat,Accessories,38,Nebraska,L,Magenta,Spring,2.7,Yes,Bank Transfer,Express,Yes,33,Venmo,3,Low,0,Middle_Aged,1,2,2.318725692778643,-0.15024983915915935,Price-Sensitive Budget Shoppers,1,Normal
70,Male,Scarf,Accessories,38,Indiana,S,Yellow,Fall,3.2,Yes,PayPal,Next Day Air,Yes,18,Bank Transfer,2,Low,0,Senior,1,2,2.2530781518603638,-0.15312205075673596,Price-Sensitive Budget Shoppers,1,Normal
24,Male,Sneakers,Footwear,100,Arizona,M,Yellow,Fall,4.0,Yes,PayPal,Store Pickup,Yes,35,Cash,5,Very_High,1,Youth,1,4,0.2721772369503928,2.6268239430300016,High-Value Premium Buyers,1,Normal
67,Male,Shirt,Clothing,64,Hawaii,M,Silver,Winter,3.0,Yes,Bank Transfer,Standard,Yes,25,PayPal,2,High,1,Senior,1,0,1.0140986290409542,1.6184376847947197,Deal-Driven Shoppers,1,Normal
24,Male,T-shirt,Clothing,55,Wisconsin,L,Silver,Summer,4.2,Yes,Venmo,Free Shipping,Yes,6,Venmo,1,Medium,0,Youth,1,6,1.824463764473308,0.2991920053239698,Young Trend-Oriented Shoppers,1,Normal
62,Male,Gloves,Accessories,91,Rhode Island,M,Silver,Summer,2.9,Yes,Venmo,Express,Yes,17,Bank Transfer,5,Very_High,1,Middle_Aged,1,0,0.5365059179462573,2.266754958723917,High-Value Premium Buyers,1,Normal
57,Male,Skirt,Clothing,38,Wisconsin,M,Gold,Spring,4.1,Yes,Cash,Store Pickup,Yes,17,Credit Card,6,Low,0,Middle_Aged,1,2,2.1673856204315984,-0.10891593392365412,Price-Sensitive Budget Shoppers,1,Normal
55,Male,Sandals,Footwear,97,Minnesota,S,Olive,Winter,3.2,Yes,Bank Transfer,Store Pickup,Yes,44,Cash,7,Very_High,1,Middle_Aged,1,0,0.4591512928842257,2.5173044648541696,High-Value Premium Buyers,1,Normal
45,Male,Jacket,Outerwear,22,Vermont,L,Teal,Fall,3.0,Yes,Venmo,2-Day Shipping,Yes,6,PayPal,1,Low,0,Adult,1,6,2.482018993276065,-0.5877443199481985,Price-Sensitive Budget Shoppers,1,Normal
69,Male,Skirt,Clothing,92,South Dakota,L,Maroon,Fall,4.2,Yes,Venmo,2-Day Shipping,Yes,45,Debit Card,1,Very_High,1,Senior,1,0,0.47809643479476716,2.4515959148894595,High-Value Premium Buyers,-1,Anomaly
67,Male,Handbag,Accessories,84,Virginia,L,Blue,Fall,4.2,Yes,Venmo,Express,Yes,7,Debit Card,3,Very_High,1,Senior,1,0,0.5559276144737215,2.15625255199301,High-Value Premium Buyers,1,Normal
30,Male,Handbag,Accessories,93,Nevada,L,Peach,Fall,4.4,Yes,Cash,Store Pickup,Yes,11,Debit Card,7,Very_High,1,Young_Adult,1,4,0.35880616996712555,2.4251903137360484,High-Value Premium Buyers,1,Normal
24,Male,Jacket,Outerwear,50,Hawaii,L,Blue,Summer,4.2,Yes,Cash,Next Day Air,Yes,41,Cash,7,Medium,0,Youth,1,6,2.0019393352929087,0.26200220200914615,Young Trend-Oriented Shoppers,1,Normal
62,Male,Scarf,Accessories,64,New Jersey,S,Orange,Spring,2.8,Yes,Bank Transfer,2-Day Shipping,Yes,24,PayPal,5,High,1,Middle_Aged,1,0,1.01981325537518,1.6296641501387839,Deal-Driven Shoppers,1,Normal
43,Male,Shorts,Clothing,61,Massachusetts,L,Yellow,Spring,3.7,Yes,Cash,Free Shipping,Yes,21,Venmo,2,High,1,Adult,1,4,0.9996893404859537,1.6036833345951798,Deal-Driven Shoppers,1,Normal
35,Male,Sunglasses,Accessories,48,Oklahoma,M,Purple,Winter,3.5,Yes,Venmo,Next Day Air,Yes,24,Bank Transfer,3,Medium,0,Young_Adult,1,6,2.021588281962297,0.1477754407580944,Family-Oriented Value Buyers,1,Normal
28,Male,T-shirt,Clothing,45,California,S,Magenta,Spring,2.9,Yes,Credit Card,Store Pickup,Yes,8,Credit Card,4,Medium,0,Young_Adult,1,6,2.0634522664981394,0.004871584820940265,Young Trend-Oriented Shoppers,1,Normal
32,Male,Belt,Accessories,88,Nevada,M,Cyan,Spring,3.0,Yes,Venmo,Free Shipping,Yes,12,Cash,1,Very_High,1,Young_Adult,1,4,0.53158673385158,2.2115935526553097,High-Value Premium Buyers,1,Normal
39,Male,Sneakers,Footwear,57,Arizona,S,Indigo,Spring,3.7,Yes,Debit Card,Express,Yes,48,Debit Card,1,Medium,0,Adult,1,2,1.9320341349193864,0.4462973018671783,Family-Oriented Value Buyers,1,Normal
28,Male,Hat,Accessories,68,North Carolina,XL,Magenta,Summer,4.4,Yes,Debit Card,Store Pickup,Yes,6,Bank Transfer,4,High,1,Young_Adult,1,4,0.7912903341179668,1.7842225239840095,Deal-Driven Shoppers,1,Normal
47,Male,Gloves,Accessories,94,New York,XL,Gray,Spring,4.5,Yes,Venmo,2-Day Shipping,Yes,14,PayPal,1,Very_High,1,Adult,1,4,0.3541051589605977,2.4421312861068527,High-Value Premium Buyers,1,Normal
20,Male,Pants,Clothing,41,Wyoming,M,Turquoise,Spring,4.8,Yes,Venmo,Free Shipping,Yes,34,PayPal,3,Medium,0,Youth,1,6,2.0495986154542414,0.07846019760655576,Young Trend-Oriented Shoppers,1,Normal
63,Male,Socks,Clothing,83,South Dakota,S,Beige,Summer,2.9,Yes,PayPal,Free Shipping,Yes,12,Cash,7,Very_High,1,Middle_Aged,1,0,0.6565760153422766,2.0511460629694396,High-Value Premium Buyers,1,Normal
25,Male,Jacket,Outerwear,22,Arkansas,M,Olive,Spring,3.2,Yes,Debit Card,Next Day Air,Yes,11,Bank Transfer,3,Low,0,Youth,1,6,2.4777725818295337,-0.5694787836851845,Price-Sensitive Budget Shoppers,1,Normal
29,Male,Shoes,Footwear,74,Texas,L,Violet,Spring,3.3,Yes,Cash,Free Shipping,Yes,5,PayPal,6,High,1,Young_Adult,1,4,0.7431346466118464,1.8572557830674945,Deal-Driven Shoppers,1,Normal
50,Male,Jeans,Clothing,90,Rhode Island,M,Turquoise,Winter,4.2,Yes,Venmo,Standard,Yes,25,Venmo,1,Very_High,1,Adult,1,0,0.471320202825044,2.350453891512881,High-Value Premium Buyers,1,Normal
18,Male,Socks,Clothing,79,New Hampshire,M,White,Spring,2.9,Yes,Credit Card,Store Pickup,Yes,11,Credit Card,3,High,1,Youth,1,4,0.6586853553633141,1.984975977707358,Deal-Driven Shoppers,1,Normal
70,Male,Sandals,Footwear,28,Ohio,S,Silver,Spring,4.6,Yes,Cash,Next Day Air,Yes,27,PayPal,7,Low,0,Senior,1,2,2.369772340756798,-0.2929416760046296,Price-Sensitive Budget Shoppers,-1,Anomaly
66,Male,Scarf,Accessories,88,Utah,L,Olive,Fall,4.1,Yes,Venmo,Standard,Yes,43,Credit Card,3,Very_High,1,Senior,1,0,0.5598565433233526,2.339107284450291,High-Value Premium Buyers,1,Normal
28,Male,Blouse,Clothing,26,Tennessee,M,Blue,Spring,3.1,Yes,Bank Transfer,2-Day Shipping,Yes,18,Debit Card,7,Low,0,Young_Adult,1,6,2.395569041161748,-0.43757111545068667,Price-Sensitive Budget Shoppers,1,Normal
54,Male,Jewelry,Accessories,27,Hawaii,L,Purple,Winter,4.2,Yes,Bank Transfer,Express,Yes,32,Bank Transfer,5,Low,0,Middle_Aged,1,2,2.387355208623926,-0.3123867081044298,Price-Sensitive Budget Shoppers,1,Normal
19,Male,Sweater,Clothing,83,Arizona,XL,Yellow,Fall,4.5,Yes,PayPal,Next Day Air,Yes,27,Bank Transfer,7,Very_High,1,Youth,1,4,0.5196811952715703,2.2240456606990993,High-Value Premium Buyers,-1,Anomaly
20,Male,Gloves,Accessories,39,South Dakota,S,Silver,Summer,3.7,Yes,PayPal,Next Day Air,Yes,24,Credit Card,2,Low,0,Youth,1,6,2.174287371626724,-0.06234004215557262,Price-Sensitive Budget Shoppers,1,Normal
43,Male,Sunglasses,Accessories,89,New Jersey,M,Cyan,Winter,3.7,Yes,Cash,Free Shipping,Yes,31,Debit Card,4,Very_High,1,Adult,1,0,0.5118727761073396,2.3355054223991223,High-Value Premium Buyers,1,Normal
38,Male,Coat,Outerwear,68,North Dakota,L,Green,Winter,3.4,Yes,Debit Card,Next Day Air,Yes,39,PayPal,1,High,1,Adult,1,0,0.9410928084288775,1.8011301090831833,Deal-Driven Shoppers,1,Normal
50,Male,Dress,Clothing,90,Iowa,M,Beige,Summer,3.0,Yes,Venmo,Store Pickup,Yes,36,Debit Card,1,Very_High,1,Adult,1,0,0.5777111383354907,2.3210071318010552,High-Value Premium Buyers,1,Normal
64,Male,Skirt,Clothing,34,Ohio,M,Peach,Fall,4.2,Yes,Debit Card,Free Shipping,Yes,5,Cash,3,Low,0,Middle_Aged,1,6,2.1852736967547663,-0.24488352980530415,Price-Sensitive Budget Shoppers,1,Normal
49,Male,Pants,Clothing,51,Vermont,L,Yellow,Summer,2.9,Yes,PayPal,Express,Yes,47,Credit Card,5,Medium,0,Adult,1,2,2.0763298433352073,0.2148235591858772,Family-Oriented Value Buyers,1,Normal
47,Male,Sweater,Clothing,45,Montana,XL,Turquoise,Winter,3.5,Yes,Credit Card,Free Shipping,Yes,29,Bank Transfer,1,Medium,0,Adult,1,2,2.0823654502148607,0.0768357201910146,Family-Oriented Value Buyers,1,Normal
36,Male,Hoodie,Clothing,88,Delaware,M,Peach,Winter,4.1,Yes,PayPal,Free Shipping,Yes,43,Venmo,5,Very_High,1,Adult,1,0,0.5047412287376214,2.344059581711324,High-Value Premium Buyers,1,Normal
55,Male,Coat,Outerwear,85,New York,L,Gray,Summer,4.3,Yes,Credit Card,Store Pickup,Yes,40,Debit Card,7,Very_High,1,Middle_Aged,1,0,0.6122764038424283,2.27567622141404,High-Value Premium Buyers,1,Normal
25,Male,Jewelry,Accessories,100,Kentucky,M,Olive,Winter,2.8,Yes,Credit Card,2-Day Shipping,Yes,4,Debit Card,6,Very_High,1,Youth,1,4,0.30719309936697853,2.4753068123312056,High-Value Premium Buyers,-1,Anomaly
53,Male,Belt,Accessories,42,Oregon,S,Indigo,Spring,4.9,Yes,Debit Card,2-Day Shipping,Yes,39,PayPal,2,Medium,0,Middle_Aged,1,2,2.107805021908079,0.09856029318644012,Family-Oriented Value Buyers,1,Normal
49,Male,Sandals,Footwear,53,Rhode Island,L,Charcoal,Summer,3.3,Yes,Cash,Next Day Air,Yes,45,Venmo,1,Medium,0,Adult,1,2,2.0491721414044575,0.2853056031828246,Family-Oriented Value Buyers,1,Normal
35,Male,Sunglasses,Accessories,86,Nevada,XL,Beige,Spring,3.2,Yes,Credit Card,Express,Yes,20,Venmo,5,Very_High,1,Young_Adult,1,4,0.575041230011125,2.203566425929263,High-Value Premium Buyers,1,Normal
29,Male,Sweater,Clothing,66,Montana,XL,Brown,Spring,4.4,Yes,Credit Card,Standard,Yes,14,Debit Card,2,High,1,Young_Adult,1,4,0.8273926812594922,1.764483784264112,Deal-Driven Shoppers,1,Normal
47,Male,Belt,Accessories,100,Pennsylvania,M,Blue,Winter,4.8,Yes,Venmo,Express,Yes,33,PayPal,2,Very_High,1,Adult,1,0,0.26314233342074766,2.659503082448974,High-Value Premium Buyers,1,Normal
53,Male,Handbag,Accessories,47,Alaska,S,Teal,Fall,4.2,Yes,Cash,Standard,Yes,18,Credit Card,3,Medium,0,Middle_Aged,1,6,1.9967296402370527,0.14785043485681604,Family-Oriented Value Buyers,1,Normal
33,Male,Skirt,Clothing,25,Mississippi,L,Black,Fall,4.0,Yes,Debit Card,Express,Yes,9,Bank Transfer,2,Low,0,Young_Adult,1,6,2.352112032133667,-0.44079313374795287,Price-Sensitive Budget Shoppers,1,Normal
21,Male,Handbag,Accessories,51,Wyoming,XL,Gold,Winter,2.5,Yes,PayPal,Standard,Yes,34,PayPal,3,Medium,0,Youth,1,6,2.033211303487749,0.1773262470509729,Young Trend-Oriented Shoppers,1,Normal
32,Male,Shorts,Clothing,41,Delaware,M,Violet,Summer,3.9,Yes,Cash,Free Shipping,Yes,33,Venmo,1,Medium,0,Young_Adult,1,6,2.1388780210433684,0.01316669441581935,Young Trend-Oriented Shoppers,1,Normal
52,Male,Boots,Footwear,73,Oklahoma,L,Cyan,Winter,4.9,Yes,PayPal,2-Day Shipping,Yes,15,Bank Transfer,5,High,1,Middle_Aged,1,4,0.6910749364347676,1.9526635143700584,Deal-Driven Shoppers,1,Normal
67,Male,Sunglasses,Accessories,42,Indiana,M,White,Winter,3.5,Yes,Credit Card,Store Pickup,Yes,4,PayPal,5,Medium,0,Senior,1,2,2.116436155642833,-0.06845529447674402,Family-Oriented Value Buyers,1,Normal
43,Male,Scarf,Accessories,20,Maryland,M,Charcoal,Spring,4.2,Yes,Debit Card,Free Shipping,Yes,25,Debit Card,3,Low,0,Adult,1,6,2.4829275826246215,-0.5020751027064111,Price-Sensitive Budget Shoppers,1,Normal
58,Male,Jewelry,Accessories,30,South Dakota,XL,Violet,Spring,4.7,Yes,Venmo,Express,Yes,20,Credit Card,7,Low,0,Middle_Aged,1,2,2.281226317829421,-0.23621889420865427,Price-Sensitive Budget Shoppers,1,Normal
20,Male,Handbag,Accessories,53,West Virginia,M,Red,Summer,4.5,Yes,PayPal,Express,Yes,5,Credit Card,4,Medium,0,Youth,1,6,1.824976738497834,0.2700750440450461,Young Trend-Oriented Shoppers,1,Normal
61,Male,Gloves,Accessories,74,Alabama,S,Lavender,Spring,2.8,Yes,Venmo,Express,Yes,16,Cash,4,High,1,Middle_Aged,1,0,0.8384993339595933,1.8673103392538053,Deal-Driven Shoppers,1,Normal
32,Male,Jeans,Clothing,57,Louisiana,M,Gold,Fall,2.9,Yes,Credit Card,Standard,Yes,13,Debit Card,3,Medium,0,Young_Adult,1,6,1.855552868751549,0.2998980443463063,Young Trend-Oriented Shoppers,1,Normal
38,Male,Hat,Accessories,57,Montana,S,Red,Winter,3.2,Yes,Bank Transfer,2-Day Shipping,Yes,11,Credit Card,7,Medium,0,Adult,1,6,1.8603739451350068,0.3199900578643044,Family-Oriented Value Buyers,1,Normal
21,Male,Jeans,Clothing,77,California,L,Magenta,Winter,4.9,Yes,Cash,Standard,Yes,21,Credit Card,3,High,1,Youth,1,4,0.6037712235054187,2.081025218753193,Deal-Driven Shoppers,1,Normal
37,Male,Pants,Clothing,40,Hawaii,M,Teal,Summer,3.7,Yes,Cash,Next Day Air,Yes,6,Debit Card,3,Medium,0,Adult,1,6,2.1338470190908767,-0.09070655062968144,Family-Oriented Value Buyers,1,Normal
27,Male,Shorts,Clothing,46,Iowa,M,Purple,Summer,4.3,Yes,Credit Card,Store Pickup,Yes,29,Venmo,6,Medium,0,Young_Adult,1,6,2.012303845968313,0.1543721472231891,Young Trend-Oriented Shoppers,1,Normal
36,Male,Pants,Clothing,78,Colorado,S,Charcoal,Fall,3.9,Yes,Venmo,Store Pickup,Yes,15,Cash,3,High,1,Adult,1,4,0.6417663750521462,2.0462804235869623,Deal-Driven Shoppers,1,Normal
32,Male,Backpack,Accessories,59,Michigan,M,Gray,Spring,3.2,Yes,Venmo,2-Day Shipping,Yes,17,Bank Transfer,5,Medium,0,Young_Adult,1,6,1.8191728611516682,0.37701571011914925,Young Trend-Oriented Shoppers,1,Normal
51,Male,Jewelry,Accessories,75,Louisiana,L,White,Summer,3.1,Yes,Cash,Express,Yes,32,Credit Card,2,High,1,Middle_Aged,1,0,0.8433699651135945,1.9366855485681713,Deal-Driven Shoppers,1,Normal
64,Male,Sweater,Clothing,54,Maryland,M,Olive,Spring,3.9,Yes,Venmo,2-Day Shipping,Yes,42,Venmo,3,Medium,0,Middle_Aged,1,2,1.962689889557823,0.329966178925209,Family-Oriented Value Buyers,1,Normal
68,Male,Shoes,Footwear,42,Georgia,M,Charcoal,Spring,2.6,Yes,Venmo,Store Pickup,Yes,21,Cash,6,Medium,0,Senior,1,2,2.2235424098498218,-0.08968860057315134,Family-Oriented Value Buyers,1,Normal
68,Male,Blouse,Clothing,44,Georgia,M,Charcoal,Winter,3.3,Yes,PayPal,Next Day Air,Yes,9,Cash,5,Medium,0,Senior,1,2,2.097322382124759,-0.040791783286107594,Family-Oriented Value Buyers,1,Normal
33,Male,Jeans,Clothing,52,North Dakota,XL,Orange,Fall,4.6,Yes,Debit Card,Free Shipping,Yes,16,Bank Transfer,3,Medium,0,Young_Adult,1,6,1.8364528804965095,0.28125126609531836,Young Trend-Oriented Shoppers,1,Normal
65,Male,Sunglasses,Accessories,69,Maryland,XL,Yellow,Summer,4.6,Yes,Credit Card,Express,Yes,42,Credit Card,1,High,1,Middle_Aged,1,0,0.8662867119740477,1.9061894545720623,Deal-Driven Shoppers,1,Normal
48,Male,Jewelry,Accessories,26,Oregon,M,Beige,Summer,4.4,Yes,PayPal,2-Day Shipping,Yes,37,Debit Card,5,Low,0,Adult,1,2,2.393355099619179,-0.3140470828844937,Price-Sensitive Budget Shoppers,1,Normal
69,Male,Coat,Outerwear,33,North Dakota,S,Silver,Spring,4.2,Yes,Cash,Express,Yes,32,Debit Card,4,Low,0,Senior,1,2,2.325214633222657,-0.16414152683996208,Price-Sensitive Budget Shoppers,1,Normal
59,Male,Jewelry,Accessories,32,Maryland,M,Indigo,Spring,3.0,Yes,Credit Card,Express,Yes,28,Cash,5,Low,0,Middle_Aged,1,2,2.3688679592490103,-0.28402494187782085,Price-Sensitive Budget Shoppers,1,Normal
48,Male,Backpack,Accessories,85,Virginia,XL,Lavender,Winter,4.0,Yes,Debit Card,Express,Yes,13,Credit Card,2,Very_High,1,Adult,1,4,0.5459750736506169,2.1866656220232557,High-Value Premium Buyers,1,Normal
25,Male,Skirt,Clothing,30,South Dakota,XL,Turquoise,Fall,3.5,Yes,Debit Card,Express,Yes,11,Bank Transfer,1,Low,0,Youth,1,6,2.2850727140057407,-0.33217727400223507,Price-Sensitive Budget Shoppers,1,Normal
29,Male,Shirt,Clothing,29,Georgia,M,Green,Winter,3.0,Yes,Credit Card,Store Pickup,Yes,36,Bank Transfer,5,Low,0,Young_Adult,1,6,2.3643656886699422,-0.2984430989430651,Price-Sensitive Budget Shoppers,1,Normal
57,Male,Sweater,Clothing,95,Hawaii,M,Orange,Spring,3.7,Yes,Bank Transfer,Express,Yes,23,Debit Card,3,Very_High,1,Middle_Aged,1,0,0.42380247652868147,2.431903491710889,High-Value Premium Buyers,1,Normal
23,Male,Sneakers,Footwear,69,Arkansas,L,Turquoise,Summer,4.0,Yes,Credit Card,Standard,Yes,37,Bank Transfer,6,High,1,Youth,1,4,0.8600202307691732,1.8653868392996404,Deal-Driven Shoppers,1,Normal
45,Male,Sandals,Footwear,69,Montana,S,Cyan,Fall,4.2,Yes,Debit Card,2-Day Shipping,Yes,21,Cash,5,High,1,Adult,1,4,0.7928105780496323,1.8391262598267357,Deal-Driven Shoppers,1,Normal
38,Male,Belt,Accessories,61,Oklahoma,XL,Charcoal,Spring,2.5,Yes,Bank Transfer,Standard,Yes,22,Debit Card,5,High,1,Adult,1,4,1.0730082544400208,1.552399811869848,Deal-Driven Shoppers,1,Normal
21,Male,Skirt,Clothing,94,Minnesota,M,Teal,Summer,3.0,Yes,Debit Card,2-Day Shipping,Yes,9,Cash,6,Very_High,1,Youth,1,4,0.40721970368562527,2.3238805293498297,High-Value Premium Buyers,1,Normal
32,Male,Sweater,Clothing,30,Montana,S,Maroon,Fall,3.2,Yes,Debit Card,Next Day Air,Yes,16,Venmo,3,Low,0,Young_Adult,1,6,2.3341789354566203,-0.33590815085141124,Price-Sensitive Budget Shoppers,1,Normal
63,Male,Skirt,Clothing,45,Ohio,M,Red,Summer,3.5,Yes,PayPal,Standard,Yes,4,PayPal,4,Medium,0,Middle_Aged,1,2,2.072720879156721,-0.034409208418538284,Family-Oriented Value Buyers,1,Normal
29,Male,Handbag,Accessories,39,Kentucky,XL,Yellow,Summer,4.8,Yes,Credit Card,Express,Yes,3,Debit Card,5,Low,0,Young_Adult,1,6,2.053457096351725,-0.042572852757023966,Price-Sensitive Budget Shoppers,1,Normal
27,Male,Jewelry,Accessories,51,Nebraska,L,Gray,Summer,2.6,Yes,Cash,Store Pickup,Yes,6,Debit Card,3,Medium,0,Young_Adult,1,6,2.01427924104069,0.1183105263539229,Young Trend-Oriented Shoppers,1,Normal
56,Male,Scarf,Accessories,37,Delaware,L,Blue,Spring,3.4,Yes,Cash,2-Day Shipping,Yes,18,Venmo,1,Low,0,Middle_Aged,1,2,2.26379084126443,-0.17308269733460832,Price-Sensitive Budget Shoppers,1,Normal
30,Male,T-shirt,Clothing,62,North Carolina,M,Lavender,Winter,3.7,Yes,Credit Card,2-Day Shipping,Yes,34,Venmo,5,High,1,Young_Adult,1,4,0.9445082411739407,1.6903062802672637,Deal-Driven Shoppers,1,Normal
49,Male,Coat,Outerwear,85,New York,M,Yellow,Fall,4.5,Yes,Debit Card,2-Day Shipping,Yes,26,Credit Card,6,Very_High,1,Adult,1,4,0.5263188478110764,2.2311285214225487,High-Value Premium Buyers,1,Normal
58,Male,T-shirt,Clothing,33,Colorado,M,Indigo,Winter,3.7,Yes,Bank Transfer,Standard,Yes,50,PayPal,2,Low,0,Middle_Aged,1,2,2.3431268750854315,-0.17319459185868483,Price-Sensitive Budget Shoppers,1,Normal
57,Male,Dress,Clothing,26,Delaware,XL,Violet,Fall,3.3,Yes,Credit Card,Next Day Air,Yes,40,Bank Transfer,6,Low,0,Middle_Aged,1,2,2.453179178773238,-0.369039558731516,Price-Sensitive Budget Shoppers,1,Normal
60,Male,Shoes,Footwear,99,Utah,M,Green,Spring,4.7,Yes,Credit Card,Free Shipping,Yes,24,Cash,4,Very_High,1,Middle_Aged,1,0,0.2701927545210593,2.596213753141005,High-Value Premium Buyers,1,Normal
69,Male,Handbag,Accessories,39,Connecticut,M,White,Spring,2.7,Yes,PayPal,Express,Yes,33,PayPal,3,Low,0,Senior,1,2,2.293699575880652,-0.14168295340256634,Price-Sensitive Budget Shoppers,1,Normal
70,Male,Skirt,Clothing,20,New Jersey,M,Gold,Spring,4.6,Yes,Cash,Store Pickup,Yes,19,Credit Card,7,Low,0,Senior,1,2,2.465619200348656,-0.5132385272688753,Price-Sensitive Budget Shoppers,-1,Anomaly
53,Male,Sunglasses,Accessories,42,West Virginia,M,Indigo,Winter,2.7,Yes,Venmo,Store Pickup,Yes,24,Credit Card,4,Medium,0,Middle_Aged,1,2,2.1943790745217786,-0.05156294325686499,Family-Oriented Value Buyers,1,Normal
25,Male,Sandals,Footwear,74,Indiana,S,Lavender,Spring,4.8,Yes,PayPal,2-Day Shipping,Yes,19,Credit Card,2,High,1,Youth,1,4,0.6679717799608194,1.9957431366213776,Deal-Driven Shoppers,1,Normal
48,Male,Shoes,Footwear,26,Delaware,XL,Purple,Summer,4.4,Yes,Bank Transfer,Standard,Yes,4,Credit Card,5,Low,0,Adult,1,6,2.3313405528625966,-0.4127657623061657,Price-Sensitive Budget Shoppers,1,Normal
69,Male,T-shirt,Clothing,53,Maryland,M,Lavender,Winter,4.0,Yes,Cash,Standard,Yes,11,Venmo,7,Medium,0,Senior,1,2,1.9200220842729232,0.23134973237771655,Family-Oriented Value Buyers,1,Normal
25,Male,Sneakers,Footwear,80,Pennsylvania,M,Maroon,Summer,3.2,Yes,Credit Card,Next Day Air,Yes,28,PayPal,1,High,1,Youth,1,4,0.6933959832895384,2.0652319393132545,High-Value Premium Buyers,1,Normal
29,Male,Hat,Accessories,98,Iowa,M,Teal,Spring,4.4,Yes,Cash,Store Pickup,Yes,24,PayPal,2,Very_High,1,Young_Adult,1,4,0.3076849849082901,2.569337641121143,High-Value Premium Buyers,1,Normal
46,Male,Skirt,Clothing,95,Pennsylvania,M,Green,Spring,3.8,Yes,Debit Card,Standard,Yes,25,Credit Card,7,Very_High,1,Adult,1,0,0.39487168807532713,2.4381805058360246,High-Value Premium Buyers,1,Normal
37,Male,Sweater,Clothing,44,Delaware,L,Olive,Summer,3.6,Yes,Venmo,Express,Yes,27,Bank Transfer,7,Medium,0,Adult,1,6,2.112397784851348,0.05019154880197513,Family-Oriented Value Buyers,1,Normal
20,Male,Sandals,Footwear,60,Oregon,M,Turquoise,Summer,3.3,Yes,Cash,Next Day Air,Yes,49,Venmo,2,Medium,0,Youth,1,2,1.8918313891874412,0.4779055413905702,Deal-Driven Shoppers,1,Normal
40,Male,Dress,Clothing,84,Oregon,M,Green,Winter,3.4,Yes,Venmo,Next Day Air,Yes,45,Credit Card,5,Very_High,1,Adult,1,0,0.6250828132288542,2.235417284502476,High-Value Premium Buyers,1,Normal
60,Male,Sweater,Clothing,59,Utah,M,Teal,Fall,3.5,Yes,Debit Card,2-Day Shipping,Yes,26,PayPal,3,Medium,0,Middle_Aged,1,2,1.8423386166287854,0.3814878183481458,Family-Oriented Value Buyers,1,Normal
26,Male,Jacket,Outerwear,49,North Dakota,S,White,Summer,3.6,Yes,Debit Card,Express,Yes,4,Cash,3,Medium,0,Young_Adult,1,6,1.9733244699551387,0.11306925090196829,Young Trend-Oriented Shoppers,1,Normal
29,Male,Gloves,Accessories,32,Florida,M,Orange,Winter,3.2,Yes,Cash,Free Shipping,Yes,3,Credit Card,7,Low,0,Young_Adult,1,6,2.2613211237967072,-0.30934458233518164,Price-Sensitive Budget Shoppers,1,Normal
66,Male,Handbag,Accessories,29,Maryland,M,Beige,Fall,3.7,Yes,Bank Transfer,Standard,Yes,45,Venmo,5,Low,0,Senior,1,2,2.4125905604199387,-0.2794463659633411,Price-Sensitive Budget Shoppers,1,Normal
66,Male,Dress,Clothing,22,Minnesota,M,Yellow,Spring,4.5,Yes,Bank Transfer,Standard,Yes,21,Cash,1,Low,0,Senior,1,2,2.449137239729076,-0.47563962170862484,Price-Sensitive Budget Shoppers,-1,Anomaly
56,Male,Pants,Clothing,85,Montana,M,Charcoal,Winter,4.6,Yes,Debit Card,Standard,Yes,50,Cash,1,Very_High,1,Middle_Aged,1,0,0.5851091401320789,2.307607286389417,High-Value Premium Buyers,1,Normal
69,Male,Jeans,Clothing,52,Rhode Island,L,Silver,Winter,4.1,Yes,Debit Card,Store Pickup,Yes,19,Bank Transfer,6,Medium,0,Senior,1,2,1.9574068271029104,0.2214186121498897,Family-Oriented Value Buyers,1,Normal
38,Male,Pants,Clothing,89,Massachusetts,L,Green,Spring,3.4,Yes,Bank Transfer,Next Day Air,Yes,6,PayPal,3,Very_High,1,Adult,1,4,0.49798531059632306,2.220792761880854,High-Value Premium Buyers,1,Normal
42,Male,Dress,Clothing,77,Vermont,M,Pink,Spring,3.7,Yes,PayPal,Express,Yes,50,Credit Card,7,High,1,Adult,1,0,0.7505995546379796,2.0711939492697464,Deal-Driven Shoppers,1,Normal
30,Male,Pants,Clothing,24,New Jersey,M,Purple,Summer,3.3,Yes,PayPal,Store Pickup,Yes,17,Debit Card,7,Low,0,Young_Adult,1,6,2.442808572827018,-0.4738872928315818,Price-Sensitive Budget Shoppers,1,Normal
66,Male,Jewelry,Accessories,24,Wisconsin,XL,Orange,Spring,4.5,Yes,Venmo,Express,Yes,24,Debit Card,3,Low,0,Senior,1,2,2.4242359945517573,-0.3829727720436001,Price-Sensitive Budget Shoppers,1,Normal
36,Male,Handbag,Accessories,22,California,M,Charcoal,Fall,3.3,Yes,Bank Transfer,Free Shipping,Yes,46,Venmo,6,Low,0,Adult,1,2,2.5181473923916924,-0.44718119855125615,Price-Sensitive Budget Shoppers,1,Normal
58,Male,Sweater,Clothing,82,West Virginia,L,Teal,Fall,4.3,Yes,Bank Transfer,Standard,Yes,42,Cash,7,Very_High,1,Middle_Aged,1,0,0.6404691829541057,2.2012703013796564,High-Value Premium Buyers,1,Normal
45,Male,Backpack,Accessories,67,South Dakota,M,Beige,Winter,2.5,Yes,PayPal,Standard,Yes,10,Cash,3,High,1,Adult,1,4,0.9383539013735429,1.6445668663758166,Deal-Driven Shoppers,1,Normal
47,Male,Shorts,Clothing,74,Maine,XL,White,Spring,2.6,Yes,Venmo,Standard,Yes,1,Cash,7,High,1,Adult,1,4,0.7961550043132563,1.8047357877662407,Deal-Driven Shoppers,1,Normal
66,Male,Jewelry,Accessories,72,Kansas,L,White,Summer,4.9,Yes,PayPal,Standard,Yes,28,Debit Card,4,High,1,Senior,1,0,0.7905629566568753,1.944741552583982,Deal-Driven Shoppers,1,Normal
41,Male,Sneakers,Footwear,36,Vermont,L,Orange,Summer,4.7,Yes,Credit Card,Free Shipping,Yes,48,Debit Card,4,Low,0,Adult,1,2,2.2195350951429558,-0.010206513468981653,Price-Sensitive Budget Shoppers,1,Normal
41,Male,Belt,Accessories,95,Tennessee,S,Cyan,Winter,3.0,Yes,Credit Card,Standard,Yes,47,Credit Card,6,Very_High,1,Adult,1,0,0.48380867067365535,2.4837949588548085,High-Value Premium Buyers,1,Normal
66,Male,Hoodie,Clothing,78,Tennessee,M,Orange,Winter,3.5,Yes,Venmo,Next Day Air,Yes,29,PayPal,5,High,1,Senior,1,0,0.7306737190966064,2.0196360149871557,Deal-Driven Shoppers,1,Normal
37,Male,Shirt,Clothing,82,Wyoming,M,Olive,Summer,4.8,Yes,Credit Card,Standard,Yes,37,Venmo,4,Very_High,1,Adult,1,4,0.5780519983827307,2.224985864366748,High-Value Premium Buyers,1,Normal
70,Male,Pants,Clothing,70,Vermont,M,Charcoal,Winter,4.3,Yes,Debit Card,Free Shipping,Yes,38,Debit Card,3,High,1,Senior,1,0,0.8461840136048334,1.8952158254032052,Deal-Driven Shoppers,1,Normal
62,Male,Scarf,Accessories,41,New Jersey,M,White,Fall,3.2,Yes,Cash,Store Pickup,Yes,48,Bank Transfer,2,Medium,0,Middle_Aged,1,2,2.238129323737153,0.008599695381686673,Family-Oriented Value Buyers,1,Normal
61,Male,Coat,Outerwear,42,Iowa,M,Teal,Summer,3.1,Yes,PayPal,Free Shipping,Yes,36,PayPal,2,Medium,0,Middle_Aged,1,2,2.2235489469871075,-0.04096379914761282,Family-Oriented Value Buyers,1,Normal
48,Male,Coat,Outerwear,50,Florida,M,Yellow,Fall,2.8,Yes,Debit Card,Free Shipping,Yes,9,Credit Card,2,Medium,0,Adult,1,6,2.0159106404560334,0.0736553820126315,Family-Oriented Value Buyers,1,Normal
70,Male,Socks,Clothing,31,Nevada,S,White,Summer,2.9,Yes,Debit Card,2-Day Shipping,Yes,34,Bank Transfer,6,Low,0,Senior,1,2,2.4182506297454145,-0.3125127552304288,Price-Sensitive Budget Shoppers,1,Normal
46,Male,Sweater,Clothing,51,North Dakota,M,Beige,Winter,3.7,Yes,Bank Transfer,Express,Yes,43,Venmo,5,Medium,0,Adult,1,2,2.000123746467251,0.2734912449293815,Family-Oriented Value Buyers,1,Normal
31,Male,Shirt,Clothing,98,Florida,L,Beige,Fall,3.3,Yes,Credit Card,Store Pickup,Yes,46,PayPal,4,Very_High,1,Young_Adult,1,0,0.3872226819114357,2.5639658405851833,High-Value Premium Buyers,1,Normal
19,Male,Shirt,Clothing,86,New York,M,Maroon,Winter,2.8,Yes,Cash,2-Day Shipping,Yes,5,Credit Card,6,Very_High,1,Youth,1,4,0.5242923628264162,2.1342439845251704,High-Value Premium Buyers,1,Normal
39,Male,Sweater,Clothing,64,Alaska,M,Teal,Winter,4.5,Yes,Cash,Standard,Yes,15,Bank Transfer,5,High,1,Adult,1,4,0.8507777643547009,1.7247466584041133,Deal-Driven Shoppers,1,Normal
41,Male,Blouse,Clothing,46,Kansas,M,Lavender,Fall,2.6,Yes,PayPal,Next Day Air,Yes,30,Credit Card,3,Medium,0,Adult,1,2,2.1022037311673043,0.032031589024218515,Family-Oriented Value Buyers,1,Normal
20,Male,Sweater,Clothing,85,Oregon,L,Maroon,Spring,3.7,Yes,Cash,Standard,Yes,44,Venmo,7,Very_High,1,Youth,1,4,0.6130050068912166,2.2603844309435184,High-Value Premium Buyers,1,Normal
36,Male,Hat,Accessories,81,Rhode Island,S,Orange,Fall,4.4,Yes,Debit Card,Express,Yes,16,PayPal,3,High,1,Adult,1,4,0.5717032744005878,2.141646988830125,High-Value Premium Buyers,1,Normal
32,Male,Sweater,Clothing,59,New Mexico,M,Cyan,Winter,4.3,Yes,Cash,2-Day Shipping,Yes,16,Bank Transfer,3,Medium,0,Young_Adult,1,6,1.7428280924444568,0.4375452804720799,Young Trend-Oriented Shoppers,1,Normal
69,Male,Hoodie,Clothing,79,Massachusetts,M,Silver,Winter,3.5,Yes,Venmo,Express,Yes,16,Cash,2,High,1,Senior,1,0,0.7024206643106337,2.006483089427566,Deal-Driven Shoppers,1,Normal
40,Male,Shorts,Clothing,33,Pennsylvania,M,Teal,Spring,3.8,Yes,Credit Card,2-Day Shipping,Yes,21,Credit Card,7,Low,0,Adult,1,6,2.2410110936424767,-0.211471178895609,Price-Sensitive Budget Shoppers,1,Normal
40,Male,Shorts,Clothing,47,New Jersey,L,Blue,Summer,3.5,Yes,Cash,Express,Yes,39,Venmo,7,Medium,0,Adult,1,2,2.0984414294809675,0.14352655718200194,Family-Oriented Value Buyers,1,Normal
20,Male,Hat,Accessories,20,Utah,S,Blue,Summer,4.6,Yes,Credit Card,Store Pickup,Yes,40,Debit Card,5,Low,0,Youth,1,6,2.4605380302935056,-0.3895877714190914,Price-Sensitive Budget Shoppers,-1,Anomaly
64,Male,Coat,Outerwear,36,Kentucky,M,Olive,Spring,2.6,Yes,Bank Transfer,Next Day Air,Yes,48,Credit Card,7,Low,0,Middle_Aged,1,2,2.3955912193370676,-0.17897562818499402,Price-Sensitive Budget Shoppers,-1,Anomaly
27,Male,Sandals,Footwear,39,Nebraska,M,Purple,Summer,4.4,Yes,Cash,Next Day Air,Yes,26,Venmo,6,Low,0,Young_Adult,1,6,2.14057358386616,-0.02809316852049977,Price-Sensitive Budget Shoppers,1,Normal
24,Male,Skirt,Clothing,71,Virginia,M,Charcoal,Winter,4.0,Yes,PayPal,Standard,Yes,46,Debit Card,6,High,1,Youth,1,4,0.8093355758761286,1.9519476145208272,Deal-Driven Shoppers,1,Normal
48,Male,Shoes,Footwear,59,Wyoming,S,Olive,Winter,4.4,Yes,Cash,Next Day Air,Yes,27,Bank Transfer,3,Medium,0,Adult,1,6,1.803356765538977,0.4760495046258936,Family-Oriented Value Buyers,1,Normal
49,Male,Jeans,Clothing,50,New Mexico,L,Violet,Spring,4.7,Yes,Credit Card,Next Day Air,Yes,5,Cash,2,Medium,0,Adult,1,6,1.904894565099537,0.1927707168802348,Family-Oriented Value Buyers,1,Normal
36,Male,Sandals,Footwear,41,Oregon,L,Red,Fall,3.9,Yes,Credit Card,Store Pickup,Yes,43,PayPal,1,Medium,0,Adult,1,2,2.155384502670529,0.04358644515789481,Family-Oriented Value Buyers,1,Normal
56,Male,Blouse,Clothing,59,South Carolina,M,Beige,Fall,2.7,Yes,Bank Transfer,Free Shipping,Yes,17,PayPal,1,Medium,0,Middle_Aged,1,2,1.8672607551760436,0.31349736490704583,Family-Oriented Value Buyers,1,Normal
37,Male,Hat,Accessories,87,Arizona,M,Green,Winter,3.7,Yes,Cash,2-Day Shipping,Yes,3,Bank Transfer,5,Very_High,1,Adult,1,4,0.46999560556755177,2.213618617443138,High-Value Premium Buyers,1,Normal
42,Male,Sweater,Clothing,68,Kentucky,M,Violet,Spring,2.6,Yes,Venmo,2-Day Shipping,Yes,47,Bank Transfer,1,High,1,Adult,1,0,0.9769936569198391,1.7828938529265312,Deal-Driven Shoppers,1,Normal
28,Male,Skirt,Clothing,90,New York,M,Teal,Winter,3.9,Yes,Cash,Standard,Yes,24,Debit Card,5,Very_High,1,Young_Adult,1,4,0.4443900668826194,2.356906166027205,High-Value Premium Buyers,1,Normal
27,Male,Jeans,Clothing,71,Texas,XL,Yellow,Fall,4.9,Yes,Venmo,Next Day Air,Yes,12,Cash,7,High,1,Young_Adult,1,4,0.6787812558754994,1.9245631786650637,Deal-Driven Shoppers,1,Normal
63,Male,Sneakers,Footwear,64,Missouri,L,Yellow,Fall,4.1,Yes,Credit Card,Store Pickup,Yes,35,Debit Card,6,High,1,Middle_Aged,1,0,0.963530218284902,1.7480328721923417,Deal-Driven Shoppers,1,Normal
58,Male,Jewelry,Accessories,76,Pennsylvania,S,Olive,Fall,3.0,Yes,PayPal,Free Shipping,Yes,42,Venmo,2,High,1,Middle_Aged,1,0,0.8257484370085765,1.9896509853639575,Deal-Driven Shoppers,1,Normal
37,Male,Jewelry,Accessories,42,Oregon,XL,Magenta,Fall,4.1,Yes,Credit Card,2-Day Shipping,Yes,1,PayPal,7,Medium,0,Adult,1,6,2.0256394028898472,-0.030101821587524294,Family-Oriented Value Buyers,1,Normal
56,Male,Pants,Clothing,80,Nevada,L,Black,Spring,3.8,Yes,Debit Card,Standard,Yes,27,Cash,2,High,1,Middle_Aged,1,0,0.7008485011171857,2.0599570142366135,High-Value Premium Buyers,1,Normal
18,Male,Belt,Accessories,56,Arkansas,M,Olive,Spring,4.0,Yes,Bank Transfer,Standard,Yes,16,Credit Card,5,Medium,0,Youth,1,6,1.8210539829561512,0.34205262808852255,Young Trend-Oriented Shoppers,1,Normal
48,Male,Hat,Accessories,25,Minnesota,XL,Magenta,Summer,3.6,Yes,Debit Card,Express,Yes,36,Credit Card,7,Low,0,Adult,1,2,2.4724004444548275,-0.3945788193467024,Price-Sensitive Budget Shoppers,1,Normal
31,Male,Sneakers,Footwear,74,Georgia,M,Olive,Winter,3.0,Yes,Debit Card,Store Pickup,Yes,30,Credit Card,7,High,1,Young_Adult,1,4,0.8115481714248309,1.9131979172354336,Deal-Driven Shoppers,1,Normal
51,Male,Pants,Clothing,30,Rhode Island,M,Teal,Summer,3.0,Yes,Bank Transfer,Standard,Yes,18,Debit Card,1,Low,0,Middle_Aged,1,2,2.3919674085408444,-0.36069962870535877,Price-Sensitive Budget Shoppers,1,Normal
65,Male,T-shirt,Clothing,96,Nevada,M,White,Spring,2.6,Yes,Bank Transfer,Free Shipping,Yes,45,Cash,3,Very_High,1,Middle_Aged,1,0,0.5059247495101118,2.4406859248542787,High-Value Premium Buyers,-1,Anomaly
53,Male,Sneakers,Footwear,64,Texas,M,Charcoal,Fall,3.4,Yes,Cash,Free Shipping,Yes,1,Venmo,1,High,1,Middle_Aged,1,4,0.9193925941873955,1.610631759247069,Deal-Driven Shoppers,1,Normal
55,Male,Shorts,Clothing,88,Florida,L,Yellow,Winter,3.1,Yes,Cash,Free Shipping,Yes,42,Bank Transfer,1,Very_High,1,Middle_Aged,1,0,0.6098220300195837,2.2783940611597373,High-Value Premium Buyers,1,Normal
62,Male,Shoes,Footwear,88,North Dakota,L,Charcoal,Summer,3.0,Yes,Debit Card,Free Shipping,Yes,7,Venmo,7,Very_High,1,Middle_Aged,1,0,0.5854315848340576,2.1567139352159312,High-Value Premium Buyers,1,Normal
55,Male,Gloves,Accessories,88,West Virginia,XL,Gray,Summer,3.7,Yes,PayPal,Standard,Yes,50,PayPal,4,Very_High,1,Middle_Aged,1,0,0.5998855706388408,2.3282882500600737,High-Value Premium Buyers,1,Normal
64,Male,Socks,Clothing,36,Nebraska,M,Turquoise,Spring,3.5,Yes,Bank Transfer,Store Pickup,Yes,37,Venmo,1,Low,0,Middle_Aged,1,2,2.304415747204522,-0.1540252025395795,Price-Sensitive Budget Shoppers,1,Normal
52,Male,Dress,Clothing,40,Tennessee,XL,Cyan,Spring,2.8,Yes,Credit Card,Store Pickup,Yes,18,Bank Transfer,6,Medium,0,Middle_Aged,1,2,2.2061738604924734,-0.12058598545258356,Family-Oriented Value Buyers,1,Normal
24,Male,Handbag,Accessories,39,Oklahoma,M,Charcoal,Spring,4.5,Yes,Venmo,Standard,Yes,29,Cash,6,Low,0,Youth,1,6,2.1215075160922785,-0.0025662174162530554,Price-Sensitive Budget Shoppers,1,Normal
38,Male,Belt,Accessories,40,Wisconsin,M,Silver,Summer,3.3,Yes,Cash,Store Pickup,Yes,45,PayPal,4,Medium,0,Adult,1,2,2.237756718856301,-0.019379584041568254,Family-Oriented Value Buyers,1,Normal
59,Male,Scarf,Accessories,34,Oregon,M,Olive,Winter,3.4,Yes,Credit Card,Express,Yes,13,PayPal,2,Low,0,Middle_Aged,1,2,2.2786783799380848,-0.24889843730572664,Price-Sensitive Budget Shoppers,1,Normal
27,Male,Sneakers,Footwear,83,North Carolina,S,Pink,Winter,3.2,Yes,Bank Transfer,2-Day Shipping,Yes,47,PayPal,6,Very_High,1,Young_Adult,1,0,0.6586092382961576,2.20286100858375,High-Value Premium Buyers,1,Normal
24,Male,Sweater,Clothing,85,Pennsylvania,L,Orange,Summer,3.7,Yes,Credit Card,Standard,Yes,7,Debit Card,2,Very_High,1,Youth,1,4,0.5405660814001807,2.1643717914337177,High-Value Premium Buyers,1,Normal
23,Male,Coat,Outerwear,27,North Dakota,L,White,Summer,4.6,Yes,Bank Transfer,Express,Yes,11,Venmo,5,Low,0,Youth,1,6,2.3101746122830864,-0.34074918223494116,Price-Sensitive Budget Shoppers,1,Normal
69,Male,Jewelry,Accessories,78,Ohio,S,Purple,Spring,5.0,Yes,Bank Transfer,Store Pickup,Yes,39,Bank Transfer,6,High,1,Senior,1,0,0.6933393408470222,2.140613817523559,Deal-Driven Shoppers,-1,Anomaly
59,Male,Sunglasses,Accessories,32,Oklahoma,M,Olive,Summer,4.4,Yes,Debit Card,Standard,Yes,6,Debit Card,4,Low,0,Middle_Aged,1,6,2.263744199861612,-0.27144187180902657,Price-Sensitive Budget Shoppers,1,Normal
51,Male,Shoes,Footwear,51,South Carolina,S,Gray,Fall,4.9,Yes,PayPal,Express,Yes,2,Venmo,5,Medium,0,Middle_Aged,1,6,1.8457759515448842,0.2435541137637356,Family-Oriented Value Buyers,1,Normal
63,Male,Scarf,Accessories,32,Maine,M,Silver,Spring,4.1,Yes,Debit Card,Standard,Yes,39,Credit Card,7,Low,0,Middle_Aged,1,2,2.3404442294637104,-0.20903814518966257,Price-Sensitive Budget Shoppers,1,Normal
54,Male,Dress,Clothing,62,Nevada,L,Orange,Winter,4.9,Yes,Cash,Next Day Air,Yes,23,Credit Card,6,High,1,Middle_Aged,1,4,0.9138048428065554,1.7124363628894932,Deal-Driven Shoppers,1,Normal
32,Male,T-shirt,Clothing,29,Montana,S,Magenta,Fall,4.7,Yes,Debit Card,2-Day Shipping,Yes,46,Debit Card,5,Low,0,Young_Adult,1,6,2.282945409213516,-0.16919975869837037,Price-Sensitive Budget Shoppers,1,Normal
39,Male,Backpack,Accessories,69,New Hampshire,XL,Beige,Fall,3.0,Yes,PayPal,Store Pickup,Yes,19,Bank Transfer,2,High,1,Adult,1,4,0.8797143407658924,1.7617340356260605,Deal-Driven Shoppers,1,Normal
66,Male,Jewelry,Accessories,25,Maine,L,Lavender,Winter,3.4,Yes,Debit Card,Store Pickup,Yes,3,Credit Card,7,Low,0,Senior,1,2,2.441185639330106,-0.5087637107165293,Price-Sensitive Budget Shoppers,-1,Anomaly
28,Male,Jeans,Clothing,76,California,M,Peach,Winter,3.2,Yes,PayPal,Store Pickup,Yes,47,PayPal,4,High,1,Young_Adult,1,0,0.7737076106564764,2.018871953916899,Deal-Driven Shoppers,1,Normal
50,Male,Sunglasses,Accessories,77,West Virginia,S,Magenta,Fall,2.9,Yes,Credit Card,Standard,Yes,6,PayPal,4,High,1,Adult,1,4,0.7262320217114244,1.918753067992702,Deal-Driven Shoppers,1,Normal
70,Male,Sweater,Clothing,33,California,M,Beige,Fall,4.5,Yes,Credit Card,2-Day Shipping,Yes,6,Venmo,3,Low,0,Senior,1,2,2.200696658796357,-0.23636875335497398,Price-Sensitive Budget Shoppers,1,Normal
67,Male,Shorts,Clothing,93,West Virginia,S,Yellow,Fall,2.7,Yes,Credit Card,Next Day Air,Yes,12,Credit Card,5,Very_High,1,Senior,1,0,0.48140370202979804,2.3074081165946145,High-Value Premium Buyers,1,Normal
64,Male,Jewelry,Accessories,39,Louisiana,L,Brown,Spring,3.4,Yes,Cash,Express,Yes,40,PayPal,4,Low,0,Middle_Aged,1,2,2.27279792507705,-0.06586357912370827,Price-Sensitive Budget Shoppers,1,Normal
45,Male,Coat,Outerwear,93,Georgia,L,Silver,Summer,4.6,Yes,Cash,Store Pickup,Yes,38,PayPal,1,Very_High,1,Adult,1,0,0.4541449495300597,2.464945594241941,High-Value Premium Buyers,1,Normal
22,Male,Handbag,Accessories,82,Washington,M,Orange,Summer,2.7,Yes,Credit Card,Store Pickup,Yes,10,PayPal,4,Very_High,1,Youth,1,4,0.6433109764372328,2.0391611941070913,High-Value Premium Buyers,1,Normal
27,Male,Boots,Footwear,42,Virginia,L,Purple,Spring,4.2,Yes,Venmo,Standard,Yes,28,Bank Transfer,6,Medium,0,Young_Adult,1,6,2.095469382342568,0.0489782683349812,Young Trend-Oriented Shoppers,1,Normal
25,Male,Gloves,Accessories,71,Indiana,M,Indigo,Winter,3.2,Yes,Debit Card,2-Day Shipping,Yes,19,PayPal,3,High,1,Youth,1,4,0.8159909990733986,1.8183222444620981,Deal-Driven Shoppers,1,Normal
37,Male,Sweater,Clothing,86,Minnesota,L,Gray,Spring,4.8,Yes,Cash,Standard,Yes,25,Cash,1,Very_High,1,Adult,1,4,0.5047512438214024,2.286713652446566,High-Value Premium Buyers,1,Normal
26,Male,T-shirt,Clothing,82,Idaho,XL,Black,Spring,3.3,Yes,PayPal,Next Day Air,Yes,38,Credit Card,3,Very_High,1,Young_Adult,1,4,0.6530130044391008,2.1434984958543044,High-Value Premium Buyers,1,Normal
33,Male,Shoes,Footwear,65,Vermont,L,Maroon,Fall,4.2,Yes,Credit Card,Standard,Yes,6,PayPal,1,High,1,Young_Adult,1,4,0.8395479005328077,1.695966516149816,Deal-Driven Shoppers,1,Normal
43,Male,Scarf,Accessories,29,North Dakota,M,Beige,Spring,4.8,Yes,PayPal,Store Pickup,Yes,7,Debit Card,5,Low,0,Adult,1,6,2.2530383580452256,-0.28684897571965773,Price-Sensitive Budget Shoppers,1,Normal
37,Male,Sneakers,Footwear,65,Rhode Island,L,Brown,Winter,4.9,Yes,Cash,Store Pickup,Yes,2,PayPal,3,High,1,Adult,1,4,0.8048701454324376,1.7316657703129201,Deal-Driven Shoppers,1,Normal
46,Male,Dress,Clothing,88,South Carolina,S,Black,Fall,3.9,Yes,Bank Transfer,Standard,Yes,24,Bank Transfer,3,Very_High,1,Adult,1,4,0.4992624474175381,2.2897533530275433,High-Value Premium Buyers,1,Normal
22,Male,Belt,Accessories,46,Mississippi,M,Indigo,Fall,3.0,Yes,Venmo,Free Shipping,Yes,26,Cash,3,Medium,0,Youth,1,6,2.0530934056579926,0.08179753644363957,Young Trend-Oriented Shoppers,1,Normal
20,Male,Boots,Footwear,67,Montana,S,Silver,Winter,4.6,Yes,PayPal,Free Shipping,Yes,25,Debit Card,7,High,1,Youth,1,4,0.798779096796341,1.8600338863947063,Deal-Driven Shoppers,-1,Anomaly
60,Male,Scarf,Accessories,35,Idaho,L,Blue,Fall,3.5,Yes,Credit Card,2-Day Shipping,Yes,10,Debit Card,6,Low,0,Middle_Aged,1,2,2.2419583378636805,-0.2229478082381114,Price-Sensitive Budget Shoppers,1,Normal
39,Male,Boots,Footwear,66,Utah,M,Green,Winter,4.8,Yes,Venmo,Free Shipping,Yes,14,PayPal,1,High,1,Adult,1,4,0.7905110576085702,1.797531235535869,Deal-Driven Shoppers,1,Normal
43,Male,T-shirt,Clothing,91,Oklahoma,L,Orange,Fall,4.8,Yes,Bank Transfer,Standard,Yes,21,Cash,4,Very_High,1,Adult,1,4,0.3853507370155702,2.400407194764502,High-Value Premium Buyers,1,Normal
31,Male,Backpack,Accessories,78,California,L,Cyan,Fall,3.0,Yes,PayPal,Express,Yes,26,PayPal,6,High,1,Young_Adult,1,4,0.7311529709914004,1.9964896659848232,Deal-Driven Shoppers,1,Normal
19,Male,Sneakers,Footwear,45,Nevada,M,Orange,Winter,4.5,Yes,Credit Card,Next Day Air,Yes,12,Bank Transfer,3,Medium,0,Youth,1,6,1.9621767270418742,0.11341797692289567,Young Trend-Oriented Shoppers,1,Normal
35,Male,T-shirt,Clothing,93,Delaware,M,Indigo,Spring,4.8,Yes,Credit Card,Store Pickup,Yes,11,Credit Card,6,Very_High,1,Young_Adult,1,4,0.32415153237763716,2.424680019344658,High-Value Premium Buyers,1,Normal
41,Male,Jeans,Clothing,74,South Carolina,S,Silver,Summer,3.8,Yes,Debit Card,Standard,Yes,15,Cash,3,High,1,Adult,1,4,0.7590050434227964,1.903948867267161,Deal-Driven Shoppers,1,Normal
52,Male,Gloves,Accessories,55,Maryland,M,Peach,Spring,4.6,Yes,Debit Card,Express,Yes,13,Cash,6,Medium,0,Middle_Aged,1,6,1.8434431339401367,0.3156550813030701,Family-Oriented Value Buyers,1,Normal
45,Male,Hoodie,Clothing,76,North Carolina,XL,Teal,Spring,3.1,Yes,Debit Card,Next Day Air,Yes,5,Credit Card,5,High,1,Adult,1,4,0.7389196309825067,1.8832764668056647,Deal-Driven Shoppers,1,Normal
34,Male,Sneakers,Footwear,66,Alabama,L,White,Spring,3.4,Yes,Credit Card,Express,Yes,36,Cash,1,High,1,Young_Adult,1,0,0.9542217627788461,1.7667197135859134,Deal-Driven Shoppers,1,Normal
35,Male,Shorts,Clothing,51,Minnesota,M,Brown,Winter,3.3,Yes,Debit Card,2-Day Shipping,Yes,32,Bank Transfer,6,Medium,0,Young_Adult,1,6,1.9820075762673783,0.20463591593229127,Family-Oriented Value Buyers,1,Normal
29,Male,Sweater,Clothing,26,Virginia,L,Lavender,Spring,4.8,Yes,Debit Card,2-Day Shipping,Yes,1,Credit Card,4,Low,0,Young_Adult,1,6,2.273459515184456,-0.39237924549412984,Price-Sensitive Budget Shoppers,1,Normal
59,Male,Jeans,Clothing,29,Michigan,M,Indigo,Summer,2.8,Yes,Cash,Express,Yes,15,PayPal,3,Low,0,Middle_Aged,1,2,2.41151156290336,-0.41434183075088404,Price-Sensitive Budget Shoppers,1,Normal
24,Male,Jacket,Outerwear,74,Maine,M,Yellow,Summer,3.1,Yes,Venmo,Store Pickup,Yes,3,Bank Transfer,2,High,1,Youth,1,4,0.7580004247762074,1.8329166129086418,Deal-Driven Shoppers,1,Normal
70,Male,Jewelry,Accessories,99,Nevada,S,White,Summer,4.6,Yes,Debit Card,Free Shipping,Yes,48,Cash,6,Very_High,1,Senior,1,0,0.37113534426265626,2.6442311756461727,High-Value Premium Buyers,-1,Anomaly
29,Male,Backpack,Accessories,88,Wyoming,L,Violet,Winter,2.6,Yes,Bank Transfer,Store Pickup,Yes,30,Debit Card,2,Very_High,1,Young_Adult,1,4,0.6098378980006419,2.2426751458863867,High-Value Premium Buyers,1,Normal
67,Male,Coat,Outerwear,31,Connecticut,M,Lavender,Winter,2.6,Yes,Venmo,Express,Yes,40,Bank Transfer,6,Low,0,Senior,1,2,2.4468464587718857,-0.3085023434163043,Price-Sensitive Budget Shoppers,1,Normal
36,Male,Belt,Accessories,55,Oregon,L,Olive,Spring,3.8,Yes,Bank Transfer,Free Shipping,Yes,24,Bank Transfer,1,Medium,0,Adult,1,6,1.9050468848843205,0.3139278429835711,Family-Oriented Value Buyers,1,Normal
23,Male,Sandals,Footwear,81,Mississippi,L,Beige,Fall,4.5,Yes,PayPal,Free Shipping,Yes,48,Debit Card,4,High,1,Youth,1,4,0.6049310301597488,2.236039425995501,High-Value Premium Buyers,1,Normal
18,Male,Sweater,Clothing,73,Illinois,L,Purple,Spring,3.0,Yes,Cash,Standard,Yes,27,Venmo,5,High,1,Youth,1,4,0.8212912386813978,1.8852846044476115,Deal-Driven Shoppers,1,Normal
53,Male,Shorts,Clothing,91,Utah,S,Teal,Winter,3.5,Yes,Credit Card,Free Shipping,Yes,14,Credit Card,7,Very_High,1,Middle_Aged,1,4,0.45141892103051784,2.3268347156005476,High-Value Premium Buyers,1,Normal
32,Male,Socks,Clothing,54,North Carolina,S,Peach,Spring,3.8,Yes,Credit Card,Free Shipping,Yes,18,Debit Card,5,Medium,0,Young_Adult,1,6,1.8621933382169227,0.30521728060461956,Young Trend-Oriented Shoppers,1,Normal
38,Male,Shirt,Clothing,40,Kentucky,M,Violet,Winter,3.5,Yes,Cash,Standard,Yes,48,Cash,5,Medium,0,Adult,1,2,2.192618122930098,0.012494356669334815,Family-Oriented Value Buyers,1,Normal
47,Male,Pants,Clothing,59,Minnesota,M,Purple,Fall,3.1,Yes,Bank Transfer,Store Pickup,Yes,32,Debit Card,3,Medium,0,Adult,1,2,1.8755397167534344,0.40192940979853614,Family-Oriented Value Buyers,1,Normal
46,Male,Scarf,Accessories,26,New York,L,Teal,Spring,3.0,Yes,Bank Transfer,Store Pickup,Yes,21,Credit Card,5,Low,0,Adult,1,2,2.4561027775083324,-0.4396797669303155,Price-Sensitive Budget Shoppers,1,Normal
66,Male,Sweater,Clothing,23,Illinois,M,Gold,Winter,4.3,Yes,Credit Card,Standard,Yes,42,PayPal,1,Low,0,Senior,1,2,2.465181780672599,-0.39304039834323806,Price-Sensitive Budget Shoppers,-1,Anomaly
40,Male,Jeans,Clothing,87,North Dakota,S,Teal,Winter,3.3,Yes,Debit Card,Store Pickup,Yes,4,Credit Card,4,Very_High,1,Adult,1,4,0.5202216508077445,2.188460332981589,High-Value Premium Buyers,1,Normal
43,Male,Pants,Clothing,71,Louisiana,M,Violet,Winter,4.7,Yes,Cash,Express,Yes,19,Credit Card,4,High,1,Adult,1,4,0.7298895536258474,1.9193112537605082,Deal-Driven Shoppers,1,Normal
58,Male,Backpack,Accessories,91,Illinois,L,Black,Winter,4.5,Yes,Cash,Store Pickup,Yes,6,Credit Card,4,Very_High,1,Middle_Aged,1,4,0.41425022108250686,2.3442819391962484,High-Value Premium Buyers,1,Normal
21,Male,Coat,Outerwear,64,Wyoming,XL,Gold,Winter,2.9,Yes,Venmo,Free Shipping,Yes,2,Debit Card,1,High,1,Youth,1,4,0.923856144716889,1.6130576922684932,Deal-Driven Shoppers,-1,Anomaly
42,Male,Sandals,Footwear,94,Washington,M,Gold,Winter,4.1,Yes,Venmo,2-Day Shipping,Yes,21,Cash,1,Very_High,1,Adult,1,4,0.37054647618424996,2.4390035616143413,High-Value Premium Buyers,1,Normal
24,Male,Shirt,Clothing,40,Texas,M,Brown,Summer,3.5,Yes,Debit Card,Store Pickup,Yes,40,Debit Card,3,Medium,0,Youth,1,6,2.180980680574262,-0.013354151064529293,Young Trend-Oriented Shoppers,1,Normal
43,Male,Hat,Accessories,76,New Hampshire,L,Cyan,Winter,3.4,Yes,Credit Card,Store Pickup,Yes,33,Cash,1,High,1,Adult,1,0,0.7795567756961663,2.0031449595231194,Deal-Driven Shoppers,1,Normal
47,Male,Shirt,Clothing,86,Indiana,S,Indigo,Fall,3.3,Yes,Debit Card,Free Shipping,Yes,26,Venmo,2,Very_High,1,Adult,1,0,0.5861850544936524,2.205370068417195,High-Value Premium Buyers,1,Normal
49,Male,Skirt,Clothing,92,Alabama,M,Orange,Fall,3.2,Yes,Bank Transfer,Store Pickup,Yes,23,Credit Card,1,Very_High,1,Adult,1,0,0.47196846742014886,2.330563533905525,High-Value Premium Buyers,1,Normal
50,Male,Shoes,Footwear,52,Oklahoma,L,Pink,Spring,4.0,Yes,Bank Transfer,Store Pickup,Yes,39,PayPal,7,Medium,0,Adult,1,2,1.9849982093236838,0.28590413616265437,Family-Oriented Value Buyers,1,Normal
51,Male,Coat,Outerwear,28,Montana,XL,Olive,Winter,3.6,Yes,PayPal,Next Day Air,Yes,42,Bank Transfer,6,Low,0,Middle_Aged,1,2,2.4306931348060044,-0.3143115229463365,Price-Sensitive Budget Shoppers,1,Normal
40,Male,Pants,Clothing,46,Tennessee,L,Cyan,Summer,4.6,Yes,Cash,Free Shipping,Yes,41,Bank Transfer,2,Medium,0,Adult,1,2,2.0347644439335757,0.19094400648322685,Family-Oriented Value Buyers,1,Normal
45,Male,Jewelry,Accessories,50,New Mexico,M,Peach,Summer,2.6,Yes,Credit Card,Next Day Air,Yes,41,PayPal,3,Medium,0,Adult,1,2,2.1000893722690632,0.1614625846972782,Family-Oriented Value Buyers,1,Normal
52,Male,Belt,Accessories,23,Iowa,M,Turquoise,Winter,4.3,Yes,Cash,Express,Yes,12,Credit Card,1,Low,0,Middle_Aged,1,6,2.410257397424147,-0.4518784860740873,Price-Sensitive Budget Shoppers,1,Normal
62,Male,Jacket,Outerwear,50,Idaho,M,Turquoise,Summer,3.4,Yes,PayPal,Free Shipping,Yes,31,Cash,6,Medium,0,Middle_Aged,1,2,2.0513224871555087,0.14780521896728677,Family-Oriented Value Buyers,1,Normal
20,Male,Shirt,Clothing,89,Oklahoma,XL,Maroon,Winter,3.5,Yes,Debit Card,Store Pickup,Yes,34,Debit Card,1,Very_High,1,Youth,1,4,0.5122937343567829,2.3372453406432463,High-Value Premium Buyers,1,Normal
43,Male,Hoodie,Clothing,81,Florida,M,Maroon,Winter,4.2,Yes,Bank Transfer,Standard,Yes,32,Credit Card,3,High,1,Adult,1,0,0.6164563047432324,2.1426814106761007,High-Value Premium Buyers,1,Normal
29,Male,Sunglasses,Accessories,69,Michigan,M,Olive,Fall,3.5,Yes,Bank Transfer,Store Pickup,Yes,31,Credit Card,4,High,1,Young_Adult,1,4,0.8466323120879027,1.8338524188483705,Deal-Driven Shoppers,1,Normal
22,Male,Sunglasses,Accessories,67,Hawaii,M,Magenta,Summer,3.6,Yes,PayPal,Free Shipping,Yes,24,PayPal,3,High,1,Youth,1,4,0.8665282124829717,1.7503746409514498,Deal-Driven Shoppers,1,Normal
48,Male,Dress,Clothing,20,California,M,Red,Summer,4.3,Yes,Debit Card,Store Pickup,Yes,31,Debit Card,3,Low,0,Adult,1,2,2.496839660661435,-0.4868207079863447,Price-Sensitive Budget Shoppers,1,Normal
42,Male,Boots,Footwear,29,Iowa,M,Olive,Fall,4.9,Yes,Bank Transfer,Standard,Yes,18,Venmo,3,Low,0,Adult,1,6,2.2563607138042214,-0.2621537136266503,Price-Sensitive Budget Shoppers,1,Normal
19,Male,Shirt,Clothing,74,West Virginia,M,Silver,Summer,4.1,Yes,Bank Transfer,Store Pickup,Yes,15,Venmo,6,High,1,Youth,1,4,0.707378053923491,1.9344644807891183,Deal-Driven Shoppers,1,Normal
60,Male,Shorts,Clothing,82,Washington,S,Turquoise,Spring,3.6,Yes,Venmo,Standard,Yes,7,Bank Transfer,7,Very_High,1,Middle_Aged,1,4,0.6286658299520278,2.072719448247466,High-Value Premium Buyers,1,Normal
32,Male,Gloves,Accessories,23,Missouri,M,Yellow,Summer,3.4,Yes,Credit Card,Next Day Air,Yes,35,Bank Transfer,1,Low,0,Young_Adult,1,6,2.497911469699872,-0.4433295912501377,Price-Sensitive Budget Shoppers,1,Normal
26,Male,Jewelry,Accessories,45,New York,L,Peach,Summer,2.9,Yes,PayPal,2-Day Shipping,Yes,35,Bank Transfer,6,Medium,0,Young_Adult,1,6,2.138111893869709,0.04329803795707848,Young Trend-Oriented Shoppers,1,Normal
25,Male,Boots,Footwear,21,Connecticut,L,Beige,Summer,2.7,Yes,Venmo,Store Pickup,Yes,19,Credit Card,6,Low,0,Youth,1,6,2.5385512441529565,-0.5745894831654023,Price-Sensitive Budget Shoppers,-1,Anomaly
66,Male,Jewelry,Accessories,31,Virginia,M,Pink,Summer,4.3,Yes,Cash,Express,Yes,26,Credit Card,1,Low,0,Senior,1,2,2.3199735954594276,-0.2413459411693703,Price-Sensitive Budget Shoppers,1,Normal
45,Male,Pants,Clothing,45,Missouri,M,Violet,Summer,3.3,Yes,Debit Card,Express,Yes,39,PayPal,1,Medium,0,Adult,1,2,2.142072153810998,0.07181451678471665,Family-Oriented Value Buyers,1,Normal
54,Male,Jewelry,Accessories,56,Nebraska,XL,Peach,Winter,2.8,Yes,Cash,Next Day Air,Yes,22,Credit Card,2,Medium,0,Middle_Aged,1,2,1.9589130656645135,0.2758070438619068,Family-Oriented Value Buyers,1,Normal
37,Male,Jacket,Outerwear,97,New Jersey,S,Gold,Summer,3.2,Yes,Debit Card,Next Day Air,Yes,14,Cash,5,Very_High,1,Adult,1,4,0.3976552801589567,2.4190208333923593,High-Value Premium Buyers,1,Normal
54,Male,Blouse,Clothing,100,Utah,XL,Gold,Fall,3.6,Yes,Credit Card,Store Pickup,Yes,50,Debit Card,1,Very_High,1,Middle_Aged,1,0,0.36012915952896385,2.6420904379626036,High-Value Premium Buyers,1,Normal
50,Male,Blouse,Clothing,96,North Carolina,S,Indigo,Fall,4.0,Yes,Bank Transfer,2-Day Shipping,Yes,33,Credit Card,4,Very_High,1,Adult,1,0,0.35964610304356254,2.513747030811503,High-Value Premium Buyers,1,Normal
25,Male,Gloves,Accessories,99,Rhode Island,M,Blue,Spring,4.9,Yes,Credit Card,Next Day Air,Yes,48,Debit Card,7,Very_High,1,Youth,1,4,0.2917249822054945,2.699341480178221,High-Value Premium Buyers,-1,Anomaly
47,Male,Shorts,Clothing,91,Arkansas,L,Black,Winter,4.0,Yes,Debit Card,2-Day Shipping,Yes,48,PayPal,6,Very_High,1,Adult,1,0,0.49976173951291997,2.409210928703496,High-Value Premium Buyers,1,Normal
63,Male,Hat,Accessories,30,Maryland,L,Black,Winter,3.8,Yes,Debit Card,Standard,Yes,27,PayPal,1,Low,0,Middle_Aged,1,2,2.3822805479519813,-0.30607356911754197,Price-Sensitive Budget Shoppers,1,Normal
64,Male,Shoes,Footwear,65,South Carolina,L,Teal,Summer,3.7,Yes,Venmo,Store Pickup,Yes,27,Bank Transfer,2,High,1,Middle_Aged,1,0,0.9784708428137735,1.7086962355295723,Deal-Driven Shoppers,1,Normal
18,Male,Boots,Footwear,93,Ohio,M,Yellow,Winter,3.9,Yes,Cash,Express,Yes,20,Venmo,2,Very_High,1,Youth,1,4,0.39219827863015577,2.420831085901069,High-Value Premium Buyers,1,Normal
59,Male,Jacket,Outerwear,81,Illinois,M,White,Fall,3.3,Yes,Debit Card,Express,Yes,48,Venmo,7,High,1,Middle_Aged,1,0,0.73901705021762,2.1262851517831356,High-Value Premium Buyers,1,Normal
37,Male,Jewelry,Accessories,81,Georgia,S,Orange,Summer,2.7,Yes,Venmo,Standard,Yes,29,Venmo,2,High,1,Adult,1,0,0.7416942622540247,2.0669757450939965,High-Value Premium Buyers,1,Normal
23,Male,Sunglasses,Accessories,52,Alabama,M,Silver,Winter,4.7,Yes,PayPal,Next Day Air,Yes,45,PayPal,6,Medium,0,Youth,1,6,1.9080349340305265,0.35934713298672066,Young Trend-Oriented Shoppers,1,Normal
54,Male,Skirt,Clothing,88,Oklahoma,M,Pink,Summer,2.8,Yes,Cash,Next Day Air,Yes,25,Cash,4,Very_High,1,Middle_Aged,1,0,0.6002478494954334,2.203044454611346,High-Value Premium Buyers,1,Normal
38,Male,Jeans,Clothing,24,Vermont,L,Turquoise,Winter,4.6,Yes,Credit Card,Free Shipping,Yes,25,PayPal,2,Low,0,Adult,1,6,2.3659332472372063,-0.3817861014237952,Price-Sensitive Budget Shoppers,1,Normal
19,Male,Backpack,Accessories,51,Nebraska,S,Orange,Spring,4.5,Yes,Credit Card,2-Day Shipping,Yes,37,Debit Card,7,Medium,0,Youth,1,6,1.916646387152805,0.3484752849015884,Young Trend-Oriented Shoppers,1,Normal
34,Male,Backpack,Accessories,38,Georgia,S,Peach,Fall,5.0,Yes,Bank Transfer,Free Shipping,Yes,16,Cash,4,Low,0,Young_Adult,1,6,2.0649246130560948,-0.019385787298859092,Price-Sensitive Budget Shoppers,1,Normal
21,Male,Shorts,Clothing,46,Alabama,L,Pink,Fall,4.1,Yes,Debit Card,2-Day Shipping,Yes,30,Debit Card,5,Medium,0,Youth,1,6,1.9916916745852118,0.15158012597547915,Young Trend-Oriented Shoppers,1,Normal
50,Male,Dress,Clothing,63,Minnesota,L,Teal,Summer,4.6,Yes,Cash,Express,Yes,6,Cash,7,High,1,Adult,1,4,0.8900806503781035,1.6681162502604827,Deal-Driven Shoppers,1,Normal
55,Male,Scarf,Accessories,72,Missouri,XL,White,Winter,4.9,Yes,Credit Card,2-Day Shipping,Yes,36,Bank Transfer,4,High,1,Middle_Aged,1,0,0.7462788325327676,2.0051156818928995,Deal-Driven Shoppers,1,Normal
20,Male,Jeans,Clothing,39,Georgia,L,Gray,Winter,3.9,Yes,Cash,Free Shipping,Yes,3,Bank Transfer,4,Low,0,Youth,1,6,2.0805707039846695,-0.09560755859178113,Price-Sensitive Budget Shoppers,1,Normal
34,Male,Coat,Outerwear,42,West Virginia,L,Olive,Spring,3.9,Yes,Venmo,Store Pickup,Yes,29,PayPal,7,Medium,0,Young_Adult,1,6,2.1397540752197335,0.025957652609213382,Young Trend-Oriented Shoppers,1,Normal
62,Male,Sweater,Clothing,76,Arkansas,XL,Maroon,Summer,2.6,Yes,Debit Card,2-Day Shipping,Yes,15,Cash,4,High,1,Middle_Aged,1,0,0.8099425378275215,1.8615440884252408,Deal-Driven Shoppers,1,Normal
21,Male,Sneakers,Footwear,66,Ohio,L,Magenta,Summer,2.7,Yes,Cash,Free Shipping,Yes,18,Debit Card,3,High,1,Youth,1,4,0.9491084171235792,1.6769082256023555,Deal-Driven Shoppers,1,Normal
21,Male,Scarf,Accessories,90,Connecticut,M,Magenta,Spring,3.5,Yes,Venmo,Free Shipping,Yes,2,Debit Card,1,Very_High,1,Youth,1,4,0.4365913906698242,2.2676738570116797,High-Value Premium Buyers,1,Normal
42,Male,Sweater,Clothing,56,North Dakota,M,Green,Summer,3.7,Yes,Credit Card,Free Shipping,Yes,49,Debit Card,2,Medium,0,Adult,1,2,1.9201375190230514,0.41629801099512015,Family-Oriented Value Buyers,1,Normal
35,Male,Jewelry,Accessories,43,Kansas,XL,Turquoise,Winter,3.2,Yes,Debit Card,Free Shipping,Yes,48,Venmo,3,Medium,0,Young_Adult,1,2,2.1775808854315155,0.05643988178707657,Family-Oriented Value Buyers,1,Normal
39,Male,Handbag,Accessories,84,Iowa,L,Yellow,Winter,3.3,Yes,Bank Transfer,Store Pickup,Yes,43,Venmo,6,Very_High,1,Adult,1,0,0.6728983436498495,2.202174453620117,High-Value Premium Buyers,1,Normal
68,Male,Hoodie,Clothing,88,Vermont,M,Gray,Summer,4.8,Yes,Credit Card,Standard,Yes,30,Debit Card,5,Very_High,1,Senior,1,0,0.4906179072371874,2.337809318265214,High-Value Premium Buyers,1,Normal
46,Male,Hat,Accessories,88,Wisconsin,L,Peach,Fall,3.2,Yes,PayPal,2-Day Shipping,Yes,10,PayPal,1,Very_High,1,Adult,1,4,0.5310931172017881,2.190825984348141,High-Value Premium Buyers,1,Normal
41,Male,Belt,Accessories,42,Connecticut,M,Yellow,Winter,2.5,Yes,PayPal,2-Day Shipping,Yes,11,Venmo,3,Medium,0,Adult,1,6,2.167769174485844,-0.11824670383958208,Family-Oriented Value Buyers,1,Normal
23,Male,Hoodie,Clothing,73,Oklahoma,M,White,Fall,3.9,Yes,Venmo,Store Pickup,Yes,12,Debit Card,2,High,1,Youth,1,4,0.7112883969921784,1.9203069550169634,Deal-Driven Shoppers,1,Normal
68,Male,Hat,Accessories,73,Missouri,L,Lavender,Summer,4.7,Yes,Credit Card,Free Shipping,Yes,28,Bank Transfer,4,High,1,Senior,1,0,0.7684206322432245,1.9657063968341626,Deal-Driven Shoppers,1,Normal
48,Male,Shoes,Footwear,44,Tennessee,S,Blue,Spring,2.6,Yes,Debit Card,Next Day Air,Yes,36,Debit Card,1,Medium,0,Adult,1,2,2.2171695896373182,0.015967911357417548,Family-Oriented Value Buyers,1,Normal
38,Male,Sandals,Footwear,63,New Mexico,M,Charcoal,Fall,2.8,Yes,Debit Card,Store Pickup,Yes,37,Venmo,7,High,1,Adult,1,0,1.0319394285248313,1.6487265691300772,Deal-Driven Shoppers,1,Normal
41,Male,Jacket,Outerwear,68,Iowa,L,Red,Winter,4.4,Yes,Credit Card,Store Pickup,Yes,22,Credit Card,4,High,1,Adult,1,4,0.8266775636342356,1.8269891786600045,Deal-Driven Shoppers,1,Normal
58,Male,Sweater,Clothing,29,Maine,L,Olive,Spring,4.6,Yes,Venmo,Standard,Yes,32,Venmo,2,Low,0,Middle_Aged,1,2,2.351285251319859,-0.26338710503048357,Price-Sensitive Budget Shoppers,1,Normal
49,Male,Socks,Clothing,85,South Dakota,M,Green,Summer,3.2,Yes,Venmo,Standard,Yes,40,PayPal,3,Very_High,1,Adult,1,0,0.633789742878759,2.196002126992222,High-Value Premium Buyers,1,Normal
57,Male,Sneakers,Footwear,42,Colorado,M,Silver,Winter,4.2,Yes,PayPal,2-Day Shipping,Yes,47,Cash,6,Medium,0,Middle_Aged,1,2,2.147392857201889,0.07152399051490656,Family-Oriented Value Buyers,1,Normal
49,Male,Coat,Outerwear,69,Vermont,M,Silver,Summer,3.7,Yes,Bank Transfer,2-Day Shipping,Yes,24,Credit Card,5,High,1,Adult,1,0,0.8680697819796405,1.7842879885720382,Deal-Driven Shoppers,1,Normal
50,Male,Shirt,Clothing,62,Michigan,M,Black,Fall,3.9,Yes,PayPal,Standard,Yes,11,Debit Card,2,High,1,Adult,1,4,0.9284240818148063,1.6104030202305117,Deal-Driven Shoppers,1,Normal
28,Male,Backpack,Accessories,48,Nevada,XL,Red,Summer,4.7,Yes,Debit Card,Store Pickup,Yes,19,Cash,5,Medium,0,Young_Adult,1,6,1.9430265900464783,0.1992102561798684,Young Trend-Oriented Shoppers,1,Normal
38,Male,Boots,Footwear,68,Indiana,M,Indigo,Winter,4.5,Yes,PayPal,Express,Yes,42,Debit Card,2,High,1,Adult,1,0,0.8538297616778382,1.8999054934638204,Deal-Driven Shoppers,1,Normal
33,Male,Handbag,Accessories,36,Michigan,XL,Cyan,Fall,3.3,Yes,Credit Card,Free Shipping,Yes,6,Debit Card,1,Low,0,Young_Adult,1,6,2.187309212281225,-0.19030110664947608,Price-Sensitive Budget Shoppers,1,Normal
30,Male,Dress,Clothing,63,California,S,Maroon,Fall,3.3,Yes,Venmo,Express,Yes,31,Venmo,1,High,1,Young_Adult,1,4,0.968393272461679,1.6978057079351296,Deal-Driven Shoppers,1,Normal
43,Male,Sneakers,Footwear,39,Oklahoma,S,Silver,Winter,4.6,Yes,Bank Transfer,Free Shipping,Yes,31,Cash,2,Low,0,Adult,1,6,2.135319276315534,0.009706829104983203,Price-Sensitive Budget Shoppers,1,Normal
43,Male,Boots,Footwear,78,Iowa,M,Lavender,Spring,3.6,Yes,PayPal,Free Shipping,Yes,27,Bank Transfer,6,High,1,Adult,1,0,0.7042853734912622,2.022270118113496,Deal-Driven Shoppers,1,Normal
36,Male,Shoes,Footwear,99,Rhode Island,L,Silver,Winter,4.8,Yes,Credit Card,Express,Yes,24,PayPal,6,Very_High,1,Adult,1,4,0.2556935099078685,2.609879454054953,High-Value Premium Buyers,1,Normal
36,Male,T-shirt,Clothing,31,Washington,L,Purple,Fall,4.8,Yes,Bank Transfer,Next Day Air,Yes,35,Venmo,7,Low,0,Adult,1,6,2.2573347347321784,-0.1633497248559916,Price-Sensitive Budget Shoppers,1,Normal
64,Male,Boots,Footwear,45,Florida,M,Cyan,Spring,2.9,Yes,Debit Card,Next Day Air,Yes,21,Venmo,3,Medium,0,Middle_Aged,1,2,2.166022303838241,-0.01328478452198334,Family-Oriented Value Buyers,1,Normal
59,Male,Pants,Clothing,30,South Carolina,S,Cyan,Fall,2.8,Yes,Cash,Express,Yes,8,PayPal,1,Low,0,Middle_Aged,1,2,2.3717831755889764,-0.3790226343018998,Price-Sensitive Budget Shoppers,1,Normal
55,Male,Shoes,Footwear,24,West Virginia,M,Lavender,Summer,3.2,Yes,Credit Card,Next Day Air,Yes,26,Bank Transfer,4,Low,0,Middle_Aged,1,2,2.491635428268918,-0.4697070272316538,Price-Sensitive Budget Shoppers,1,Normal
42,Male,Shoes,Footwear,22,Missouri,M,Maroon,Winter,3.9,Yes,Bank Transfer,Free Shipping,Yes,26,PayPal,3,Low,0,Adult,1,6,2.442367829860349,-0.4713621658859426,Price-Sensitive Budget Shoppers,1,Normal
61,Male,T-shirt,Clothing,63,Maine,L,Gray,Spring,4.3,Yes,Credit Card,Express,Yes,9,Cash,5,High,1,Middle_Aged,1,4,0.8982397697404376,1.6542298635014328,Deal-Driven Shoppers,1,Normal
28,Male,Scarf,Accessories,40,Georgia,M,Olive,Fall,2.7,Yes,Cash,2-Day Shipping,Yes,48,Debit Card,3,Medium,0,Young_Adult,1,2,2.234812547345357,-0.017723549087942922,Young Trend-Oriented Shoppers,1,Normal
65,Male,Shorts,Clothing,20,Maine,M,Magenta,Spring,5.0,Yes,Bank Transfer,Store Pickup,Yes,33,Debit Card,1,Low,0,Middle_Aged,1,2,2.472985471596528,-0.44798898837021905,Price-Sensitive Budget Shoppers,-1,Anomaly
27,Male,Jewelry,Accessories,20,Illinois,S,Yellow,Winter,3.7,Yes,Cash,Store Pickup,Yes,31,PayPal,4,Low,0,Young_Adult,1,6,2.5039013336238605,-0.4799545268487234,Price-Sensitive Budget Shoppers,1,Normal
41,Male,T-shirt,Clothing,80,Delaware,L,Cyan,Summer,3.9,Yes,Bank Transfer,Free Shipping,Yes,17,Debit Card,2,High,1,Adult,1,4,0.6462848645620235,2.0666254043028554,High-Value Premium Buyers,1,Normal
21,Male,Shirt,Clothing,87,West Virginia,M,Teal,Fall,3.9,Yes,Credit Card,2-Day Shipping,Yes,22,Venmo,3,Very_High,1,Youth,1,4,0.46196071328289406,2.279853635659455,High-Value Premium Buyers,1,Normal
61,Male,Shirt,Clothing,46,Hawaii,L,Yellow,Fall,3.1,Yes,Debit Card,Free Shipping,Yes,8,PayPal,3,Medium,0,Middle_Aged,1,2,2.067507230648142,-0.011776334471059573,Family-Oriented Value Buyers,1,Normal
19,Male,Gloves,Accessories,49,New York,L,Peach,Winter,3.3,Yes,Credit Card,Next Day Air,Yes,2,Bank Transfer,6,Medium,0,Youth,1,6,1.9639314403736636,0.1007459536115353,Young Trend-Oriented Shoppers,1,Normal
22,Male,Scarf,Accessories,65,New Mexico,M,Peach,Fall,3.6,Yes,PayPal,Store Pickup,Yes,45,Venmo,3,High,1,Youth,1,4,0.9329967597642732,1.7808001584077315,Deal-Driven Shoppers,1,Normal
64,Male,Skirt,Clothing,62,Indiana,S,Olive,Winter,4.3,Yes,Debit Card,Standard,Yes,47,PayPal,4,High,1,Middle_Aged,1,0,1.0071931105811325,1.728311895207186,Deal-Driven Shoppers,1,Normal
28,Male,Hat,Accessories,67,Kentucky,L,Charcoal,Spring,4.5,Yes,Credit Card,Next Day Air,Yes,7,Cash,6,High,1,Young_Adult,1,4,0.8108461776230202,1.7741557373521528,Deal-Driven Shoppers,1,Normal
34,Male,Hoodie,Clothing,41,West Virginia,L,Indigo,Fall,2.8,Yes,Cash,2-Day Shipping,Yes,19,Debit Card,5,Medium,0,Young_Adult,1,6,2.1647439335583942,-0.07507727522697447,Young Trend-Oriented Shoppers,1,Normal
61,Male,Boots,Footwear,49,North Dakota,L,Silver,Fall,2.7,Yes,Debit Card,Free Shipping,Yes,44,Cash,7,Medium,0,Middle_Aged,1,2,2.122974813317778,0.1469841343552152,Family-Oriented Value Buyers,1,Normal
24,Male,Blouse,Clothing,100,Oregon,M,Beige,Fall,2.9,Yes,PayPal,Next Day Air,Yes,16,Venmo,7,Very_High,1,Youth,1,4,0.3166020333450332,2.4967063724721346,High-Value Premium Buyers,-1,Anomaly
19,Male,Belt,Accessories,54,Minnesota,L,Blue,Summer,4.4,Yes,Cash,2-Day Shipping,Yes,17,Bank Transfer,4,Medium,0,Youth,1,6,1.8469094017478505,0.3192125300379983,Young Trend-Oriented Shoppers,1,Normal
51,Male,Sunglasses,Accessories,84,South Carolina,M,White,Spring,3.9,Yes,Bank Transfer,Free Shipping,Yes,20,Debit Card,4,Very_High,1,Middle_Aged,1,0,0.586979696094914,2.1805944358161327,High-Value Premium Buyers,1,Normal
36,Male,Shorts,Clothing,41,Vermont,L,Gold,Winter,3.5,Yes,Credit Card,Standard,Yes,50,Bank Transfer,3,Medium,0,Adult,1,2,2.1847718332837465,0.03621265817804833,Family-Oriented Value Buyers,1,Normal
65,Male,Gloves,Accessories,88,Minnesota,M,Blue,Spring,2.5,Yes,PayPal,Store Pickup,Yes,37,Cash,4,Very_High,1,Middle_Aged,1,0,0.6619701708728526,2.2092804853219556,High-Value Premium Buyers,1,Normal
46,Male,Sandals,Footwear,40,Delaware,M,Orange,Spring,4.9,Yes,Cash,Express,Yes,5,PayPal,4,Medium,0,Adult,1,6,2.0546007116084817,-0.03595942792451068,Family-Oriented Value Buyers,1,Normal
59,Male,Shirt,Clothing,39,Pennsylvania,M,Gold,Summer,4.8,Yes,Venmo,Free Shipping,Yes,44,PayPal,3,Low,0,Middle_Aged,1,2,2.142282686210908,0.03461984653486084,Price-Sensitive Budget Shoppers,1,Normal
51,Male,Coat,Outerwear,37,Iowa,M,Cyan,Spring,3.2,Yes,Credit Card,Next Day Air,Yes,41,Debit Card,6,Low,0,Middle_Aged,1,2,2.3076278628343605,-0.10941941959799928,Price-Sensitive Budget Shoppers,1,Normal
51,Male,Pants,Clothing,52,New Jersey,S,Red,Winter,4.9,Yes,Cash,Standard,Yes,19,Cash,6,Medium,0,Middle_Aged,1,6,1.876599528066395,0.30526629608971134,Family-Oriented Value Buyers,1,Normal
21,Male,T-shirt,Clothing,23,South Carolina,L,Yellow,Winter,4.3,Yes,Bank Transfer,Next Day Air,Yes,47,Bank Transfer,7,Low,0,Youth,1,6,2.4361510754982167,-0.34619271444819905,Price-Sensitive Budget Shoppers,-1,Anomaly
34,Male,Sneakers,Footwear,88,Maryland,S,Beige,Winter,3.2,Yes,Venmo,Express,Yes,40,Cash,3,Very_High,1,Young_Adult,1,0,0.5750003128882923,2.319319274830182,High-Value Premium Buyers,1,Normal
32,Male,Shorts,Clothing,84,California,M,Orange,Fall,3.7,Yes,Cash,Standard,Yes,6,Credit Card,6,Very_High,1,Young_Adult,1,4,0.5253705458770385,2.131505822152694,High-Value Premium Buyers,1,Normal
48,Male,Coat,Outerwear,37,Montana,XL,Magenta,Winter,3.2,Yes,Venmo,Store Pickup,Yes,25,Credit Card,5,Low,0,Adult,1,2,2.244148801415084,-0.14469024545219003,Price-Sensitive Budget Shoppers,1,Normal
50,Male,Sandals,Footwear,51,Vermont,L,Purple,Fall,3.4,Yes,Bank Transfer,Next Day Air,Yes,42,Cash,2,Medium,0,Adult,1,2,2.0390042815673803,0.23062906318878376,Family-Oriented Value Buyers,1,Normal
26,Male,Pants,Clothing,76,Texas,L,Black,Winter,4.1,Yes,Bank Transfer,Express,Yes,35,Bank Transfer,7,High,1,Young_Adult,1,4,0.703622015847889,2.048428442144373,Deal-Driven Shoppers,1,Normal
57,Male,Sandals,Footwear,60,North Carolina,L,Pink,Spring,4.5,Yes,PayPal,Next Day Air,Yes,17,Debit Card,2,Medium,0,Middle_Aged,1,6,1.791253302556694,0.44128718629307245,Deal-Driven Shoppers,1,Normal
65,Male,Gloves,Accessories,72,Florida,L,Pink,Fall,4.5,Yes,Bank Transfer,Next Day Air,Yes,4,PayPal,4,High,1,Middle_Aged,1,4,0.7429517919917497,1.8553973190760578,Deal-Driven Shoppers,1,Normal
56,Male,T-shirt,Clothing,45,West Virginia,L,Maroon,Spring,3.2,Yes,Credit Card,Free Shipping,Yes,24,Bank Transfer,2,Medium,0,Middle_Aged,1,2,2.1118505313293103,0.030090060933702086,Family-Oriented Value Buyers,1,Normal
44,Male,Jacket,Outerwear,84,Illinois,S,Maroon,Fall,4.4,Yes,Debit Card,Store Pickup,Yes,16,Debit Card,7,Very_High,1,Adult,1,4,0.540425086342218,2.2047967780724793,High-Value Premium Buyers,1,Normal
50,Male,Blouse,Clothing,49,Virginia,S,Turquoise,Summer,3.0,Yes,Credit Card,Store Pickup,Yes,14,Debit Card,3,Medium,0,Adult,1,2,2.038243783654475,0.10853972577947853,Family-Oriented Value Buyers,1,Normal
27,Male,Socks,Clothing,22,Virginia,XL,Green,Spring,3.2,Yes,PayPal,Free Shipping,Yes,43,Cash,2,Low,0,Young_Adult,1,2,2.499260235675034,-0.4619138075981172,Price-Sensitive Budget Shoppers,1,Normal
49,Male,Coat,Outerwear,48,Wyoming,M,Violet,Winter,4.0,Yes,Cash,Store Pickup,Yes,49,Debit Card,2,Medium,0,Adult,1,2,2.0729355099693723,0.23788959216361397,Family-Oriented Value Buyers,1,Normal
49,Male,Dress,Clothing,37,South Carolina,M,Lavender,Spring,3.1,Yes,Venmo,Next Day Air,Yes,33,Cash,7,Low,0,Adult,1,2,2.275484184000468,-0.1337604397409404,Price-Sensitive Budget Shoppers,1,Normal
52,Male,Jacket,Outerwear,27,Connecticut,L,Gray,Fall,2.8,Yes,Bank Transfer,Next Day Air,Yes,45,Cash,5,Low,0,Middle_Aged,1,2,2.493536050256218,-0.3826364807455423,Price-Sensitive Budget Shoppers,1,Normal
27,Male,Boots,Footwear,79,Illinois,XL,Teal,Spring,4.6,Yes,Venmo,Next Day Air,Yes,35,Cash,5,High,1,Young_Adult,1,4,0.6233548786420442,2.165092352287516,Deal-Driven Shoppers,1,Normal
53,Male,Skirt,Clothing,98,Alabama,S,Red,Spring,4.3,Yes,Debit Card,Express,Yes,11,Credit Card,6,Very_High,1,Middle_Aged,1,4,0.3038198145673621,2.505155210182619,High-Value Premium Buyers,1,Normal
34,Male,Sandals,Footwear,64,Washington,S,Yellow,Summer,3.3,Yes,Cash,Standard,Yes,30,Bank Transfer,7,High,1,Young_Adult,1,4,0.9827675658904809,1.693045756368663,Deal-Driven Shoppers,1,Normal
33,Male,Coat,Outerwear,32,Alabama,L,Magenta,Summer,3.5,Yes,Bank Transfer,2-Day Shipping,Yes,48,Debit Card,3,Low,0,Young_Adult,1,2,2.370476400610141,-0.1994263889941085,Price-Sensitive Budget Shoppers,1,Normal
62,Male,Hoodie,Clothing,74,New Mexico,M,Brown,Winter,3.4,Yes,Cash,Free Shipping,Yes,45,Venmo,5,High,1,Middle_Aged,1,0,0.8285818660874038,1.9642399728837316,Deal-Driven Shoppers,1,Normal
38,Male,Jacket,Outerwear,50,Nevada,M,Blue,Winter,2.8,Yes,Debit Card,Free Shipping,Yes,26,Venmo,2,Medium,0,Adult,1,2,2.048748505093051,0.1242928342880524,Family-Oriented Value Buyers,1,Normal
36,Male,Backpack,Accessories,64,Nebraska,M,Black,Winter,4.6,Yes,PayPal,Store Pickup,Yes,41,Debit Card,7,High,1,Adult,1,4,0.909745453901353,1.8094347578369205,Deal-Driven Shoppers,1,Normal
31,Male,Backpack,Accessories,29,Arizona,S,Olive,Fall,3.6,Yes,Cash,Express,Yes,37,Venmo,5,Low,0,Young_Adult,1,6,2.3594173101573,-0.2466824134755804,Price-Sensitive Budget Shoppers,1,Normal
62,Male,Belt,Accessories,62,Georgia,M,Olive,Summer,3.3,Yes,Cash,Store Pickup,Yes,12,PayPal,2,High,1,Middle_Aged,1,0,1.0223981048750692,1.561661072999656,Deal-Driven Shoppers,1,Normal
29,Male,Coat,Outerwear,78,Idaho,XL,Green,Fall,3.1,Yes,Venmo,2-Day Shipping,Yes,27,Cash,5,High,1,Young_Adult,1,4,0.6961828859016614,2.0244951725937375,Deal-Driven Shoppers,1,Normal
24,Male,T-shirt,Clothing,94,Missouri,M,Peach,Fall,3.5,Yes,Bank Transfer,Express,Yes,18,Bank Transfer,2,Very_High,1,Youth,1,4,0.3744809563311631,2.399571309372532,High-Value Premium Buyers,1,Normal
63,Male,Sunglasses,Accessories,59,Florida,M,White,Winter,3.2,Yes,Venmo,Express,Yes,15,Credit Card,4,Medium,0,Middle_Aged,1,2,1.8603170308210941,0.3624884600758206,Family-Oriented Value Buyers,1,Normal
56,Male,Sneakers,Footwear,47,Minnesota,M,Red,Summer,3.0,Yes,PayPal,Express,Yes,34,Bank Transfer,2,Medium,0,Middle_Aged,1,2,2.1349806096345945,0.08072756082139074,Family-Oriented Value Buyers,1,Normal
63,Male,Gloves,Accessories,57,Maine,M,White,Fall,4.8,Yes,Bank Transfer,Express,Yes,37,Venmo,3,Medium,0,Middle_Aged,1,2,1.8356471031035433,0.45815931846875946,Family-Oriented Value Buyers,1,Normal
40,Male,Coat,Outerwear,90,Montana,L,Indigo,Winter,5.0,Yes,Credit Card,Store Pickup,Yes,21,Cash,1,Very_High,1,Adult,1,4,0.41585546266650497,2.3895538093810345,High-Value Premium Buyers,1,Normal
18,Male,Shirt,Clothing,60,Alaska,M,White,Spring,2.9,Yes,PayPal,Free Shipping,Yes,31,Debit Card,2,Medium,0,Youth,1,6,1.8363514692962137,0.42572601040493924,Deal-Driven Shoppers,-1,Anomaly
50,Male,Sneakers,Footwear,77,Iowa,L,Teal,Fall,3.2,Yes,Venmo,Express,Yes,43,Debit Card,7,High,1,Adult,1,0,0.7951632720727283,2.052567383239462,Deal-Driven Shoppers,1,Normal
66,Male,Scarf,Accessories,41,Arizona,M,Indigo,Fall,2.9,Yes,Bank Transfer,Store Pickup,Yes,22,Bank Transfer,6,Medium,0,Senior,1,2,2.2067686009679766,-0.0953096493977629,Family-Oriented Value Buyers,1,Normal
25,Male,Jewelry,Accessories,48,Louisiana,L,Red,Fall,3.3,Yes,PayPal,Free Shipping,Yes,12,Debit Card,3,Medium,0,Youth,1,6,1.9968321535595228,0.10168080131457836,Young Trend-Oriented Shoppers,1,Normal
65,Male,Jacket,Outerwear,65,Alabama,M,Blue,Fall,2.6,Yes,Credit Card,Next Day Air,Yes,25,PayPal,1,High,1,Middle_Aged,1,0,1.0186765895298022,1.6202771312240634,Deal-Driven Shoppers,-1,Anomaly
53,Male,Jeans,Clothing,62,Missouri,M,Blue,Summer,3.5,Yes,PayPal,Standard,Yes,40,Debit Card,3,High,1,Middle_Aged,1,0,1.0385904381682676,1.65471909383079,Deal-Driven Shoppers,1,Normal
61,Male,Shoes,Footwear,99,Idaho,M,Black,Fall,4.4,Yes,PayPal,Standard,Yes,16,Debit Card,4,Very_High,1,Middle_Aged,1,0,0.2831419629015296,2.547513180297983,High-Value Premium Buyers,1,Normal
67,Male,Hoodie,Clothing,58,Florida,M,Olive,Winter,3.4,Yes,Cash,Next Day Air,Yes,30,Bank Transfer,2,Medium,0,Senior,1,2,1.9127429991239622,0.3625403903769571,Family-Oriented Value Buyers,1,Normal
59,Male,Backpack,Accessories,43,Idaho,L,Lavender,Fall,4.2,Yes,Bank Transfer,Store Pickup,Yes,10,Venmo,2,Medium,0,Middle_Aged,1,6,2.0822281020288234,0.0015437335232377572,Family-Oriented Value Buyers,1,Normal
55,Male,Sneakers,Footwear,93,Alabama,M,Indigo,Spring,3.6,Yes,PayPal,Store Pickup,Yes,1,Debit Card,1,Very_High,1,Middle_Aged,1,4,0.43751383409402295,2.311469875380018,High-Value Premium Buyers,1,Normal
21,Male,Blouse,Clothing,50,New Hampshire,S,Red,Winter,3.0,Yes,Venmo,Next Day Air,Yes,24,Venmo,1,Medium,0,Youth,1,6,2.006481915075262,0.1830636009172076,Young Trend-Oriented Shoppers,1,Normal
44,Male,Pants,Clothing,88,Utah,L,Red,Summer,4.0,Yes,Bank Transfer,Free Shipping,Yes,36,PayPal,6,Very_High,1,Adult,1,0,0.5382518087177185,2.3027717680589452,High-Value Premium Buyers,1,Normal
65,Male,Skirt,Clothing,33,Alabama,M,Pink,Fall,4.4,Yes,PayPal,Express,Yes,46,Credit Card,7,Low,0,Middle_Aged,1,2,2.2701205316583746,-0.13285678578596127,Price-Sensitive Budget Shoppers,1,Normal
65,Male,T-shirt,Clothing,99,Iowa,XL,Purple,Fall,4.1,Yes,Credit Card,Standard,Yes,20,Cash,3,Very_High,1,Middle_Aged,1,0,0.29900202506280144,2.546566574274448,High-Value Premium Buyers,1,Normal
54,Male,Jacket,Outerwear,76,Kentucky,XL,Cyan,Spring,3.6,Yes,Venmo,Free Shipping,Yes,37,Venmo,2,High,1,Middle_Aged,1,0,0.7897659219258112,1.9953131191421778,Deal-Driven Shoppers,1,Normal
56,Male,Scarf,Accessories,97,South Carolina,XL,Cyan,Summer,4.6,Yes,Credit Card,Next Day Air,Yes,26,Bank Transfer,3,Very_High,1,Middle_Aged,1,0,0.3426216551959117,2.544777075739451,High-Value Premium Buyers,1,Normal
58,Male,Pants,Clothing,68,California,M,Charcoal,Summer,3.2,Yes,Cash,2-Day Shipping,Yes,23,Credit Card,5,High,1,Middle_Aged,1,0,0.908929151623218,1.7430193417130537,Deal-Driven Shoppers,1,Normal
54,Male,Sneakers,Footwear,79,Maine,L,Red,Fall,4.8,Yes,PayPal,Free Shipping,Yes,20,Bank Transfer,5,High,1,Middle_Aged,1,4,0.597876291761123,2.0974453914163105,Deal-Driven Shoppers,1,Normal
58,Male,Jeans,Clothing,86,Nebraska,M,Peach,Fall,4.8,Yes,Venmo,Express,Yes,38,PayPal,6,Very_High,1,Middle_Aged,1,0,0.5057200817818385,2.321974822213046,High-Value Premium Buyers,1,Normal
48,Male,Hat,Accessories,68,Washington,M,Black,Winter,5.0,Yes,Venmo,2-Day Shipping,Yes,5,Credit Card,7,High,1,Adult,1,4,0.7412963272985564,1.8272548208972288,Deal-Driven Shoppers,1,Normal
19,Male,Skirt,Clothing,52,Alabama,M,Black,Fall,3.7,Yes,PayPal,Store Pickup,Yes,41,Venmo,3,Medium,0,Youth,1,6,1.9331796873868314,0.2957049011541306,Young Trend-Oriented Shoppers,1,Normal
69,Male,Sandals,Footwear,90,Maine,M,Purple,Fall,4.6,Yes,Debit Card,Next Day Air,Yes,22,Credit Card,1,Very_High,1,Senior,1,0,0.45706165280254674,2.338458824686433,High-Value Premium Buyers,-1,Anomaly
58,Male,Sandals,Footwear,41,California,M,Violet,Winter,3.7,Yes,Debit Card,Free Shipping,Yes,48,Credit Card,3,Medium,0,Middle_Aged,1,2,2.1877211488140977,0.021528767787143577,Family-Oriented Value Buyers,1,Normal
49,Male,Sweater,Clothing,80,Iowa,M,Orange,Spring,4.1,Yes,PayPal,Free Shipping,Yes,10,PayPal,2,High,1,Adult,1,4,0.6137002304157928,2.0415500845471977,High-Value Premium Buyers,1,Normal
32,Male,Sweater,Clothing,100,Iowa,XL,Charcoal,Winter,2.7,Yes,Credit Card,Store Pickup,Yes,12,Bank Transfer,7,Very_High,1,Young_Adult,1,4,0.3344182551000737,2.494123503317206,High-Value Premium Buyers,-1,Anomaly
40,Male,Jacket,Outerwear,77,Colorado,L,Turquoise,Spring,4.9,Yes,Debit Card,Store Pickup,Yes,2,Bank Transfer,4,High,1,Adult,1,4,0.6262323580433138,1.9894920555632365,Deal-Driven Shoppers,1,Normal
25,Male,Shorts,Clothing,78,California,L,Yellow,Spring,4.0,Yes,PayPal,Store Pickup,Yes,38,PayPal,6,High,1,Youth,1,4,0.6935287385825941,2.0788426928179744,Deal-Driven Shoppers,1,Normal
70,Male,Socks,Clothing,94,Indiana,M,White,Spring,4.7,Yes,PayPal,Free Shipping,Yes,20,Debit Card,6,Very_High,1,Senior,1,0,0.37410111689371933,2.443176155732802,High-Value Premium Buyers,1,Normal
69,Male,Socks,Clothing,23,South Carolina,M,Gray,Fall,2.8,Yes,Credit Card,Next Day Air,Yes,5,Cash,7,Low,0,Senior,1,2,2.478520168997891,-0.5829402423631612,Price-Sensitive Budget Shoppers,-1,Anomaly
45,Male,Hoodie,Clothing,20,Wisconsin,S,Blue,Winter,4.9,Yes,Venmo,2-Day Shipping,Yes,9,Venmo,3,Low,0,Adult,1,6,2.3913511140176533,-0.490637251026914,Price-Sensitive Budget Shoppers,-1,Anomaly
29,Male,Socks,Clothing,86,Washington,S,Maroon,Fall,4.2,Yes,PayPal,Express,Yes,48,Debit Card,7,Very_High,1,Young_Adult,1,0,0.5339909668807569,2.350872684389004,High-Value Premium Buyers,1,Normal
47,Male,Boots,Footwear,60,South Dakota,M,Violet,Fall,3.0,Yes,Debit Card,Standard,Yes,9,Debit Card,4,Medium,0,Adult,1,6,1.826251846322653,0.3528305239413708,Deal-Driven Shoppers,1,Normal
28,Male,Shirt,Clothing,70,Minnesota,M,Orange,Fall,3.4,Yes,Debit Card,2-Day Shipping,Yes,40,PayPal,3,High,1,Young_Adult,1,4,0.8367782167547725,1.8595942000776096,Deal-Driven Shoppers,1,Normal
64,Male,Belt,Accessories,39,Alaska,S,Turquoise,Fall,4.6,Yes,Credit Card,Standard,Yes,30,Venmo,1,Low,0,Middle_Aged,1,2,2.159790817419478,0.0028934392358061986,Price-Sensitive Budget Shoppers,1,Normal
47,Male,Backpack,Accessories,37,Kentucky,L,Olive,Fall,4.2,Yes,Credit Card,Store Pickup,Yes,6,Debit Card,5,Low,0,Adult,1,6,2.146989524726171,-0.12493100484983646,Price-Sensitive Budget Shoppers,1,Normal
60,Male,Boots,Footwear,29,North Dakota,M,Brown,Fall,3.2,Yes,Venmo,Free Shipping,Yes,42,Venmo,7,Low,0,Middle_Aged,1,2,2.4135901090287875,-0.2931561129230793,Price-Sensitive Budget Shoppers,1,Normal
67,Male,Coat,Outerwear,35,Alaska,S,Green,Winter,4.4,Yes,Cash,Store Pickup,Yes,9,PayPal,7,Low,0,Senior,1,2,2.209124606535919,-0.16277487469396135,Price-Sensitive Budget Shoppers,1,Normal
35,Male,Hoodie,Clothing,83,Oklahoma,S,Brown,Winter,2.5,Yes,Cash,Next Day Air,Yes,6,Debit Card,6,Very_High,1,Young_Adult,1,4,0.6516712171813187,2.054042524395525,High-Value Premium Buyers,1,Normal
30,Male,Shoes,Footwear,77,Delaware,M,Silver,Summer,3.6,Yes,Credit Card,Next Day Air,Yes,47,PayPal,4,High,1,Young_Adult,1,0,0.7603833837522516,2.0603615338326104,Deal-Driven Shoppers,1,Normal
23,Male,Shoes,Footwear,37,Montana,XL,White,Summer,4.5,Yes,PayPal,Store Pickup,Yes,36,Venmo,3,Low,0,Youth,1,6,2.171118716132512,-0.030404030474832644,Price-Sensitive Budget Shoppers,1,Normal
70,Male,Jewelry,Accessories,69,Alaska,L,Gold,Summer,3.4,Yes,Bank Transfer,Standard,Yes,19,Bank Transfer,1,High,1,Senior,1,0,0.9259675386507363,1.746377227945287,Deal-Driven Shoppers,-1,Anomaly
21,Male,Dress,Clothing,66,California,L,Green,Winter,3.2,Yes,Credit Card,2-Day Shipping,Yes,30,Cash,7,High,1,Youth,1,4,0.8994357422138962,1.7542988287224044,Deal-Driven Shoppers,-1,Anomaly
51,Male,Boots,Footwear,26,Massachusetts,L,Teal,Spring,4.2,Yes,Cash,Standard,Yes,27,Debit Card,7,Low,0,Middle_Aged,1,2,2.4125651305523244,-0.3415216918915797,Price-Sensitive Budget Shoppers,1,Normal
22,Male,Hat,Accessories,63,South Carolina,M,Charcoal,Spring,5.0,Yes,Debit Card,2-Day Shipping,Yes,25,Venmo,6,High,1,Youth,1,4,0.8674676310407219,1.7527866724793109,Deal-Driven Shoppers,-1,Anomaly
32,Male,Backpack,Accessories,38,West Virginia,M,Maroon,Summer,4.7,Yes,Cash,Store Pickup,Yes,5,Cash,1,Low,0,Young_Adult,1,6,2.0998606112804605,-0.08019585720952468,Price-Sensitive Budget Shoppers,1,Normal
37,Male,Shoes,Footwear,58,Oregon,L,Lavender,Summer,4.2,Yes,Venmo,Next Day Air,Yes,10,Cash,7,Medium,0,Adult,1,6,1.8072963393276722,0.3789948654435604,Family-Oriented Value Buyers,1,Normal
31,Male,Handbag,Accessories,46,Massachusetts,L,Green,Winter,3.4,Yes,Debit Card,2-Day Shipping,Yes,26,PayPal,7,Medium,0,Young_Adult,1,6,2.065129289806667,0.08744419184077883,Young Trend-Oriented Shoppers,1,Normal
44,Male,Sunglasses,Accessories,92,West Virginia,S,Pink,Fall,4.4,Yes,Bank Transfer,Store Pickup,Yes,11,Credit Card,7,Very_High,1,Adult,1,4,0.37453858999426615,2.396826667314306,High-Value Premium Buyers,1,Normal
40,Male,Hat,Accessories,32,California,XL,Charcoal,Winter,4.2,Yes,Debit Card,Standard,Yes,17,Bank Transfer,2,Low,0,Adult,1,6,2.2623936746024467,-0.23203164499770312,Price-Sensitive Budget Shoppers,1,Normal
27,Male,Scarf,Accessories,90,Colorado,M,Blue,Spring,4.5,Yes,Credit Card,Standard,Yes,44,PayPal,6,Very_High,1,Young_Adult,1,4,0.4616871885103518,2.4200143165874053,High-Value Premium Buyers,1,Normal
47,Male,Hoodie,Clothing,23,Indiana,L,Purple,Fall,2.8,Yes,PayPal,Next Day Air,Yes,44,Cash,6,Low,0,Adult,1,2,2.5554022512896015,-0.47321317573640787,Price-Sensitive Budget Shoppers,1,Normal
41,Male,Backpack,Accessories,25,Delaware,S,Gold,Fall,3.3,Yes,Debit Card,Next Day Air,Yes,21,Venmo,7,Low,0,Adult,1,6,2.449624441262733,-0.4343630027736993,Price-Sensitive Budget Shoppers,1,Normal
51,Male,Sweater,Clothing,54,Ohio,L,Purple,Fall,4.6,Yes,Cash,Next Day Air,Yes,49,Credit Card,1,Medium,0,Middle_Aged,1,2,1.921451013672137,0.41130320355484584,Family-Oriented Value Buyers,1,Normal
53,Male,Shorts,Clothing,72,Oklahoma,M,Charcoal,Summer,2.5,Yes,Debit Card,Free Shipping,Yes,27,Bank Transfer,7,High,1,Middle_Aged,1,0,0.8950464731731129,1.7994227914059815,Deal-Driven Shoppers,-1,Anomaly
43,Male,Scarf,Accessories,33,California,M,Black,Winter,4.7,Yes,Credit Card,Store Pickup,Yes,19,Cash,6,Low,0,Adult,1,6,2.1985175685520737,-0.16455006651490614,Price-Sensitive Budget Shoppers,1,Normal
67,Male,Hat,Accessories,43,New Hampshire,L,Lavender,Fall,4.6,Yes,PayPal,Express,Yes,33,Credit Card,4,Medium,0,Senior,1,2,2.0926149762845445,0.09225942783300078,Family-Oriented Value Buyers,1,Normal
61,Male,Coat,Outerwear,51,Pennsylvania,L,Lavender,Fall,2.6,Yes,Cash,Standard,Yes,46,Cash,5,Medium,0,Middle_Aged,1,2,2.107039651997466,0.1970869697411716,Family-Oriented Value Buyers,1,Normal
68,Male,Jewelry,Accessories,85,Idaho,M,Lavender,Winter,4.0,Yes,Cash,Standard,Yes,21,Credit Card,5,Very_High,1,Senior,1,0,0.5754326063171517,2.19738252692079,High-Value Premium Buyers,1,Normal
67,Male,Sandals,Footwear,100,Maryland,L,Olive,Summer,2.6,Yes,Debit Card,Next Day Air,Yes,23,Venmo,3,Very_High,1,Senior,1,0,0.45599901109199686,2.444917518374189,High-Value Premium Buyers,-1,Anomaly
29,Male,Gloves,Accessories,72,Pennsylvania,L,Teal,Spring,4.6,Yes,Cash,Free Shipping,Yes,38,Credit Card,7,High,1,Young_Adult,1,4,0.760753162862423,1.997725395781098,Deal-Driven Shoppers,1,Normal
50,Male,Backpack,Accessories,57,Colorado,M,Maroon,Fall,2.6,Yes,Debit Card,Standard,Yes,2,Bank Transfer,4,Medium,0,Adult,1,6,1.895969355168734,0.2183377054218331,Family-Oriented Value Buyers,1,Normal
61,Male,Jacket,Outerwear,94,Indiana,L,Cyan,Spring,4.0,Yes,Credit Card,Express,Yes,21,Debit Card,5,Very_High,1,Middle_Aged,1,0,0.43477174724889317,2.4206830643125112,High-Value Premium Buyers,1,Normal
19,Male,Backpack,Accessories,34,Nebraska,M,Charcoal,Summer,4.6,Yes,Debit Card,Store Pickup,Yes,1,Debit Card,7,Low,0,Youth,1,6,2.1580292983031026,-0.18558980359013438,Price-Sensitive Budget Shoppers,1,Normal
33,Male,Backpack,Accessories,89,Rhode Island,M,Black,Fall,3.7,Yes,PayPal,2-Day Shipping,Yes,10,Venmo,7,Very_High,1,Young_Adult,1,4,0.45400632421874737,2.261955372560272,High-Value Premium Buyers,1,Normal
51,Male,Sunglasses,Accessories,27,Kansas,S,Red,Fall,4.4,Yes,Debit Card,Store Pickup,Yes,45,Credit Card,2,Low,0,Middle_Aged,1,2,2.3867283475614873,-0.26270665680375643,Price-Sensitive Budget Shoppers,1,Normal
69,Male,Socks,Clothing,63,Georgia,S,Peach,Spring,4.0,Yes,Credit Card,Next Day Air,Yes,44,Bank Transfer,1,High,1,Senior,1,0,1.008007792438292,1.7250404505609709,Deal-Driven Shoppers,-1,Anomaly
19,Male,Shoes,Footwear,70,Nevada,M,White,Fall,4.7,Yes,Bank Transfer,Standard,Yes,48,PayPal,5,High,1,Youth,1,4,0.7674156217418783,1.9813805077259123,Deal-Driven Shoppers,1,Normal
55,Male,Pants,Clothing,87,South Carolina,XL,Pink,Fall,3.4,Yes,Venmo,Express,Yes,21,PayPal,3,Very_High,1,Middle_Aged,1,0,0.5420605926283975,2.223715462178385,High-Value Premium Buyers,1,Normal
49,Male,Jewelry,Accessories,79,Delaware,M,Red,Fall,4.0,Yes,Venmo,Next Day Air,Yes,1,Venmo,2,High,1,Adult,1,4,0.6326123023500245,2.0068732292515956,Deal-Driven Shoppers,1,Normal
31,Male,Sunglasses,Accessories,79,New Hampshire,M,Indigo,Spring,3.9,Yes,Credit Card,Standard,Yes,10,Venmo,3,High,1,Young_Adult,1,4,0.6366746642622325,2.0269458516587764,Deal-Driven Shoppers,1,Normal
42,Male,Sandals,Footwear,44,Oregon,L,Black,Winter,4.1,Yes,Venmo,Express,Yes,24,PayPal,6,Medium,0,Adult,1,6,2.0668043165362295,0.07077854412884245,Family-Oriented Value Buyers,1,Normal
69,Male,Sweater,Clothing,85,Massachusetts,M,White,Fall,3.7,Yes,Venmo,2-Day Shipping,Yes,29,Credit Card,6,Very_High,1,Senior,1,0,0.58685120224475,2.2058649163835016,High-Value Premium Buyers,1,Normal
26,Male,Shoes,Footwear,90,Vermont,L,Beige,Spring,4.7,Yes,Bank Transfer,Standard,Yes,11,Debit Card,3,Very_High,1,Young_Adult,1,4,0.4036750823964889,2.3495187703973475,High-Value Premium Buyers,1,Normal
41,Male,Jewelry,Accessories,94,Mississippi,S,Silver,Fall,4.3,Yes,Cash,2-Day Shipping,Yes,33,Debit Card,3,Very_High,1,Adult,1,0,0.3919520849741223,2.5077743066225944,High-Value Premium Buyers,1,Normal
55,Male,Boots,Footwear,68,Washington,S,Violet,Summer,4.1,Yes,Venmo,Store Pickup,Yes,27,Cash,1,High,1,Middle_Aged,1,0,0.8801473411586871,1.8344151222424603,Deal-Driven Shoppers,1,Normal
35,Male,Backpack,Accessories,51,Wyoming,M,Red,Winter,3.9,Yes,Venmo,Next Day Air,Yes,19,Venmo,1,Medium,0,Young_Adult,1,6,1.951998834561651,0.2312026176021454,Family-Oriented Value Buyers,1,Normal
66,Male,Sandals,Footwear,33,Minnesota,M,Orange,Spring,2.9,Yes,Bank Transfer,Express,Yes,50,Debit Card,4,Low,0,Senior,1,2,2.4178180739014388,-0.2086079584414,Price-Sensitive Budget Shoppers,1,Normal
36,Male,Sneakers,Footwear,60,Ohio,M,Teal,Summer,3.9,Yes,Bank Transfer,Standard,Yes,46,PayPal,2,Medium,0,Adult,1,2,1.8532497429107335,0.4935355967684787,Deal-Driven Shoppers,1,Normal
27,Male,Hoodie,Clothing,59,South Carolina,M,Brown,Fall,4.3,Yes,PayPal,2-Day Shipping,Yes,28,Cash,4,Medium,0,Young_Adult,1,6,1.747381809595061,0.46039320805819645,Young Trend-Oriented Shoppers,1,Normal
41,Male,Handbag,Accessories,30,Wisconsin,M,Indigo,Summer,2.8,Yes,Cash,Store Pickup,Yes,14,Bank Transfer,7,Low,0,Adult,1,6,2.388072881917991,-0.37953808389228033,Price-Sensitive Budget Shoppers,1,Normal
21,Male,Sweater,Clothing,20,Tennessee,M,Cyan,Winter,3.4,Yes,Cash,2-Day Shipping,Yes,46,Cash,1,Low,0,Youth,1,6,2.52466822083222,-0.47051528014456057,Price-Sensitive Budget Shoppers,-1,Anomaly
53,Male,Sandals,Footwear,20,Maryland,S,Blue,Summer,2.7,Yes,Venmo,Express,Yes,41,PayPal,6,Low,0,Middle_Aged,1,2,2.6254824778754395,-0.5543803846518088,Price-Sensitive Budget Shoppers,1,Normal
54,Male,Dress,Clothing,24,Mississippi,L,Olive,Spring,4.0,Yes,Credit Card,2-Day Shipping,Yes,50,Credit Card,3,Low,0,Middle_Aged,1,2,2.4706923188601237,-0.35523957446595994,Price-Sensitive Budget Shoppers,1,Normal
53,Male,Skirt,Clothing,88,Minnesota,M,Gray,Summer,4.4,Yes,Debit Card,Store Pickup,Yes,28,Debit Card,1,Very_High,1,Middle_Aged,1,0,0.5132767743425115,2.310108404484276,High-Value Premium Buyers,1,Normal
47,Male,Blouse,Clothing,78,Alaska,M,Red,Winter,3.9,Yes,Venmo,2-Day Shipping,Yes,23,Credit Card,7,High,1,Adult,1,4,0.6520641122940318,2.0470418732241304,Deal-Driven Shoppers,1,Normal
64,Male,Skirt,Clothing,25,Arkansas,L,Red,Spring,2.8,Yes,Credit Card,2-Day Shipping,Yes,14,Debit Card,5,Low,0,Middle_Aged,1,2,2.4749744371436297,-0.5023715907662396,Price-Sensitive Budget Shoppers,1,Normal
18,Male,Sweater,Clothing,57,Oregon,XL,Green,Winter,3.2,Yes,Venmo,Next Day Air,Yes,10,Bank Transfer,7,Medium,0,Youth,1,6,1.8315417254784807,0.3273828580280239,Young Trend-Oriented Shoppers,-1,Anomaly
68,Male,Backpack,Accessories,93,Louisiana,S,Blue,Summer,4.3,Yes,Venmo,Next Day Air,Yes,37,Cash,2,Very_High,1,Senior,1,0,0.4820447126803626,2.4540040480985494,High-Value Premium Buyers,1,Normal
62,Male,Hoodie,Clothing,42,Oklahoma,S,Purple,Summer,4.2,Yes,Credit Card,Express,Yes,15,Venmo,5,Medium,0,Middle_Aged,1,2,2.102466514444378,0.006137228430447714,Family-Oriented Value Buyers,1,Normal
51,Male,Boots,Footwear,54,Indiana,XL,Pink,Spring,4.9,Yes,Debit Card,Standard,Yes,19,Venmo,5,Medium,0,Middle_Aged,1,6,1.8526643192934615,0.3351150693521369,Family-Oriented Value Buyers,1,Normal
54,Male,Blouse,Clothing,70,Mississippi,XL,Charcoal,Summer,3.7,Yes,Bank Transfer,Express,Yes,23,Credit Card,1,High,1,Middle_Aged,1,0,0.8486652699396761,1.8229935571536677,Deal-Driven Shoppers,1,Normal
22,Male,Hoodie,Clothing,31,Michigan,M,Brown,Winter,4.1,Yes,Bank Transfer,Store Pickup,Yes,35,Credit Card,2,Low,0,Youth,1,6,2.2722193679807,-0.20382048049763707,Price-Sensitive Budget Shoppers,1,Normal
53,Male,Pants,Clothing,93,Delaware,L,Orange,Spring,4.2,Yes,Credit Card,Store Pickup,Yes,33,PayPal,7,Very_High,1,Middle_Aged,1,0,0.44473139199042594,2.4387789432295293,High-Value Premium Buyers,1,Normal
34,Male,Gloves,Accessories,40,Florida,M,Magenta,Spring,3.9,Yes,Venmo,Next Day Air,Yes,12,Bank Transfer,3,Medium,0,Young_Adult,1,6,2.120830655576879,-0.06849464761339659,Young Trend-Oriented Shoppers,1,Normal
32,Male,Hat,Accessories,32,Arkansas,L,Yellow,Summer,2.9,Yes,PayPal,Next Day Air,Yes,41,Venmo,1,Low,0,Young_Adult,1,2,2.4129585034473853,-0.2500921752568664,Price-Sensitive Budget Shoppers,1,Normal
64,Male,Sunglasses,Accessories,27,Minnesota,M,Beige,Winter,3.1,Yes,PayPal,Free Shipping,Yes,27,Venmo,2,Low,0,Middle_Aged,1,2,2.454417866339583,-0.4122884259983942,Price-Sensitive Budget Shoppers,1,Normal
20,Male,Scarf,Accessories,68,North Dakota,M,Olive,Winter,3.6,Yes,Credit Card,2-Day Shipping,Yes,45,Cash,1,High,1,Youth,1,4,0.8764780713831417,1.8661427589099309,Deal-Driven Shoppers,1,Normal
24,Male,Handbag,Accessories,59,California,L,Gray,Summer,4.4,Yes,Bank Transfer,2-Day Shipping,Yes,23,Venmo,3,Medium,0,Youth,1,6,1.778865752397435,0.44713013624046855,Young Trend-Oriented Shoppers,1,Normal
20,Male,Handbag,Accessories,36,Mississippi,S,Purple,Fall,3.1,Yes,Debit Card,Free Shipping,Yes,19,Venmo,6,Low,0,Youth,1,6,2.225881547060936,-0.17470999649799493,Price-Sensitive Budget Shoppers,1,Normal
42,Male,Jeans,Clothing,23,Pennsylvania,M,Beige,Summer,3.9,Yes,Debit Card,Standard,Yes,6,PayPal,4,Low,0,Adult,1,6,2.411769165459851,-0.5172729074421291,Price-Sensitive Budget Shoppers,1,Normal
48,Male,Jacket,Outerwear,80,Arizona,M,White,Winter,4.3,Yes,PayPal,Free Shipping,Yes,6,PayPal,4,High,1,Adult,1,4,0.582300845834009,2.050431304367293,High-Value Premium Buyers,1,Normal
62,Male,Backpack,Accessories,37,Louisiana,S,White,Fall,4.9,Yes,Debit Card,Store Pickup,Yes,20,Venmo,2,Low,0,Middle_Aged,1,2,2.163680493799678,-0.0602591623318096,Price-Sensitive Budget Shoppers,1,Normal
62,Male,Shorts,Clothing,52,Virginia,S,Gold,Spring,3.6,Yes,Debit Card,2-Day Shipping,Yes,8,Cash,2,Medium,0,Middle_Aged,1,2,1.9491321310548408,0.1730358832826007,Family-Oriented Value Buyers,1,Normal
50,Male,Coat,Outerwear,79,Montana,M,Olive,Fall,5.0,Yes,Debit Card,2-Day Shipping,Yes,39,Credit Card,4,High,1,Adult,1,0,0.6222876521756833,2.155245725170941,Deal-Driven Shoppers,1,Normal
57,Male,Shirt,Clothing,68,Iowa,XL,Green,Fall,4.1,Yes,Cash,Store Pickup,Yes,39,Credit Card,4,High,1,Middle_Aged,1,0,0.8627955849700979,1.8674041615182453,Deal-Driven Shoppers,1,Normal
24,Male,Gloves,Accessories,98,Illinois,L,Magenta,Fall,2.8,Yes,Debit Card,Express,Yes,39,Venmo,5,Very_High,1,Youth,1,4,0.41525761690542595,2.5113841735661957,High-Value Premium Buyers,-1,Anomaly
59,Male,Dress,Clothing,83,Alaska,M,Charcoal,Fall,4.7,Yes,Cash,Express,Yes,23,Credit Card,6,Very_High,1,Middle_Aged,1,0,0.5383182067622582,2.2129310637244277,High-Value Premium Buyers,1,Normal
63,Male,Pants,Clothing,83,Colorado,M,Indigo,Winter,4.4,Yes,Cash,Express,Yes,41,PayPal,5,Very_High,1,Middle_Aged,1,0,0.6101179288155827,2.2295247581272113,High-Value Premium Buyers,1,Normal
41,Male,Pants,Clothing,55,New Mexico,M,Peach,Spring,4.9,Yes,Cash,2-Day Shipping,Yes,50,Credit Card,3,Medium,0,Adult,1,2,1.854819987684217,0.45607126983351437,Family-Oriented Value Buyers,1,Normal
35,Male,Hoodie,Clothing,26,Colorado,L,Turquoise,Winter,3.1,Yes,Cash,Free Shipping,Yes,30,Debit Card,4,Low,0,Young_Adult,1,2,2.4436344353173673,-0.3947821234211216,Price-Sensitive Budget Shoppers,1,Normal
34,Male,Sunglasses,Accessories,76,Arizona,S,Blue,Winter,2.6,Yes,Debit Card,Standard,Yes,32,Bank Transfer,4,High,1,Young_Adult,1,0,0.809661788797263,1.9485654560871695,Deal-Driven Shoppers,1,Normal
49,Male,T-shirt,Clothing,85,Hawaii,S,Turquoise,Fall,2.9,Yes,Credit Card,Express,Yes,35,Bank Transfer,6,Very_High,1,Adult,1,0,0.6332770199042278,2.198108576090343,High-Value Premium Buyers,1,Normal
43,Male,Jacket,Outerwear,89,Illinois,M,Gray,Spring,3.3,Yes,PayPal,Free Shipping,Yes,45,Venmo,5,Very_High,1,Adult,1,0,0.568911657937712,2.3118784886505575,High-Value Premium Buyers,1,Normal
63,Male,Sweater,Clothing,41,Louisiana,XL,Purple,Spring,4.8,Yes,Credit Card,Next Day Air,Yes,37,Cash,5,Medium,0,Middle_Aged,1,2,2.1173524112712596,0.06667766433315116,Family-Oriented Value Buyers,1,Normal
38,Male,Jacket,Outerwear,30,Iowa,L,Black,Winter,4.7,Yes,PayPal,Express,Yes,45,Cash,2,Low,0,Adult,1,2,2.3183586684294886,-0.18473209538659047,Price-Sensitive Budget Shoppers,1,Normal
59,Male,Socks,Clothing,53,Washington,M,Peach,Winter,3.3,Yes,Cash,2-Day Shipping,Yes,29,Cash,4,Medium,0,Middle_Aged,1,2,1.960332308038823,0.24345845233864438,Family-Oriented Value Buyers,1,Normal
35,Male,Shirt,Clothing,66,Oklahoma,M,Indigo,Spring,4.2,Yes,Cash,Free Shipping,Yes,27,Venmo,5,High,1,Young_Adult,1,4,0.8603843484745355,1.7810358164916893,Deal-Driven Shoppers,1,Normal
48,Male,Jewelry,Accessories,33,Washington,XL,Beige,Winter,4.7,Yes,Venmo,Store Pickup,Yes,36,Bank Transfer,3,Low,0,Adult,1,2,2.2414894914055057,-0.1083308671494772,Price-Sensitive Budget Shoppers,1,Normal
64,Male,Sunglasses,Accessories,86,Arkansas,M,Yellow,Spring,2.6,Yes,Credit Card,2-Day Shipping,Yes,9,Cash,3,Very_High,1,Middle_Aged,1,0,0.6164392964443065,2.0992368014448948,High-Value Premium Buyers,1,Normal
28,Male,Pants,Clothing,60,Connecticut,M,Peach,Winter,2.9,Yes,Debit Card,2-Day Shipping,Yes,38,Venmo,5,Medium,0,Young_Adult,1,2,1.8555086116746442,0.42201683332705736,Deal-Driven Shoppers,1,Normal
60,Male,Socks,Clothing,62,Washington,S,Turquoise,Summer,2.7,Yes,PayPal,Express,Yes,41,PayPal,3,High,1,Middle_Aged,1,0,1.0937120741128554,1.6081761396078227,Deal-Driven Shoppers,1,Normal
27,Male,Blouse,Clothing,74,Maine,M,Teal,Fall,3.3,Yes,Credit Card,Store Pickup,Yes,25,Debit Card,7,High,1,Young_Adult,1,4,0.7431731638934957,1.9401996954224858,Deal-Driven Shoppers,1,Normal
56,Male,Sandals,Footwear,95,Michigan,M,Turquoise,Fall,3.4,Yes,PayPal,Express,Yes,37,Venmo,1,Very_High,1,Middle_Aged,1,0,0.45985917939301224,2.4428287783815597,High-Value Premium Buyers,1,Normal
58,Male,Sneakers,Footwear,25,Tennessee,M,Magenta,Spring,4.2,Yes,Venmo,Express,Yes,3,PayPal,3,Low,0,Middle_Aged,1,6,2.3635070646814245,-0.45392449704678284,Price-Sensitive Budget Shoppers,1,Normal
30,Male,Shirt,Clothing,59,Louisiana,XL,Purple,Winter,3.8,Yes,PayPal,2-Day Shipping,Yes,24,Credit Card,7,Medium,0,Young_Adult,1,6,1.7837284639058422,0.4288614359233885,Young Trend-Oriented Shoppers,1,Normal
23,Male,Jacket,Outerwear,29,Missouri,M,Brown,Summer,4.0,Yes,Debit Card,Standard,Yes,49,Credit Card,5,Low,0,Youth,1,6,2.366710739525676,-0.2457557810661029,Price-Sensitive Budget Shoppers,1,Normal
33,Male,Sandals,Footwear,36,Michigan,S,Violet,Winter,2.7,Yes,Venmo,Free Shipping,Yes,3,Bank Transfer,6,Low,0,Young_Adult,1,6,2.222140177231025,-0.23920466056771922,Price-Sensitive Budget Shoppers,1,Normal
63,Male,Hat,Accessories,82,Alabama,M,Yellow,Summer,4.7,Yes,Bank Transfer,Express,Yes,42,Debit Card,6,Very_High,1,Middle_Aged,1,0,0.6429868637557082,2.2255901513026366,High-Value Premium Buyers,1,Normal
70,Male,Blouse,Clothing,71,Massachusetts,XL,Magenta,Winter,3.5,Yes,Credit Card,Standard,Yes,32,Cash,1,High,1,Senior,1,0,0.8628040146586076,1.8539554106919844,Deal-Driven Shoppers,-1,Anomaly
70,Male,Sweater,Clothing,35,Indiana,L,Beige,Fall,3.0,Yes,PayPal,2-Day Shipping,Yes,33,Venmo,1,Low,0,Senior,1,2,2.342548035677313,-0.21255367624069543,Price-Sensitive Budget Shoppers,-1,Anomaly
19,Male,Gloves,Accessories,38,West Virginia,XL,Turquoise,Winter,3.3,Yes,Cash,Free Shipping,Yes,46,Bank Transfer,4,Low,0,Youth,1,6,2.224842053543179,-0.0273365565644776,Price-Sensitive Budget Shoppers,1,Normal
25,Male,Scarf,Accessories,59,Michigan,S,Peach,Summer,4.7,Yes,Cash,Store Pickup,Yes,44,Venmo,6,Medium,0,Youth,1,6,1.8068331835374705,0.5497999327102209,Young Trend-Oriented Shoppers,1,Normal
19,Male,Hoodie,Clothing,91,Pennsylvania,M,Orange,Summer,4.7,Yes,Cash,Express,Yes,35,Credit Card,7,Very_High,1,Youth,1,4,0.3987923853949236,2.4558617579202506,High-Value Premium Buyers,-1,Anomaly
25,Male,Shorts,Clothing,68,Alaska,XL,Red,Spring,4.8,Yes,Bank Transfer,Standard,Yes,45,Bank Transfer,2,High,1,Youth,1,4,0.8208435670541657,1.9157937204602777,Deal-Driven Shoppers,1,Normal
60,Male,Backpack,Accessories,21,Massachusetts,L,Silver,Summer,2.9,Yes,Credit Card,Standard,Yes,37,PayPal,5,Low,0,Middle_Aged,1,2,2.6040810792956264,-0.5430291600551452,Price-Sensitive Budget Shoppers,1,Normal
35,Male,Sunglasses,Accessories,95,North Dakota,M,Cyan,Spring,4.0,Yes,Venmo,2-Day Shipping,Yes,40,Debit Card,7,Very_High,1,Young_Adult,1,0,0.4036194020812553,2.5280772506996136,High-Value Premium Buyers,1,Normal
46,Male,Shorts,Clothing,52,Vermont,L,Turquoise,Spring,3.1,Yes,Credit Card,Free Shipping,Yes,30,Cash,7,Medium,0,Adult,1,2,2.002710767591054,0.21288069291020126,Family-Oriented Value Buyers,1,Normal
41,Male,Dress,Clothing,21,Kentucky,S,Charcoal,Fall,3.5,Yes,Venmo,2-Day Shipping,Yes,38,Venmo,7,Low,0,Adult,1,2,2.5056342543299204,-0.4533572579880357,Price-Sensitive Budget Shoppers,1,Normal
30,Male,Shorts,Clothing,67,Nevada,XL,Peach,Summer,3.7,Yes,Bank Transfer,Next Day Air,Yes,15,Debit Card,7,High,1,Young_Adult,1,4,0.8677370685138504,1.7499087138733316,Deal-Driven Shoppers,1,Normal
44,Male,Belt,Accessories,42,Utah,L,Green,Fall,2.8,Yes,Bank Transfer,Standard,Yes,49,Cash,6,Medium,0,Adult,1,2,2.2299242657704723,0.012049757453591811,Family-Oriented Value Buyers,1,Normal
61,Male,Scarf,Accessories,63,North Dakota,XL,Brown,Summer,4.6,Yes,Bank Transfer,Free Shipping,Yes,40,Debit Card,4,High,1,Middle_Aged,1,0,0.9581549684709965,1.7612962794612745,Deal-Driven Shoppers,1,Normal
55,Male,Boots,Footwear,41,Iowa,M,Yellow,Winter,3.8,Yes,PayPal,Standard,Yes,40,Debit Card,2,Medium,0,Middle_Aged,1,2,2.1870207357765157,0.020757164906761872,Family-Oriented Value Buyers,1,Normal
50,Male,Handbag,Accessories,46,Connecticut,M,Charcoal,Fall,2.6,Yes,Bank Transfer,2-Day Shipping,Yes,5,PayPal,2,Medium,0,Adult,1,6,2.083858375777466,-0.04162707504047651,Family-Oriented Value Buyers,1,Normal
57,Male,Pants,Clothing,79,Wisconsin,L,Olive,Winter,4.1,Yes,Venmo,Standard,Yes,5,PayPal,6,High,1,Middle_Aged,1,4,0.6416534172607028,2.008244009730568,Deal-Driven Shoppers,1,Normal
51,Male,Boots,Footwear,90,Idaho,L,Red,Fall,3.3,Yes,Cash,Next Day Air,Yes,5,Debit Card,7,Very_High,1,Middle_Aged,1,4,0.49973230521207895,2.2553257394454507,High-Value Premium Buyers,1,Normal
18,Male,Shirt,Clothing,71,Montana,M,White,Winter,3.4,Yes,Bank Transfer,Store Pickup,Yes,1,Cash,2,High,1,Youth,1,4,0.7516192585992261,1.796837025168021,Deal-Driven Shoppers,1,Normal
63,Male,Dress,Clothing,87,Connecticut,L,Pink,Summer,3.0,Yes,Debit Card,Standard,Yes,21,Venmo,2,Very_High,1,Middle_Aged,1,0,0.6334102820591254,2.15020566394609,High-Value Premium Buyers,1,Normal
34,Male,Hoodie,Clothing,66,Idaho,S,Black,Spring,3.2,Yes,Venmo,Express,Yes,18,PayPal,3,High,1,Young_Adult,1,4,0.910430312525598,1.7074833040208255,Deal-Driven Shoppers,1,Normal
25,Male,Pants,Clothing,90,Arkansas,XL,Indigo,Summer,4.5,Yes,PayPal,Free Shipping,Yes,49,Cash,4,Very_High,1,Youth,1,4,0.46009396693440124,2.439959592228357,High-Value Premium Buyers,1,Normal
46,Male,Jeans,Clothing,47,Iowa,L,Turquoise,Summer,4.8,Yes,Venmo,Express,Yes,27,Debit Card,2,Medium,0,Adult,1,6,2.0018968570791715,0.19961337888919836,Family-Oriented Value Buyers,1,Normal
59,Male,Shirt,Clothing,38,Louisiana,L,Purple,Spring,3.7,Yes,Debit Card,Next Day Air,Yes,21,Venmo,3,Low,0,Middle_Aged,1,2,2.2329651179784307,-0.13693688598275194,Price-Sensitive Budget Shoppers,1,Normal
37,Male,Backpack,Accessories,50,Kentucky,L,Beige,Summer,3.4,Yes,Cash,Store Pickup,Yes,19,Cash,1,Medium,0,Adult,1,6,2.0251088757781215,0.1624397107866491,Family-Oriented Value Buyers,1,Normal
49,Male,Jacket,Outerwear,79,Massachusetts,L,Charcoal,Summer,4.6,Yes,Debit Card,Standard,Yes,23,Debit Card,6,High,1,Adult,1,4,0.6723435651620037,2.078071048882884,Deal-Driven Shoppers,1,Normal
22,Male,Scarf,Accessories,91,Virginia,L,Turquoise,Spring,4.1,Yes,Bank Transfer,Standard,Yes,26,PayPal,1,Very_High,1,Youth,1,4,0.4562317511064893,2.370092232644626,High-Value Premium Buyers,1,Normal
64,Male,Boots,Footwear,60,New Hampshire,M,Maroon,Spring,3.5,Yes,PayPal,2-Day Shipping,Yes,13,Bank Transfer,5,Medium,0,Middle_Aged,1,2,1.8166638683289038,0.3691769380471981,Deal-Driven Shoppers,1,Normal
42,Male,Blouse,Clothing,81,New Hampshire,XL,Black,Summer,3.8,Yes,Credit Card,Next Day Air,Yes,36,Bank Transfer,4,High,1,Adult,1,0,0.6545553444297079,2.1371193757874805,High-Value Premium Buyers,1,Normal
37,Male,Hoodie,Clothing,90,Oregon,M,Lavender,Summer,2.6,Yes,Bank Transfer,Express,Yes,39,Bank Transfer,5,Very_High,1,Adult,1,0,0.5786470362350076,2.2882923469088583,High-Value Premium Buyers,1,Normal
26,Male,Jacket,Outerwear,70,South Dakota,M,Magenta,Fall,4.4,Yes,Venmo,Store Pickup,Yes,40,Debit Card,1,High,1,Young_Adult,1,4,0.7976472154347684,1.9401691856622398,Deal-Driven Shoppers,1,Normal
33,Male,Jeans,Clothing,63,Delaware,L,Green,Spring,2.6,Yes,Venmo,Express,Yes,37,Debit Card,4,High,1,Young_Adult,1,0,1.0460221814571005,1.6625518999098592,Deal-Driven Shoppers,1,Normal
30,Male,Jewelry,Accessories,29,Missouri,M,Olive,Spring,3.6,Yes,PayPal,Express,Yes,9,Venmo,5,Low,0,Young_Adult,1,6,2.3233248401853417,-0.3596949015418743,Price-Sensitive Budget Shoppers,1,Normal
21,Male,Socks,Clothing,90,Alaska,L,Green,Spring,4.2,Yes,Debit Card,Express,Yes,7,Venmo,7,Very_High,1,Youth,1,4,0.4064294279405685,2.309577061818514,High-Value Premium Buyers,1,Normal
22,Male,Shirt,Clothing,22,Florida,M,Peach,Summer,4.6,Yes,Bank Transfer,Standard,Yes,25,Bank Transfer,3,Low,0,Youth,1,6,2.387923297683042,-0.4360531628599142,Price-Sensitive Budget Shoppers,1,Normal
63,Male,Shorts,Clothing,22,Mississippi,L,Turquoise,Summer,3.3,Yes,Venmo,Next Day Air,Yes,42,Venmo,5,Low,0,Middle_Aged,1,2,2.5773475184892063,-0.478380388191884,Price-Sensitive Budget Shoppers,1,Normal
33,Male,Jewelry,Accessories,62,New Mexico,L,Orange,Fall,3.4,Yes,Bank Transfer,Free Shipping,Yes,19,Debit Card,2,High,1,Young_Adult,1,4,0.9732536423827644,1.625835065715146,Deal-Driven Shoppers,1,Normal
43,Male,Blouse,Clothing,57,California,L,Silver,Summer,4.4,Yes,Debit Card,Next Day Air,Yes,41,Debit Card,7,Medium,0,Adult,1,2,1.88032468179517,0.4345016021906748,Family-Oriented Value Buyers,1,Normal
27,Male,Sweater,Clothing,32,Wyoming,S,Blue,Summer,4.3,Yes,PayPal,Store Pickup,Yes,50,Cash,5,Low,0,Young_Adult,1,2,2.29239186877131,-0.12450060192041273,Price-Sensitive Budget Shoppers,1,Normal
35,Male,Jewelry,Accessories,53,Missouri,L,Cyan,Fall,3.5,Yes,Cash,Express,Yes,43,PayPal,6,Medium,0,Young_Adult,1,2,1.9783272448084743,0.31727929695553525,Family-Oriented Value Buyers,1,Normal
37,Male,T-shirt,Clothing,79,New Hampshire,XL,Green,Fall,4.7,Yes,Cash,Store Pickup,Yes,36,Venmo,7,High,1,Adult,1,4,0.6129797506292737,2.1736730535787148,Deal-Driven Shoppers,1,Normal
61,Male,Hat,Accessories,61,Texas,L,Silver,Winter,3.1,Yes,Cash,Standard,Yes,33,Debit Card,1,High,1,Middle_Aged,1,0,1.097256237442547,1.606078919825872,Deal-Driven Shoppers,1,Normal
32,Male,Shorts,Clothing,78,North Dakota,L,Yellow,Summer,3.6,Yes,PayPal,Next Day Air,Yes,20,Bank Transfer,7,High,1,Young_Adult,1,4,0.7013683278184057,2.0037101793076975,Deal-Driven Shoppers,1,Normal
62,Male,Sweater,Clothing,97,Arkansas,S,Gray,Winter,4.8,Yes,Credit Card,Next Day Air,Yes,37,Venmo,7,Very_High,1,Middle_Aged,1,0,0.3474979752773778,2.6028221992299603,High-Value Premium Buyers,-1,Anomaly
29,Male,Jeans,Clothing,78,Nebraska,M,Pink,Winter,3.7,Yes,Debit Card,Next Day Air,Yes,12,PayPal,7,High,1,Young_Adult,1,4,0.6514740389084779,1.994275952118841,Deal-Driven Shoppers,1,Normal
41,Male,Sunglasses,Accessories,56,Minnesota,L,Beige,Summer,3.2,Yes,Venmo,Express,Yes,46,PayPal,7,Medium,0,Adult,1,2,1.976211218003822,0.37012841233586863,Family-Oriented Value Buyers,1,Normal
48,Male,Boots,Footwear,25,Massachusetts,M,Indigo,Summer,3.9,Yes,Venmo,Standard,Yes,28,Venmo,1,Low,0,Adult,1,2,2.443965264499984,-0.3963020960819223,Price-Sensitive Budget Shoppers,1,Normal
43,Male,Coat,Outerwear,28,Arkansas,M,Red,Spring,3.5,Yes,Credit Card,Free Shipping,Yes,30,PayPal,1,Low,0,Adult,1,2,2.397148054082736,-0.3465998152163971,Price-Sensitive Budget Shoppers,1,Normal
34,Male,Shirt,Clothing,57,New Hampshire,L,Blue,Spring,2.8,Yes,Cash,Express,Yes,28,Cash,5,Medium,0,Young_Adult,1,6,1.919899685080727,0.32295287534186895,Young Trend-Oriented Shoppers,1,Normal
45,Male,Dress,Clothing,36,Rhode Island,L,Cyan,Fall,2.7,Yes,Cash,2-Day Shipping,Yes,20,Debit Card,5,Low,0,Adult,1,2,2.2654296004600956,-0.19971902577942915,Price-Sensitive Budget Shoppers,1,Normal
65,Male,Shirt,Clothing,69,New Jersey,S,Violet,Winter,3.1,Yes,Venmo,Express,Yes,39,Bank Transfer,7,High,1,Middle_Aged,1,0,0.9319003105528769,1.8314028847251334,Deal-Driven Shoppers,1,Normal
61,Male,Sunglasses,Accessories,48,Montana,M,Orange,Fall,3.6,Yes,Venmo,2-Day Shipping,Yes,48,Cash,5,Medium,0,Middle_Aged,1,2,2.059891058969222,0.20645185638038455,Family-Oriented Value Buyers,1,Normal
18,Male,Dress,Clothing,58,Colorado,L,Maroon,Spring,2.9,Yes,Debit Card,2-Day Shipping,Yes,32,Credit Card,7,Medium,0,Youth,1,6,1.885115372770291,0.361239175186079,Young Trend-Oriented Shoppers,-1,Anomaly
47,Male,Sunglasses,Accessories,24,Nebraska,M,Teal,Spring,3.6,Yes,PayPal,Store Pickup,Yes,28,PayPal,3,Low,0,Adult,1,2,2.459535443695896,-0.4442621317669776,Price-Sensitive Budget Shoppers,1,Normal
56,Male,Sunglasses,Accessories,31,Minnesota,L,Orange,Winter,3.5,Yes,Credit Card,2-Day Shipping,Yes,27,Venmo,4,Low,0,Middle_Aged,1,2,2.3507752417549606,-0.27150568397138136,Price-Sensitive Budget Shoppers,1,Normal
64,Male,Shorts,Clothing,29,Minnesota,S,Purple,Summer,3.5,Yes,Cash,Free Shipping,Yes,26,Venmo,5,Low,0,Middle_Aged,1,2,2.394051883163201,-0.3258168946512669,Price-Sensitive Budget Shoppers,1,Normal
26,Male,Jeans,Clothing,69,South Dakota,M,Orange,Summer,2.8,Yes,Bank Transfer,Next Day Air,Yes,22,Credit Card,1,High,1,Young_Adult,1,4,0.896046302795184,1.7519338785442937,Deal-Driven Shoppers,1,Normal
22,Male,T-shirt,Clothing,79,West Virginia,XL,Yellow,Summer,4.7,Yes,Debit Card,Free Shipping,Yes,23,Bank Transfer,7,High,1,Youth,1,4,0.5824989020195492,2.1192888462348174,Deal-Driven Shoppers,1,Normal
64,Male,Pants,Clothing,39,Nevada,M,Charcoal,Summer,3.1,Yes,Debit Card,Express,Yes,21,Debit Card,4,Low,0,Middle_Aged,1,2,2.2472570027315353,-0.12999862684812746,Price-Sensitive Budget Shoppers,1,Normal
21,Male,Sunglasses,Accessories,84,North Carolina,L,Gray,Fall,4.9,Yes,PayPal,Free Shipping,Yes,36,Cash,2,Very_High,1,Youth,1,4,0.5000786308806986,2.2933159822002205,High-Value Premium Buyers,1,Normal
67,Male,Boots,Footwear,66,Illinois,S,Charcoal,Spring,4.1,Yes,Debit Card,Next Day Air,Yes,42,Debit Card,5,High,1,Senior,1,0,0.9621806437671893,1.8160885237980002,Deal-Driven Shoppers,1,Normal
46,Male,T-shirt,Clothing,92,Michigan,L,Orange,Fall,4.7,Yes,Credit Card,Standard,Yes,4,Venmo,6,Very_High,1,Adult,1,4,0.3449293350366638,2.372584588939425,High-Value Premium Buyers,1,Normal
40,Male,Sandals,Footwear,45,Michigan,M,Red,Winter,2.5,Yes,Debit Card,Free Shipping,Yes,47,Credit Card,3,Medium,0,Adult,1,2,2.1714319315249457,0.05499459571875975,Family-Oriented Value Buyers,1,Normal
51,Male,Shorts,Clothing,74,Oklahoma,L,Gold,Spring,4.4,Yes,Venmo,Next Day Air,Yes,13,Bank Transfer,2,High,1,Middle_Aged,1,4,0.725415872565216,1.9330351949765303,Deal-Driven Shoppers,1,Normal
35,Male,Hat,Accessories,39,South Dakota,L,Brown,Fall,3.9,Yes,Bank Transfer,Free Shipping,Yes,8,Bank Transfer,4,Low,0,Young_Adult,1,6,2.1108400873736994,-0.09924776458182735,Price-Sensitive Budget Shoppers,1,Normal
56,Male,Scarf,Accessories,71,Oklahoma,M,Olive,Winter,3.7,Yes,Bank Transfer,Standard,Yes,11,Debit Card,4,High,1,Middle_Aged,1,4,0.8179808473965136,1.8235209359314806,Deal-Driven Shoppers,1,Normal
25,Male,T-shirt,Clothing,95,Maryland,L,Violet,Fall,3.4,Yes,Bank Transfer,Free Shipping,Yes,5,Venmo,3,Very_High,1,Youth,1,4,0.3461615336214509,2.378175123315951,High-Value Premium Buyers,1,Normal
65,Male,Gloves,Accessories,72,Ohio,L,Indigo,Fall,4.8,Yes,Credit Card,Free Shipping,Yes,1,Credit Card,6,High,1,Middle_Aged,1,4,0.6990338692757952,1.8760620202431546,Deal-Driven Shoppers,1,Normal
39,Male,Scarf,Accessories,85,Ohio,L,Yellow,Fall,4.2,Yes,Cash,2-Day Shipping,Yes,17,PayPal,7,Very_High,1,Adult,1,4,0.5199671500487868,2.217258403159546,High-Value Premium Buyers,1,Normal
47,Male,Boots,Footwear,54,Massachusetts,M,Teal,Fall,3.4,Yes,Credit Card,Store Pickup,Yes,27,Venmo,4,Medium,0,Adult,1,2,1.9317806557603354,0.2966502065447205,Family-Oriented Value Buyers,1,Normal
36,Male,Gloves,Accessories,41,North Carolina,L,Pink,Spring,2.9,Yes,Cash,Store Pickup,Yes,3,Debit Card,4,Medium,0,Adult,1,6,2.166611161148865,-0.11394071784596382,Family-Oriented Value Buyers,1,Normal
66,Male,Coat,Outerwear,24,Florida,M,Violet,Spring,3.3,Yes,Venmo,Free Shipping,Yes,22,PayPal,2,Low,0,Senior,1,2,2.4940615732826545,-0.49544026963441323,Price-Sensitive Budget Shoppers,1,Normal
62,Male,Belt,Accessories,99,Montana,S,Orange,Summer,4.8,Yes,Cash,Standard,Yes,24,Cash,1,Very_High,1,Middle_Aged,1,0,0.3127698585419383,2.6001923154348185,High-Value Premium Buyers,-1,Anomaly
41,Male,Hoodie,Clothing,32,Minnesota,M,Red,Fall,3.8,Yes,Debit Card,Store Pickup,Yes,18,Debit Card,4,Low,0,Adult,1,6,2.268692074181816,-0.2509843002606722,Price-Sensitive Budget Shoppers,1,Normal
66,Male,Shoes,Footwear,71,Massachusetts,L,Peach,Summer,4.6,Yes,Bank Transfer,2-Day Shipping,Yes,39,Bank Transfer,7,High,1,Senior,1,0,0.8293376726200878,1.9287239559602394,Deal-Driven Shoppers,1,Normal
51,Male,Dress,Clothing,49,Rhode Island,XL,Green,Winter,2.6,Yes,Bank Transfer,Next Day Air,Yes,25,Credit Card,1,Medium,0,Middle_Aged,1,2,2.076716894087714,0.10981690605140834,Family-Oriented Value Buyers,1,Normal
33,Male,Gloves,Accessories,50,Minnesota,XL,Violet,Fall,3.4,Yes,Credit Card,Free Shipping,Yes,6,Cash,3,Medium,0,Young_Adult,1,6,1.9289023192721364,0.14483150432025313,Young Trend-Oriented Shoppers,1,Normal
57,Male,Jewelry,Accessories,91,Nevada,L,Yellow,Fall,4.2,Yes,Credit Card,Express,Yes,26,Bank Transfer,2,Very_High,1,Middle_Aged,1,0,0.4590794596455709,2.3795282401628723,High-Value Premium Buyers,1,Normal
45,Male,Belt,Accessories,46,New Mexico,M,Pink,Fall,3.9,Yes,Credit Card,Standard,Yes,43,Debit Card,1,Medium,0,Adult,1,2,2.069836340550183,0.174069238352588,Family-Oriented Value Buyers,1,Normal
61,Male,Sweater,Clothing,50,North Carolina,M,Brown,Spring,2.9,Yes,Debit Card,2-Day Shipping,Yes,6,Credit Card,6,Medium,0,Middle_Aged,1,2,2.0187740078436165,0.06053692696987623,Family-Oriented Value Buyers,1,Normal
55,Male,Skirt,Clothing,39,Virginia,XL,Silver,Fall,4.2,Yes,Bank Transfer,Free Shipping,Yes,6,Debit Card,4,Low,0,Middle_Aged,1,6,2.0980221972324147,-0.09212734191613137,Price-Sensitive Budget Shoppers,1,Normal
54,Male,Sneakers,Footwear,99,Alaska,M,Pink,Summer,3.0,Yes,Bank Transfer,Store Pickup,Yes,13,Cash,4,Very_High,1,Middle_Aged,1,0,0.37726752515585865,2.45148139928161,High-Value Premium Buyers,1,Normal
57,Male,Gloves,Accessories,48,Nevada,M,Cyan,Winter,3.6,Yes,PayPal,Next Day Air,Yes,13,PayPal,6,Medium,0,Middle_Aged,1,2,2.026274193361144,0.0938496098884156,Family-Oriented Value Buyers,1,Normal
27,Male,Coat,Outerwear,77,Pennsylvania,M,Brown,Fall,2.5,Yes,Cash,Next Day Air,Yes,11,Cash,3,High,1,Young_Adult,1,4,0.7445246511553341,1.9041617392085806,Deal-Driven Shoppers,1,Normal
64,Male,Backpack,Accessories,95,Illinois,XL,Red,Spring,2.6,Yes,PayPal,Express,Yes,45,Venmo,2,Very_High,1,Middle_Aged,1,0,0.5598490464425876,2.415699654124058,High-Value Premium Buyers,-1,Anomaly
52,Male,Socks,Clothing,100,Delaware,M,Silver,Spring,4.3,Yes,Credit Card,Store Pickup,Yes,8,PayPal,6,Very_High,1,Middle_Aged,1,4,0.2532998623319159,2.5299958916469985,High-Value Premium Buyers,1,Normal
19,Male,Sneakers,Footwear,54,Vermont,M,Gray,Spring,3.3,Yes,Venmo,Express,Yes,8,Credit Card,3,Medium,0,Youth,1,6,1.8777705918597993,0.24280504884499476,Young Trend-Oriented Shoppers,1,Normal
22,Male,Sweater,Clothing,68,Hawaii,L,Cyan,Fall,2.6,Yes,Credit Card,Next Day Air,Yes,34,Bank Transfer,1,High,1,Youth,1,4,0.9325273305212006,1.7662593661116033,Deal-Driven Shoppers,-1,Anomaly
18,Male,Jeans,Clothing,22,Illinois,L,Teal,Fall,3.6,Yes,Cash,Free Shipping,Yes,40,Debit Card,5,Low,0,Youth,1,6,2.454387025711281,-0.40820296950461843,Price-Sensitive Budget Shoppers,-1,Anomaly
29,Male,Hat,Accessories,84,California,L,Indigo,Winter,2.6,Yes,Venmo,Express,Yes,14,Debit Card,5,Very_High,1,Young_Adult,1,4,0.6364644492488695,2.1155795742792067,High-Value Premium Buyers,1,Normal
42,Male,Hat,Accessories,46,Nevada,M,Yellow,Summer,3.5,Yes,Credit Card,Standard,Yes,11,Credit Card,4,Medium,0,Adult,1,6,2.0478782904870214,0.049695602799016296,Family-Oriented Value Buyers,1,Normal
49,Male,Handbag,Accessories,53,Kentucky,S,Gold,Winter,3.0,Yes,PayPal,Store Pickup,Yes,8,PayPal,6,Medium,0,Adult,1,6,1.9590995755486624,0.17708667121033872,Family-Oriented Value Buyers,1,Normal
49,Male,Shirt,Clothing,60,Alabama,M,Maroon,Spring,5.0,Yes,PayPal,Standard,Yes,8,Venmo,7,Medium,0,Adult,1,6,1.709597505753265,0.44766708409053635,Deal-Driven Shoppers,-1,Anomaly
55,Male,Socks,Clothing,32,Wyoming,XL,Silver,Spring,2.5,Yes,Credit Card,Express,Yes,37,Venmo,2,Low,0,Middle_Aged,1,2,2.4158364376673296,-0.29348470154976647,Price-Sensitive Budget Shoppers,1,Normal
29,Male,Socks,Clothing,50,Massachusetts,M,Yellow,Summer,2.9,Yes,Cash,Store Pickup,Yes,23,Debit Card,3,Medium,0,Young_Adult,1,6,2.0216805600704753,0.15159129932935095,Young Trend-Oriented Shoppers,1,Normal
60,Male,Dress,Clothing,94,Utah,M,Blue,Spring,4.6,Yes,Credit Card,Express,Yes,38,Cash,3,Very_High,1,Middle_Aged,1,0,0.3955630212642583,2.499875111995731,High-Value Premium Buyers,1,Normal
34,Male,Shoes,Footwear,26,New York,M,Turquoise,Spring,3.6,Yes,Venmo,Free Shipping,Yes,38,Cash,4,Low,0,Young_Adult,1,2,2.4152270359585937,-0.34754979023883764,Price-Sensitive Budget Shoppers,1,Normal
30,Male,Scarf,Accessories,44,Vermont,L,Indigo,Winter,3.0,Yes,PayPal,Store Pickup,Yes,12,Credit Card,1,Medium,0,Young_Adult,1,6,2.111926353769935,-0.023897984210055026,Young Trend-Oriented Shoppers,1,Normal
28,Male,Hoodie,Clothing,57,Hawaii,M,Green,Summer,4.5,Yes,PayPal,Standard,Yes,15,Cash,2,Medium,0,Young_Adult,1,6,1.7832074899963881,0.37502529605864665,Young Trend-Oriented Shoppers,1,Normal
63,Male,T-shirt,Clothing,65,Louisiana,L,Purple,Winter,4.5,Yes,Debit Card,Next Day Air,Yes,38,PayPal,1,High,1,Middle_Aged,1,0,0.936170919158389,1.7764273819681449,Deal-Driven Shoppers,1,Normal
31,Male,Jeans,Clothing,72,Alabama,M,Peach,Winter,3.2,Yes,Debit Card,Store Pickup,Yes,41,Bank Transfer,7,High,1,Young_Adult,1,0,0.8416875212286923,1.9039191804552438,Deal-Driven Shoppers,1,Normal
46,Male,Shorts,Clothing,62,Louisiana,S,Purple,Spring,4.0,Yes,Bank Transfer,Next Day Air,Yes,37,PayPal,1,High,1,Adult,1,0,0.9997356967220744,1.6942400766601289,Deal-Driven Shoppers,1,Normal
70,Male,Hat,Accessories,21,Indiana,S,Teal,Winter,4.8,Yes,Credit Card,Express,Yes,16,Bank Transfer,7,Low,0,Senior,1,2,2.435707137608557,-0.44460111190197044,Price-Sensitive Budget Shoppers,-1,Anomaly
53,Male,Handbag,Accessories,85,Michigan,S,Green,Spring,3.7,Yes,Bank Transfer,Free Shipping,Yes,25,Venmo,2,Very_High,1,Middle_Aged,1,0,0.5993389539907223,2.2025888238568667,High-Value Premium Buyers,1,Normal
50,Male,Pants,Clothing,51,Rhode Island,XL,Yellow,Summer,3.8,Yes,Venmo,Store Pickup,Yes,18,Bank Transfer,4,Medium,0,Adult,1,6,1.96030023201369,0.2069948282608673,Family-Oriented Value Buyers,1,Normal
33,Male,Handbag,Accessories,84,Idaho,S,Purple,Fall,2.7,Yes,Venmo,Standard,Yes,4,Credit Card,5,Very_High,1,Young_Adult,1,4,0.5895462196942886,2.087414619879125,High-Value Premium Buyers,1,Normal
22,Male,Sweater,Clothing,37,Louisiana,M,Indigo,Summer,4.9,Yes,Venmo,Store Pickup,Yes,12,Bank Transfer,4,Low,0,Youth,1,6,2.0900426335168953,-0.07333549189528805,Price-Sensitive Budget Shoppers,1,Normal
50,Male,Scarf,Accessories,44,North Carolina,S,Magenta,Summer,3.1,Yes,Credit Card,2-Day Shipping,Yes,35,PayPal,1,Medium,0,Adult,1,2,2.1638351884632687,0.04415569588381629,Family-Oriented Value Buyers,1,Normal
34,Male,Sneakers,Footwear,45,New Jersey,M,Violet,Spring,4.2,Yes,Venmo,Next Day Air,Yes,45,Venmo,2,Medium,0,Young_Adult,1,2,2.091002999013788,0.16327787562710264,Young Trend-Oriented Shoppers,1,Normal
24,Male,Pants,Clothing,35,Alabama,L,Maroon,Summer,3.8,Yes,Cash,Free Shipping,Yes,16,Credit Card,6,Low,0,Youth,1,6,2.20520363894312,-0.18511187658855316,Price-Sensitive Budget Shoppers,1,Normal
69,Male,Backpack,Accessories,50,Kentucky,XL,Yellow,Winter,4.2,Yes,Bank Transfer,Store Pickup,Yes,10,Debit Card,1,Medium,0,Senior,1,2,1.9743256325739542,0.18282402891371183,Family-Oriented Value Buyers,1,Normal
39,Male,Sandals,Footwear,26,New York,M,Beige,Summer,4.6,Yes,Cash,Store Pickup,Yes,34,Venmo,3,Low,0,Adult,1,6,2.3743405906719044,-0.3102569750475348,Price-Sensitive Budget Shoppers,1,Normal
42,Male,Socks,Clothing,78,Arizona,XL,Black,Fall,4.0,Yes,Debit Card,2-Day Shipping,Yes,43,Credit Card,3,High,1,Adult,1,0,0.6743277771325457,2.092331159283977,Deal-Driven Shoppers,1,Normal
42,Male,Coat,Outerwear,82,Maryland,M,Violet,Fall,4.0,Yes,Cash,2-Day Shipping,Yes,38,Debit Card,2,Very_High,1,Adult,1,0,0.6330346242406532,2.187920584728733,High-Value Premium Buyers,1,Normal
29,Male,Socks,Clothing,39,Alaska,M,Violet,Spring,3.8,Yes,Cash,2-Day Shipping,Yes,48,PayPal,7,Low,0,Young_Adult,1,2,2.1801619369560745,0.002862243836261033,Price-Sensitive Budget Shoppers,1,Normal
55,Male,Belt,Accessories,55,Nevada,L,Brown,Summer,3.3,Yes,Venmo,Free Shipping,Yes,31,PayPal,3,Medium,0,Middle_Aged,1,2,1.9607327046693461,0.2950158959275364,Family-Oriented Value Buyers,1,Normal
32,Male,Socks,Clothing,20,Utah,S,Gold,Summer,2.6,Yes,Credit Card,Free Shipping,Yes,20,Cash,7,Low,0,Young_Adult,1,6,2.537610053295152,-0.5960692869104298,Price-Sensitive Budget Shoppers,-1,Anomaly
25,Male,Belt,Accessories,29,New Mexico,L,Blue,Fall,4.9,Yes,Credit Card,Express,Yes,12,Credit Card,1,Low,0,Youth,1,6,2.221775355081674,-0.2538795122414226,Price-Sensitive Budget Shoppers,-1,Anomaly
38,Male,Pants,Clothing,41,Delaware,M,Teal,Winter,3.5,Yes,Venmo,Next Day Air,Yes,2,Bank Transfer,2,Medium,0,Adult,1,6,2.1042493803438482,-0.09041104779095405,Family-Oriented Value Buyers,1,Normal
32,Male,Shorts,Clothing,38,Connecticut,L,Silver,Winter,2.8,Yes,Credit Card,Express,Yes,30,Venmo,7,Low,0,Young_Adult,1,6,2.251425944846061,-0.12602372572451462,Price-Sensitive Budget Shoppers,1,Normal
43,Male,Boots,Footwear,47,Mississippi,M,Maroon,Summer,2.6,Yes,Cash,Store Pickup,Yes,28,Venmo,4,Medium,0,Adult,1,2,2.1327362141330224,0.06688924235325291,Family-Oriented Value Buyers,1,Normal
41,Male,Dress,Clothing,30,Connecticut,L,White,Summer,3.7,Yes,Venmo,Next Day Air,Yes,40,Debit Card,6,Low,0,Adult,1,2,2.382499851121696,-0.24199562329232388,Price-Sensitive Budget Shoppers,1,Normal
56,Male,Jeans,Clothing,56,Florida,L,Charcoal,Summer,2.7,Yes,Credit Card,Standard,Yes,46,PayPal,4,Medium,0,Middle_Aged,1,2,2.0170362729132183,0.3189362535617049,Family-Oriented Value Buyers,1,Normal
27,Male,T-shirt,Clothing,89,New York,S,Brown,Winter,3.3,Yes,Bank Transfer,Express,Yes,15,Credit Card,2,Very_High,1,Young_Adult,1,4,0.48266195960680874,2.2723464007723173,High-Value Premium Buyers,1,Normal
46,Male,Shoes,Footwear,96,Wisconsin,L,Lavender,Fall,4.6,Yes,PayPal,Next Day Air,Yes,38,Cash,7,Very_High,1,Adult,1,0,0.3614584949189231,2.550993746685408,High-Value Premium Buyers,1,Normal
48,Male,Boots,Footwear,81,South Carolina,M,Violet,Fall,4.9,Yes,PayPal,Next Day Air,Yes,30,PayPal,5,High,1,Adult,1,4,0.5692345286811354,2.1872774812402476,High-Value Premium Buyers,1,Normal
52,Male,Scarf,Accessories,83,South Dakota,S,Lavender,Fall,4.9,Yes,Debit Card,Store Pickup,Yes,32,Debit Card,5,Very_High,1,Middle_Aged,1,0,0.5555071658024854,2.265223288131386,High-Value Premium Buyers,1,Normal
18,Male,Sneakers,Footwear,35,Illinois,M,Green,Winter,2.7,Yes,Debit Card,Free Shipping,Yes,36,Venmo,4,Low,0,Youth,1,6,2.2929945237745084,-0.17784346619053934,Price-Sensitive Budget Shoppers,1,Normal
64,Male,Boots,Footwear,56,Alaska,M,Olive,Summer,3.2,Yes,PayPal,Standard,Yes,32,Credit Card,2,Medium,0,Middle_Aged,1,2,1.966401279458534,0.29908302369651935,Family-Oriented Value Buyers,1,Normal
54,Male,Handbag,Accessories,45,Montana,S,Olive,Summer,2.9,Yes,Credit Card,Store Pickup,Yes,14,Debit Card,3,Medium,0,Middle_Aged,1,2,2.1332791314509634,0.006015072471068708,Family-Oriented Value Buyers,1,Normal
31,Male,Shirt,Clothing,62,Minnesota,M,Pink,Winter,3.8,Yes,Cash,Express,Yes,8,PayPal,6,High,1,Young_Adult,1,4,0.9056698937451307,1.6114834100472717,Deal-Driven Shoppers,1,Normal
30,Male,Hat,Accessories,84,West Virginia,L,Teal,Spring,3.0,Yes,Cash,Next Day Air,Yes,27,Venmo,5,Very_High,1,Young_Adult,1,4,0.6593465818644517,2.1583780105595594,High-Value Premium Buyers,1,Normal
26,Male,Sweater,Clothing,24,Illinois,L,Cyan,Summer,3.9,Yes,Credit Card,Store Pickup,Yes,24,Debit Card,6,Low,0,Young_Adult,1,6,2.4177373935774105,-0.4087931447916949,Price-Sensitive Budget Shoppers,1,Normal
25,Male,Handbag,Accessories,21,Nevada,S,Gray,Spring,4.7,Yes,Credit Card,Store Pickup,Yes,30,PayPal,1,Low,0,Youth,1,6,2.4217213927292627,-0.40292567776594507,Price-Sensitive Budget Shoppers,-1,Anomaly
59,Male,Shirt,Clothing,91,Idaho,M,Peach,Winter,4.9,Yes,Cash,Store Pickup,Yes,34,Debit Card,6,Very_High,1,Middle_Aged,1,0,0.4245539917703031,2.4462945700548193,High-Value Premium Buyers,1,Normal
55,Male,Sunglasses,Accessories,36,Colorado,S,Teal,Winter,4.8,Yes,Bank Transfer,Next Day Air,Yes,28,Debit Card,4,Low,0,Middle_Aged,1,2,2.1938505735486475,-0.04929047234581917,Price-Sensitive Budget Shoppers,1,Normal
56,Male,Sneakers,Footwear,39,Louisiana,M,Turquoise,Spring,2.5,Yes,Cash,2-Day Shipping,Yes,27,Debit Card,6,Low,0,Middle_Aged,1,2,2.2881061303841905,-0.14619447028087934,Price-Sensitive Budget Shoppers,1,Normal
62,Male,Hoodie,Clothing,39,Vermont,M,Green,Spring,3.9,Yes,Cash,Standard,Yes,31,Credit Card,5,Low,0,Middle_Aged,1,2,2.189745058699826,-0.058723841298797624,Price-Sensitive Budget Shoppers,1,Normal
35,Male,Shirt,Clothing,59,Mississippi,L,Magenta,Winter,3.4,Yes,Cash,Standard,Yes,23,Bank Transfer,3,Medium,0,Young_Adult,1,6,1.8355498414576374,0.3909702073613185,Family-Oriented Value Buyers,1,Normal
51,Male,Sunglasses,Accessories,27,Georgia,M,Green,Winter,2.5,Yes,PayPal,Free Shipping,Yes,11,Credit Card,4,Low,0,Middle_Aged,1,2,2.421417978115681,-0.4722964259526602,Price-Sensitive Budget Shoppers,1,Normal
61,Male,Blouse,Clothing,94,Georgia,M,White,Spring,3.0,Yes,Venmo,Store Pickup,Yes,48,Cash,4,Very_High,1,Middle_Aged,1,0,0.5204098229935966,2.434141596672232,High-Value Premium Buyers,1,Normal
27,Male,Belt,Accessories,94,Nebraska,XL,Brown,Fall,3.6,Yes,Venmo,Next Day Air,Yes,17,Cash,6,Very_High,1,Young_Adult,1,4,0.38540022374061267,2.411038557949139,High-Value Premium Buyers,1,Normal
54,Male,Dress,Clothing,94,Massachusetts,M,Purple,Winter,3.6,Yes,Credit Card,Standard,Yes,36,PayPal,2,Very_High,1,Middle_Aged,1,0,0.45047221639757806,2.4377646942818165,High-Value Premium Buyers,1,Normal
31,Male,Shoes,Footwear,51,Colorado,S,Green,Fall,4.1,Yes,Credit Card,Free Shipping,Yes,33,Bank Transfer,1,Medium,0,Young_Adult,1,6,1.917261306284039,0.30035570970391245,Young Trend-Oriented Shoppers,1,Normal
24,Male,Socks,Clothing,62,Nevada,M,Peach,Fall,3.7,Yes,Bank Transfer,2-Day Shipping,Yes,27,PayPal,5,High,1,Youth,1,4,0.9118436381915461,1.6535601290501454,Deal-Driven Shoppers,1,Normal
42,Male,Socks,Clothing,57,Idaho,S,Silver,Spring,3.1,Yes,Debit Card,2-Day Shipping,Yes,14,Credit Card,1,Medium,0,Adult,1,6,1.8824692066064137,0.28808294028470083,Family-Oriented Value Buyers,1,Normal
41,Male,Shorts,Clothing,76,Wyoming,M,Maroon,Fall,4.2,Yes,Cash,Express,Yes,5,Credit Card,3,High,1,Adult,1,4,0.6319637163412871,1.9676323733964631,Deal-Driven Shoppers,1,Normal
66,Male,Gloves,Accessories,63,Washington,M,Red,Summer,4.3,Yes,Debit Card,Express,Yes,47,Cash,7,High,1,Senior,1,0,1.0069965589904655,1.7443156460638007,Deal-Driven Shoppers,1,Normal
58,Male,Jacket,Outerwear,80,California,L,Blue,Fall,2.5,Yes,Credit Card,Express,Yes,28,Cash,5,High,1,Middle_Aged,1,0,0.7554303185024956,2.001024105132565,High-Value Premium Buyers,1,Normal
43,Male,Handbag,Accessories,68,Oklahoma,M,Purple,Fall,3.5,Yes,Debit Card,Standard,Yes,11,Credit Card,3,High,1,Adult,1,4,0.8507634806555723,1.7276859248466845,Deal-Driven Shoppers,1,Normal
52,Male,Backpack,Accessories,89,Nevada,M,Indigo,Summer,3.1,Yes,Debit Card,Free Shipping,Yes,18,Credit Card,2,Very_High,1,Middle_Aged,1,0,0.5577638403872723,2.2195559759497945,High-Value Premium Buyers,1,Normal
35,Male,Boots,Footwear,26,Maryland,L,Indigo,Summer,2.5,Yes,Debit Card,Next Day Air,Yes,21,Debit Card,2,Low,0,Young_Adult,1,6,2.508411721182425,-0.47973866207414395,Price-Sensitive Budget Shoppers,1,Normal
23,Male,Gloves,Accessories,90,West Virginia,L,Violet,Winter,3.9,Yes,PayPal,Store Pickup,Yes,22,Cash,5,Very_High,1,Youth,1,4,0.44985538653824997,2.3479746706680578,High-Value Premium Buyers,1,Normal
25,Male,Hoodie,Clothing,28,Illinois,L,Brown,Spring,4.9,Yes,Credit Card,Express,Yes,33,Cash,7,Low,0,Youth,1,6,2.2845565090188034,-0.23114424535655864,Price-Sensitive Budget Shoppers,-1,Anomaly
33,Male,Coat,Outerwear,29,Kentucky,M,Gray,Spring,4.3,Yes,Bank Transfer,Express,Yes,49,Credit Card,3,Low,0,Young_Adult,1,2,2.3545178518817513,-0.2149561658670573,Price-Sensitive Budget Shoppers,1,Normal
48,Male,Shirt,Clothing,31,Illinois,L,Teal,Spring,2.6,Yes,Cash,Free Shipping,Yes,10,Debit Card,7,Low,0,Adult,1,6,2.3681928390082794,-0.3640930798382334,Price-Sensitive Budget Shoppers,1,Normal
42,Male,Shirt,Clothing,24,Alabama,L,Teal,Summer,4.2,Yes,Bank Transfer,2-Day Shipping,Yes,18,PayPal,2,Low,0,Adult,1,6,2.3991893915760283,-0.4423192032067914,Price-Sensitive Budget Shoppers,1,Normal
55,Male,Sweater,Clothing,88,Texas,M,Beige,Summer,2.6,Yes,Venmo,Store Pickup,Yes,28,PayPal,1,Very_High,1,Middle_Aged,1,0,0.6243774788663632,2.202542909843821,High-Value Premium Buyers,1,Normal
59,Male,Shirt,Clothing,87,Missouri,M,Violet,Spring,3.6,Yes,Venmo,Express,Yes,25,PayPal,2,Very_High,1,Middle_Aged,1,0,0.564786718487611,2.2337261699241884,High-Value Premium Buyers,1,Normal
65,Male,Hoodie,Clothing,80,Pennsylvania,S,Beige,Summer,3.2,Yes,Cash,Express,Yes,6,PayPal,2,High,1,Middle_Aged,1,0,0.700948114229114,1.9902970117856094,High-Value Premium Buyers,1,Normal
59,Male,Sandals,Footwear,48,Missouri,L,Purple,Winter,4.4,Yes,PayPal,Express,Yes,44,Venmo,5,Medium,0,Middle_Aged,1,2,2.040513610421212,0.23041298032472898,Family-Oriented Value Buyers,1,Normal
31,Male,Belt,Accessories,21,Michigan,XL,Charcoal,Winter,3.7,Yes,PayPal,Standard,Yes,30,Venmo,6,Low,0,Young_Adult,1,6,2.4937905405245457,-0.4847941354823343,Price-Sensitive Budget Shoppers,1,Normal
49,Male,Boots,Footwear,72,Kentucky,M,Pink,Spring,3.7,Yes,Bank Transfer,Express,Yes,42,Debit Card,4,High,1,Adult,1,0,0.8468365364838859,1.9374349425561639,Deal-Driven Shoppers,1,Normal
53,Male,Hoodie,Clothing,44,New Jersey,L,Blue,Fall,4.1,Yes,Bank Transfer,Standard,Yes,30,PayPal,6,Medium,0,Middle_Aged,1,2,2.0846619012647762,0.05695603741970438,Family-Oriented Value Buyers,1,Normal
48,Male,Sandals,Footwear,73,Delaware,M,Lavender,Fall,3.6,Yes,PayPal,Store Pickup,Yes,33,Credit Card,5,High,1,Adult,1,0,0.7898136434342665,1.9192005496675602,Deal-Driven Shoppers,1,Normal
23,Male,Jeans,Clothing,61,Missouri,S,Charcoal,Spring,4.3,Yes,Debit Card,Express,Yes,24,PayPal,4,High,1,Youth,1,4,0.9371493945007394,1.6751385957723315,Deal-Driven Shoppers,1,Normal
68,Male,Shoes,Footwear,20,Connecticut,L,Turquoise,Winter,2.6,Yes,Bank Transfer,Store Pickup,Yes,13,Venmo,6,Low,0,Senior,1,2,2.6068463745749897,-0.6585910812949131,Price-Sensitive Budget Shoppers,-1,Anomaly
35,Male,Sandals,Footwear,86,Massachusetts,M,Red,Summer,2.9,Yes,Credit Card,Express,Yes,19,Debit Card,6,Very_High,1,Young_Adult,1,4,0.5979188095006248,2.170796348206034,High-Value Premium Buyers,1,Normal
34,Male,Dress,Clothing,60,Florida,L,Yellow,Spring,4.2,Yes,Venmo,Next Day Air,Yes,23,Debit Card,7,Medium,0,Young_Adult,1,6,1.7872948727034472,0.4778643798320382,Deal-Driven Shoppers,1,Normal
62,Male,Hat,Accessories,43,Delaware,L,Orange,Winter,4.0,Yes,PayPal,Free Shipping,Yes,35,Cash,6,Medium,0,Middle_Aged,1,2,2.136541666092954,0.056430556641259164,Family-Oriented Value Buyers,1,Normal
21,Male,Pants,Clothing,44,California,L,Blue,Spring,4.3,Yes,Bank Transfer,Free Shipping,Yes,22,Venmo,6,Medium,0,Youth,1,6,2.0318536536192973,0.07404915870562007,Young Trend-Oriented Shoppers,1,Normal
70,Male,Socks,Clothing,76,Oregon,L,Gold,Spring,3.0,Yes,Cash,2-Day Shipping,Yes,14,Credit Card,4,High,1,Senior,1,0,0.7865195942110298,1.883436881387182,Deal-Driven Shoppers,1,Normal
55,Male,Shirt,Clothing,33,Alaska,M,Gold,Summer,3.5,Yes,Debit Card,Express,Yes,47,Debit Card,1,Low,0,Middle_Aged,1,2,2.358458134279309,-0.17630800876889863,Price-Sensitive Budget Shoppers,1,Normal
43,Male,Shorts,Clothing,60,Missouri,L,Cyan,Fall,3.0,Yes,Cash,Standard,Yes,50,Debit Card,7,Medium,0,Adult,1,2,1.908082944892848,0.47886672604817965,Deal-Driven Shoppers,1,Normal
19,Male,Jacket,Outerwear,26,Oklahoma,L,Olive,Fall,3.1,Yes,PayPal,Free Shipping,Yes,33,PayPal,2,Low,0,Youth,1,6,2.4280028077694427,-0.40850658700418396,Price-Sensitive Budget Shoppers,-1,Anomaly
47,Male,Hoodie,Clothing,73,Wisconsin,M,Teal,Winter,4.0,Yes,Credit Card,Next Day Air,Yes,7,Debit Card,6,High,1,Adult,1,4,0.7328303716259568,1.8872284365881733,Deal-Driven Shoppers,1,Normal
26,Male,Shoes,Footwear,87,South Carolina,M,Maroon,Spring,4.1,Yes,Debit Card,Standard,Yes,3,Cash,6,Very_High,1,Young_Adult,1,4,0.466965478017221,2.202860132567518,High-Value Premium Buyers,1,Normal
46,Male,Skirt,Clothing,100,Virginia,XL,Green,Spring,3.3,Yes,PayPal,2-Day Shipping,Yes,35,Credit Card,7,Very_High,1,Adult,1,0,0.34520050413780545,2.56507942021595,High-Value Premium Buyers,1,Normal
19,Male,Coat,Outerwear,84,Arkansas,M,Charcoal,Winter,4.9,Yes,PayPal,Standard,Yes,13,PayPal,1,Very_High,1,Youth,1,4,0.4807428235447808,2.217414458077811,High-Value Premium Buyers,-1,Anomaly
49,Male,Sneakers,Footwear,41,Vermont,M,Cyan,Summer,3.9,Yes,PayPal,Standard,Yes,42,PayPal,1,Medium,0,Adult,1,2,2.190180210119226,0.0100227222892742,Family-Oriented Value Buyers,1,Normal
51,Male,Jeans,Clothing,59,Kentucky,S,Charcoal,Winter,3.9,Yes,PayPal,Next Day Air,Yes,5,PayPal,3,Medium,0,Middle_Aged,1,6,1.7901843415308607,0.3702860075258198,Family-Oriented Value Buyers,1,Normal
64,Male,Blouse,Clothing,26,Colorado,L,Charcoal,Winter,4.8,Yes,Bank Transfer,Store Pickup,Yes,23,Venmo,3,Low,0,Middle_Aged,1,2,2.358018335626554,-0.34421304108327866,Price-Sensitive Budget Shoppers,1,Normal
67,Male,Sunglasses,Accessories,69,New Mexico,M,Lavender,Summer,2.7,Yes,Credit Card,Free Shipping,Yes,11,PayPal,5,High,1,Senior,1,0,0.9089774920083283,1.696338352489957,Deal-Driven Shoppers,1,Normal
37,Male,Jacket,Outerwear,20,Colorado,M,Turquoise,Spring,3.1,Yes,Debit Card,Free Shipping,Yes,23,Bank Transfer,1,Low,0,Adult,1,6,2.550784985026933,-0.6005383998965896,Price-Sensitive Budget Shoppers,1,Normal
40,Male,Dress,Clothing,83,North Carolina,M,Green,Summer,3.2,Yes,Credit Card,Next Day Air,Yes,2,Credit Card,7,Very_High,1,Adult,1,4,0.5896499280335068,2.0669225290084174,High-Value Premium Buyers,1,Normal
38,Male,Hat,Accessories,54,New Hampshire,M,Silver,Spring,2.7,Yes,PayPal,2-Day Shipping,Yes,33,PayPal,2,Medium,0,Adult,1,2,2.000007802399716,0.23893408015821427,Family-Oriented Value Buyers,1,Normal
66,Male,Hoodie,Clothing,66,West Virginia,M,Blue,Fall,2.5,Yes,Cash,Standard,Yes,6,Bank Transfer,5,High,1,Senior,1,0,0.9526686865920405,1.5990337149413791,Deal-Driven Shoppers,-1,Anomaly
47,Male,Handbag,Accessories,42,Hawaii,M,Charcoal,Spring,2.6,Yes,Bank Transfer,Next Day Air,Yes,45,Debit Card,4,Medium,0,Adult,1,2,2.2617488089543056,-0.009086355461169142,Family-Oriented Value Buyers,1,Normal
56,Male,Jeans,Clothing,33,North Dakota,M,Pink,Spring,2.9,Yes,Cash,Standard,Yes,25,Cash,4,Low,0,Middle_Aged,1,2,2.345319656452593,-0.27754792406814627,Price-Sensitive Budget Shoppers,1,Normal
51,Male,Boots,Footwear,77,Mississippi,M,Pink,Summer,4.2,Yes,PayPal,Free Shipping,Yes,24,Venmo,4,High,1,Middle_Aged,1,0,0.6921412244348875,2.020327905881349,Deal-Driven Shoppers,1,Normal
25,Male,Jacket,Outerwear,65,Maine,M,Magenta,Fall,4.4,Yes,PayPal,Free Shipping,Yes,10,Venmo,7,High,1,Youth,1,4,0.8151476558980029,1.7110229698213897,Deal-Driven Shoppers,1,Normal
37,Male,Sandals,Footwear,39,North Dakota,L,Gray,Summer,4.1,Yes,Venmo,Free Shipping,Yes,7,Bank Transfer,7,Low,0,Adult,1,6,2.1141698207678443,-0.09436138679309156,Price-Sensitive Budget Shoppers,1,Normal
41,Male,Belt,Accessories,51,Nebraska,L,Gray,Summer,3.8,Yes,Venmo,2-Day Shipping,Yes,1,Debit Card,2,Medium,0,Adult,1,6,1.9349152106713579,0.16666859054595823,Family-Oriented Value Buyers,1,Normal
64,Male,Handbag,Accessories,65,Nebraska,M,Orange,Winter,4.9,Yes,Venmo,Next Day Air,Yes,45,Venmo,7,High,1,Middle_Aged,1,0,0.9201089781750237,1.841656219330437,Deal-Driven Shoppers,-1,Anomaly
23,Male,Sunglasses,Accessories,89,Tennessee,S,Black,Summer,4.9,Yes,Cash,Express,Yes,37,Debit Card,2,Very_High,1,Youth,1,4,0.453116799252872,2.439314931779113,High-Value Premium Buyers,1,Normal
62,Male,Skirt,Clothing,76,Wyoming,S,Lavender,Spring,4.1,Yes,Credit Card,Free Shipping,Yes,14,PayPal,4,High,1,Middle_Aged,1,0,0.6929904868415327,1.9740770443606432,Deal-Driven Shoppers,1,Normal
39,Male,Backpack,Accessories,75,Nevada,L,Red,Spring,3.1,Yes,Venmo,Express,Yes,25,Debit Card,6,High,1,Adult,1,4,0.8086092094790867,1.9425884817404355,Deal-Driven Shoppers,1,Normal
52,Male,Sandals,Footwear,61,South Carolina,M,Silver,Summer,2.7,Yes,Credit Card,Next Day Air,Yes,18,Venmo,3,High,1,Middle_Aged,1,0,1.0739041968088108,1.5198026571378642,Deal-Driven Shoppers,1,Normal
50,Male,Boots,Footwear,35,Virginia,M,Cyan,Fall,3.8,Yes,Cash,Next Day Air,Yes,37,Cash,7,Low,0,Adult,1,2,2.2629601063274487,-0.12021515736641405,Price-Sensitive Budget Shoppers,1,Normal
28,Male,Sneakers,Footwear,37,Pennsylvania,S,Gold,Fall,4.3,Yes,Venmo,Free Shipping,Yes,30,Bank Transfer,6,Low,0,Young_Adult,1,6,2.1409777635093703,-0.03293914605219608,Price-Sensitive Budget Shoppers,1,Normal
67,Male,Skirt,Clothing,91,Hawaii,L,Yellow,Winter,4.1,Yes,Venmo,Express,Yes,34,Bank Transfer,2,Very_High,1,Senior,1,0,0.49381439252362525,2.3847562885723477,High-Value Premium Buyers,1,Normal
41,Male,Dress,Clothing,99,Ohio,L,Purple,Fall,4.4,Yes,Credit Card,Free Shipping,Yes,49,Debit Card,7,Very_High,1,Adult,1,0,0.3119142863512496,2.6725641673703553,High-Value Premium Buyers,1,Normal
19,Male,Shorts,Clothing,54,Utah,S,Brown,Summer,3.6,Yes,PayPal,Express,Yes,48,Bank Transfer,6,Medium,0,Youth,1,6,1.9408704625941913,0.36570603900001514,Young Trend-Oriented Shoppers,1,Normal
70,Male,Handbag,Accessories,47,Minnesota,L,Turquoise,Winter,3.3,Yes,Credit Card,2-Day Shipping,Yes,33,PayPal,1,Medium,0,Senior,1,2,2.1205881811701888,0.09700580909580148,Family-Oriented Value Buyers,1,Normal
49,Male,Scarf,Accessories,77,New Hampshire,S,Gold,Spring,3.6,Yes,Venmo,Express,Yes,44,Cash,3,High,1,Adult,1,0,0.7703790337418058,2.072855651429805,Deal-Driven Shoppers,1,Normal
59,Male,Belt,Accessories,84,Arizona,S,Olive,Fall,2.8,Yes,Venmo,Free Shipping,Yes,50,Venmo,2,Very_High,1,Middle_Aged,1,0,0.7109972755749965,2.205086066726686,High-Value Premium Buyers,1,Normal
52,Male,Gloves,Accessories,51,New York,S,Purple,Spring,4.3,Yes,Credit Card,2-Day Shipping,Yes,47,Credit Card,6,Medium,0,Middle_Aged,1,2,1.9812734328686534,0.32760050602863966,Family-Oriented Value Buyers,1,Normal
20,Male,Skirt,Clothing,26,Pennsylvania,S,Lavender,Summer,3.9,Yes,Venmo,Store Pickup,Yes,24,PayPal,7,Low,0,Youth,1,6,2.36043326282253,-0.34597770635387615,Price-Sensitive Budget Shoppers,1,Normal
31,Male,Shorts,Clothing,64,New Mexico,L,Gray,Summer,2.7,Yes,Venmo,Free Shipping,Yes,43,Debit Card,6,High,1,Young_Adult,1,0,1.0273570522950386,1.6981112237291776,Deal-Driven Shoppers,1,Normal
33,Male,Backpack,Accessories,51,Nebraska,M,Red,Spring,4.7,Yes,Debit Card,Express,Yes,14,Venmo,6,Medium,0,Young_Adult,1,6,1.8951771687493617,0.24495310740524498,Young Trend-Oriented Shoppers,1,Normal
44,Male,Hoodie,Clothing,60,Wyoming,L,Purple,Spring,3.8,Yes,Venmo,Free Shipping,Yes,3,Debit Card,4,Medium,0,Adult,1,6,1.770567516282143,0.3910117464572956,Deal-Driven Shoppers,1,Normal
40,Male,Hat,Accessories,69,Mississippi,XL,Olive,Spring,4.7,Yes,Debit Card,Next Day Air,Yes,33,Debit Card,4,High,1,Adult,1,4,0.8311267994984317,1.905703673137042,Deal-Driven Shoppers,1,Normal
69,Male,Jewelry,Accessories,29,Arkansas,M,Lavender,Spring,4.7,Yes,Credit Card,Express,Yes,38,Cash,1,Low,0,Senior,1,2,2.351024177831553,-0.22897139542530537,Price-Sensitive Budget Shoppers,-1,Anomaly
29,Male,Shirt,Clothing,91,Illinois,M,Gray,Spring,3.4,Yes,PayPal,Express,Yes,46,Venmo,2,Very_High,1,Young_Adult,1,0,0.5148477586178111,2.3882779661909597,High-Value Premium Buyers,1,Normal
54,Male,Belt,Accessories,70,Nevada,L,Red,Spring,3.5,Yes,Credit Card,2-Day Shipping,Yes,19,Bank Transfer,7,High,1,Middle_Aged,1,0,0.8591052134395583,1.8060555159587515,Deal-Driven Shoppers,1,Normal
65,Male,Sweater,Clothing,58,Rhode Island,M,Peach,Summer,4.0,Yes,Debit Card,Standard,Yes,20,PayPal,3,Medium,0,Middle_Aged,1,2,1.8555385319615247,0.34575089314008245,Family-Oriented Value Buyers,1,Normal
54,Male,Hat,Accessories,98,West Virginia,L,Gray,Fall,3.3,Yes,Cash,Free Shipping,Yes,42,Bank Transfer,4,Very_High,1,Middle_Aged,1,0,0.4138446566662933,2.5490227281602715,High-Value Premium Buyers,1,Normal
60,Male,Scarf,Accessories,68,Missouri,L,Violet,Summer,4.7,Yes,Debit Card,2-Day Shipping,Yes,34,Cash,6,High,1,Middle_Aged,1,0,0.8685135203135026,1.8473845940727782,Deal-Driven Shoppers,1,Normal
43,Male,Hat,Accessories,44,Kentucky,M,Beige,Summer,2.8,Yes,Debit Card,Next Day Air,Yes,5,Cash,6,Medium,0,Adult,1,6,2.1396749593831075,-0.07817504075689291,Family-Oriented Value Buyers,1,Normal
44,Male,Jacket,Outerwear,45,Washington,M,Blue,Winter,3.3,Yes,Bank Transfer,Express,Yes,3,PayPal,4,Medium,0,Adult,1,6,2.058120273101141,-0.02510229514698964,Family-Oriented Value Buyers,1,Normal
69,Male,T-shirt,Clothing,99,Alaska,L,Magenta,Spring,2.9,Yes,Credit Card,Free Shipping,Yes,46,PayPal,7,Very_High,1,Senior,1,0,0.4453664959767227,2.52968666826611,High-Value Premium Buyers,-1,Anomaly
46,Male,Dress,Clothing,68,Mississippi,S,Cyan,Spring,2.8,Yes,Credit Card,Standard,Yes,16,Venmo,3,High,1,Adult,1,4,0.9192810300570466,1.7216343426157807,Deal-Driven Shoppers,1,Normal
41,Male,Pants,Clothing,56,South Carolina,M,Red,Spring,4.2,Yes,Debit Card,Standard,Yes,21,Debit Card,5,Medium,0,Adult,1,6,1.8498756073042277,0.3542869929541087,Family-Oriented Value Buyers,1,Normal
32,Male,Sweater,Clothing,43,Missouri,L,Cyan,Winter,4.4,Yes,PayPal,Express,Yes,34,Credit Card,5,Medium,0,Young_Adult,1,6,2.0603040965148645,0.10408029419650734,Young Trend-Oriented Shoppers,1,Normal
26,Male,Sunglasses,Accessories,99,New Jersey,M,Turquoise,Winter,3.6,Yes,Cash,Free Shipping,Yes,9,PayPal,7,Very_High,1,Young_Adult,1,4,0.2844571796169911,2.503099955419442,High-Value Premium Buyers,-1,Anomaly
61,Male,Belt,Accessories,56,Louisiana,L,Silver,Fall,2.7,Yes,Debit Card,Express,Yes,36,PayPal,2,Medium,0,Middle_Aged,1,2,2.004039131268686,0.28335623310406477,Family-Oriented Value Buyers,1,Normal
49,Male,Hoodie,Clothing,25,South Carolina,S,Pink,Spring,3.4,Yes,Bank Transfer,Express,Yes,22,Credit Card,6,Low,0,Adult,1,2,2.441657602377461,-0.4373542847927216,Price-Sensitive Budget Shoppers,1,Normal
53,Male,Pants,Clothing,74,Vermont,M,Black,Winter,2.8,Yes,Cash,2-Day Shipping,Yes,2,Bank Transfer,4,High,1,Middle_Aged,1,4,0.7754380420431601,1.8119017453263526,Deal-Driven Shoppers,1,Normal
24,Male,Hoodie,Clothing,56,Arkansas,M,Green,Winter,3.4,Yes,Bank Transfer,Next Day Air,Yes,32,Bank Transfer,6,Medium,0,Youth,1,6,1.8839469311516825,0.35167953492816845,Young Trend-Oriented Shoppers,1,Normal
37,Male,Sneakers,Footwear,47,Utah,M,Yellow,Fall,2.6,Yes,Bank Transfer,Next Day Air,Yes,29,Cash,7,Medium,0,Adult,1,2,2.1059928490307587,0.07208007836194086,Family-Oriented Value Buyers,1,Normal
43,Male,Dress,Clothing,67,Washington,L,Purple,Summer,4.1,Yes,PayPal,Standard,Yes,27,Venmo,7,High,1,Adult,1,4,0.8907219229596214,1.7811689216326796,Deal-Driven Shoppers,1,Normal
31,Male,Dress,Clothing,22,Rhode Island,L,Purple,Winter,2.9,Yes,Debit Card,Store Pickup,Yes,33,Credit Card,1,Low,0,Young_Adult,1,6,2.5305615146289937,-0.5019177792991433,Price-Sensitive Budget Shoppers,-1,Anomaly
49,Male,Jeans,Clothing,34,Illinois,S,Blue,Spring,2.7,Yes,Cash,Standard,Yes,16,Venmo,6,Low,0,Adult,1,2,2.334092955952706,-0.2794613681597117,Price-Sensitive Budget Shoppers,1,Normal
69,Male,Sweater,Clothing,64,Missouri,M,Maroon,Spring,3.7,Yes,Debit Card,Standard,Yes,11,Bank Transfer,4,High,1,Senior,1,0,0.9544384019680439,1.6164259223629383,Deal-Driven Shoppers,1,Normal
65,Male,Shorts,Clothing,42,North Carolina,M,Orange,Spring,4.3,Yes,Cash,2-Day Shipping,Yes,11,Cash,1,Medium,0,Middle_Aged,1,2,2.0832365779244686,-0.016304092294776112,Family-Oriented Value Buyers,1,Normal
41,Male,Shirt,Clothing,82,Massachusetts,L,Green,Winter,2.6,Yes,PayPal,2-Day Shipping,Yes,17,Debit Card,5,Very_High,1,Adult,1,4,0.663447231284411,2.0556341881324762,High-Value Premium Buyers,1,Normal
37,Male,Belt,Accessories,81,Arkansas,XL,Gold,Summer,4.3,Yes,Credit Card,Free Shipping,Yes,37,Cash,2,High,1,Adult,1,4,0.6234681959623276,2.179787331274915,High-Value Premium Buyers,1,Normal
70,Male,Coat,Outerwear,24,South Dakota,L,Silver,Summer,4.1,Yes,Venmo,Express,Yes,18,PayPal,2,Low,0,Senior,1,2,2.4676101738509577,-0.4658510283171675,Price-Sensitive Budget Shoppers,1,Normal
63,Male,Sneakers,Footwear,60,Georgia,M,Cyan,Fall,4.2,Yes,Venmo,Standard,Yes,13,Credit Card,6,Medium,0,Middle_Aged,1,2,1.7696349752647673,0.4254581877110128,Deal-Driven Shoppers,1,Normal
55,Male,Shirt,Clothing,24,Arkansas,M,Silver,Spring,4.2,Yes,PayPal,2-Day Shipping,Yes,7,PayPal,2,Low,0,Middle_Aged,1,6,2.379845211823773,-0.48470495682132453,Price-Sensitive Budget Shoppers,1,Normal
52,Male,Socks,Clothing,78,Kansas,XL,Beige,Winter,3.1,Yes,Credit Card,Standard,Yes,37,Cash,4,High,1,Middle_Aged,1,0,0.7487655404710453,2.0229379915825447,Deal-Driven Shoppers,1,Normal
22,Male,Jeans,Clothing,88,Arizona,L,Teal,Winter,4.9,Yes,Credit Card,Express,Yes,8,Cash,6,Very_High,1,Youth,1,4,0.37921725646033094,2.326443692883216,High-Value Premium Buyers,1,Normal
54,Male,Jeans,Clothing,63,Massachusetts,XL,Green,Spring,4.4,Yes,PayPal,Express,Yes,11,Cash,5,High,1,Middle_Aged,1,4,0.886331575517179,1.6731850960728099,Deal-Driven Shoppers,1,Normal
28,Male,Sneakers,Footwear,78,New Mexico,L,Black,Summer,4.4,Yes,Bank Transfer,Standard,Yes,8,Venmo,5,High,1,Young_Adult,1,4,0.6321271594845049,2.0223469748866485,Deal-Driven Shoppers,1,Normal
67,Male,Dress,Clothing,37,Arkansas,XL,Yellow,Winter,3.4,Yes,Bank Transfer,Store Pickup,Yes,31,Cash,7,Low,0,Senior,1,2,2.264445691486266,-0.1270837019764565,Price-Sensitive Budget Shoppers,1,Normal
59,Male,Boots,Footwear,94,Nebraska,M,White,Fall,4.5,Yes,Venmo,2-Day Shipping,Yes,26,Debit Card,1,Very_High,1,Middle_Aged,1,0,0.3760814594887844,2.4862644758810744,High-Value Premium Buyers,1,Normal
26,Male,T-shirt,Clothing,78,Hawaii,L,Green,Fall,4.5,Yes,Credit Card,Store Pickup,Yes,20,Credit Card,5,High,1,Young_Adult,1,4,0.5844377853490944,2.0969242459679194,Deal-Driven Shoppers,1,Normal
24,Male,Coat,Outerwear,36,Nebraska,M,Silver,Winter,4.1,Yes,Cash,Standard,Yes,24,Bank Transfer,1,Low,0,Youth,1,6,2.1976555735151613,-0.11907118920020573,Price-Sensitive Budget Shoppers,1,Normal
62,Male,Skirt,Clothing,24,Indiana,L,Blue,Winter,3.2,Yes,Venmo,Standard,Yes,45,Debit Card,5,Low,0,Middle_Aged,1,2,2.5290642118088456,-0.41055856598793705,Price-Sensitive Budget Shoppers,1,Normal
70,Male,Sneakers,Footwear,84,Colorado,M,Magenta,Spring,2.7,Yes,Debit Card,Store Pickup,Yes,33,Debit Card,6,Very_High,1,Senior,1,0,0.7289185044707446,2.1100631986255323,High-Value Premium Buyers,-1,Anomaly
45,Male,Jeans,Clothing,47,Oregon,S,Yellow,Spring,3.7,Yes,Bank Transfer,Express,Yes,21,Bank Transfer,6,Medium,0,Adult,1,6,2.0403251571472154,0.1160109665506204,Family-Oriented Value Buyers,1,Normal
58,Male,Hoodie,Clothing,51,Ohio,L,White,Fall,2.6,Yes,Credit Card,Store Pickup,Yes,2,Bank Transfer,1,Medium,0,Middle_Aged,1,2,2.0069993637212185,0.0866984555339518,Family-Oriented Value Buyers,1,Normal
31,Male,Shoes,Footwear,84,Maine,M,Pink,Summer,2.7,Yes,Debit Card,Free Shipping,Yes,28,Cash,2,Very_High,1,Young_Adult,1,4,0.6505836678577765,2.1097330952733913,High-Value Premium Buyers,1,Normal
32,Male,Shorts,Clothing,24,Iowa,M,Magenta,Summer,2.7,Yes,Debit Card,Express,Yes,18,Venmo,4,Low,0,Young_Adult,1,6,2.4859419024269687,-0.5219557688007943,Price-Sensitive Budget Shoppers,1,Normal
36,Male,Blouse,Clothing,97,Wisconsin,S,Teal,Fall,4.8,Yes,Bank Transfer,Free Shipping,Yes,21,Debit Card,1,Very_High,1,Adult,1,4,0.2621819036569663,2.5738213181585907,High-Value Premium Buyers,1,Normal
25,Male,T-shirt,Clothing,89,New York,L,Indigo,Winter,4.8,Yes,Venmo,Next Day Air,Yes,24,Credit Card,6,Very_High,1,Youth,1,4,0.41339303678334904,2.3778596562907737,High-Value Premium Buyers,1,Normal
48,Male,Belt,Accessories,44,Colorado,S,Maroon,Spring,2.6,Yes,PayPal,Store Pickup,Yes,15,PayPal,7,Medium,0,Adult,1,2,2.1637139545624424,-0.0456379415438939,Family-Oriented Value Buyers,1,Normal
39,Male,Handbag,Accessories,35,Illinois,L,Black,Winter,4.5,Yes,Bank Transfer,2-Day Shipping,Yes,38,PayPal,7,Low,0,Adult,1,2,2.216603936811996,-0.08735115069170235,Price-Sensitive Budget Shoppers,1,Normal
26,Male,Dress,Clothing,91,Arizona,M,Cyan,Winter,3.2,Yes,Cash,Express,Yes,38,PayPal,5,Very_High,1,Young_Adult,1,4,0.4846332768607727,2.379049097455165,High-Value Premium Buyers,1,Normal
32,Male,Hat,Accessories,63,Oklahoma,L,Cyan,Winter,3.8,Yes,PayPal,Next Day Air,Yes,13,Venmo,1,High,1,Young_Adult,1,4,0.9469696255413866,1.6500162283198525,Deal-Driven Shoppers,1,Normal
54,Male,Belt,Accessories,97,Indiana,S,Gray,Spring,4.8,Yes,Debit Card,Express,Yes,39,Cash,5,Very_High,1,Middle_Aged,1,0,0.3497686012847588,2.6039104945669695,High-Value Premium Buyers,1,Normal
38,Male,Boots,Footwear,38,Minnesota,M,Violet,Summer,4.1,Yes,Debit Card,Store Pickup,Yes,8,Venmo,7,Low,0,Adult,1,6,2.1543973862969126,-0.12515961218843655,Price-Sensitive Budget Shoppers,1,Normal
46,Male,Coat,Outerwear,24,Pennsylvania,XL,Blue,Spring,2.8,Yes,PayPal,Next Day Air,Yes,4,PayPal,4,Low,0,Adult,1,6,2.4791321582108856,-0.5672185465179321,Price-Sensitive Budget Shoppers,1,Normal
57,Male,Blouse,Clothing,32,Indiana,M,Charcoal,Winter,3.9,Yes,Cash,Store Pickup,Yes,6,Cash,7,Low,0,Middle_Aged,1,6,2.2564919593170583,-0.2794131268733482,Price-Sensitive Budget Shoppers,1,Normal
49,Male,Hat,Accessories,90,Alabama,L,Olive,Summer,4.9,Yes,Venmo,Express,Yes,11,Venmo,7,Very_High,1,Adult,1,4,0.4282045250632592,2.3573272708792015,High-Value Premium Buyers,1,Normal
33,Male,Jeans,Clothing,36,Montana,M,Olive,Summer,3.4,Yes,Cash,Standard,Yes,49,Venmo,6,Low,0,Young_Adult,1,2,2.2977132417094746,-0.10278169928592654,Price-Sensitive Budget Shoppers,1,Normal
54,Male,Backpack,Accessories,37,New Mexico,XL,Turquoise,Winter,4.1,Yes,Cash,Free Shipping,Yes,30,PayPal,4,Low,0,Middle_Aged,1,2,2.2058408517190666,-0.07695643729276024,Price-Sensitive Budget Shoppers,1,Normal
47,Male,Dress,Clothing,51,Alaska,M,Cyan,Summer,2.9,Yes,Venmo,Express,Yes,34,Bank Transfer,6,Medium,0,Adult,1,2,2.036184412861732,0.19881407106678053,Family-Oriented Value Buyers,1,Normal
36,Male,Hat,Accessories,71,Idaho,S,Red,Fall,3.1,Yes,Bank Transfer,2-Day Shipping,Yes,28,PayPal,6,High,1,Adult,1,4,0.8442519424437512,1.8505820733574716,Deal-Driven Shoppers,1,Normal
68,Male,Sunglasses,Accessories,50,Utah,S,Cyan,Spring,3.6,Yes,Credit Card,2-Day Shipping,Yes,36,Venmo,4,Medium,0,Senior,1,2,2.0481456142826024,0.22349581920672892,Family-Oriented Value Buyers,1,Normal
60,Male,Hat,Accessories,74,Louisiana,S,Turquoise,Fall,3.5,Yes,Venmo,Standard,Yes,18,Credit Card,7,High,1,Middle_Aged,1,0,0.7873652521779826,1.915614966944299,Deal-Driven Shoppers,1,Normal
55,Male,Dress,Clothing,75,Mississippi,L,Lavender,Summer,3.4,Yes,Venmo,Free Shipping,Yes,4,PayPal,6,High,1,Middle_Aged,1,4,0.7465795986815286,1.8670202045356665,Deal-Driven Shoppers,1,Normal
29,Male,Shirt,Clothing,99,Mississippi,XL,Cyan,Spring,2.9,Yes,Venmo,2-Day Shipping,Yes,42,Debit Card,4,Very_High,1,Young_Adult,1,0,0.3899409861157462,2.5697630729690824,High-Value Premium Buyers,1,Normal
38,Male,Scarf,Accessories,23,Indiana,XL,Violet,Spring,4.7,Yes,Bank Transfer,Store Pickup,Yes,11,Cash,4,Low,0,Adult,1,6,2.3696098197619153,-0.4258135098615395,Price-Sensitive Budget Shoppers,1,Normal
70,Male,Sneakers,Footwear,53,Washington,XL,Beige,Winter,4.4,Yes,Cash,Free Shipping,Yes,31,Credit Card,5,Medium,0,Senior,1,2,1.918644202442685,0.32789386639896234,Family-Oriented Value Buyers,1,Normal
36,Male,Skirt,Clothing,99,Nevada,M,Cyan,Spring,2.6,Yes,Cash,Standard,Yes,12,Cash,1,Very_High,1,Adult,1,4,0.3764900503251608,2.4376931684892007,High-Value Premium Buyers,-1,Anomaly
18,Male,Jewelry,Accessories,48,Louisiana,XL,Indigo,Spring,4.4,Yes,Debit Card,Standard,Yes,20,Venmo,4,Medium,0,Youth,1,6,1.9658653774199137,0.1768656085403563,Young Trend-Oriented Shoppers,1,Normal
62,Male,Boots,Footwear,72,Pennsylvania,L,Olive,Fall,3.7,Yes,Venmo,Next Day Air,Yes,37,Debit Card,4,High,1,Middle_Aged,1,0,0.8528058404063605,1.9314374976418438,Deal-Driven Shoppers,1,Normal
29,Male,Sunglasses,Accessories,64,Michigan,L,Green,Spring,4.4,Yes,Cash,Standard,Yes,26,Debit Card,1,High,1,Young_Adult,1,4,0.907880904545837,1.758969394370608,Deal-Driven Shoppers,1,Normal
21,Male,Boots,Footwear,63,South Carolina,L,Green,Spring,2.5,Yes,Cash,2-Day Shipping,Yes,14,Credit Card,2,High,1,Youth,1,4,0.9960136869697159,1.5845164474204494,Deal-Driven Shoppers,-1,Anomaly
42,Male,Sandals,Footwear,51,Arizona,M,Beige,Spring,2.6,Yes,Bank Transfer,Next Day Air,Yes,12,Venmo,5,Medium,0,Adult,1,6,2.023469394560316,0.10740488314163675,Family-Oriented Value Buyers,1,Normal
43,Male,Boots,Footwear,55,Delaware,L,Black,Spring,5.0,Yes,Debit Card,Store Pickup,Yes,10,Credit Card,3,Medium,0,Adult,1,6,1.809174107129021,0.33982116480621766,Family-Oriented Value Buyers,1,Normal
58,Male,Dress,Clothing,55,Kentucky,M,Brown,Spring,4.9,Yes,Cash,Express,Yes,19,Cash,3,Medium,0,Middle_Aged,1,6,1.8253315580086031,0.36044435304557615,Family-Oriented Value Buyers,1,Normal
27,Male,Hoodie,Clothing,26,Georgia,S,Silver,Summer,3.7,Yes,Debit Card,Store Pickup,Yes,4,Cash,2,Low,0,Young_Adult,1,6,2.3651373423915487,-0.4447807921039755,Price-Sensitive Budget Shoppers,1,Normal
57,Male,Shorts,Clothing,67,North Carolina,L,Gray,Summer,3.1,Yes,Debit Card,Next Day Air,Yes,48,Bank Transfer,4,High,1,Middle_Aged,1,0,1.0081171189507787,1.7676713095936736,Deal-Driven Shoppers,1,Normal
40,Male,Coat,Outerwear,31,California,S,Pink,Fall,3.2,Yes,Debit Card,Express,Yes,37,PayPal,6,Low,0,Adult,1,2,2.3695197816860656,-0.2640082982699943,Price-Sensitive Budget Shoppers,1,Normal
45,Male,Jeans,Clothing,66,California,S,Maroon,Winter,4.4,Yes,PayPal,Free Shipping,Yes,4,Cash,6,High,1,Adult,1,4,0.806239995008831,1.7316066384551634,Deal-Driven Shoppers,1,Normal
47,Male,Sunglasses,Accessories,67,Indiana,M,Cyan,Summer,4.3,Yes,Bank Transfer,Next Day Air,Yes,15,Credit Card,2,High,1,Adult,1,4,0.8592012513638526,1.7619311368244255,Deal-Driven Shoppers,1,Normal
61,Male,Sneakers,Footwear,61,Colorado,L,Gold,Winter,3.0,Yes,Venmo,Standard,Yes,33,Credit Card,2,High,1,Middle_Aged,1,0,1.0862861252087164,1.58787984386575,Deal-Driven Shoppers,1,Normal
60,Male,Jacket,Outerwear,75,Colorado,M,Teal,Fall,3.5,Yes,Venmo,2-Day Shipping,Yes,30,Bank Transfer,4,High,1,Middle_Aged,1,0,0.7737078214832838,1.9484753552214789,Deal-Driven Shoppers,1,Normal
69,Male,Skirt,Clothing,90,North Carolina,M,Beige,Spring,3.6,Yes,Credit Card,2-Day Shipping,Yes,23,Bank Transfer,6,Very_High,1,Senior,1,0,0.5071555287801869,2.2880836490069303,High-Value Premium Buyers,1,Normal
58,Male,Sweater,Clothing,40,Washington,M,Olive,Summer,3.8,Yes,Bank Transfer,2-Day Shipping,Yes,2,Bank Transfer,2,Medium,0,Middle_Aged,1,6,2.131770125561332,-0.13402157375068363,Family-Oriented Value Buyers,1,Normal
34,Male,T-shirt,Clothing,90,Florida,M,Gray,Fall,3.6,Yes,PayPal,Express,Yes,50,Credit Card,7,Very_High,1,Young_Adult,1,0,0.5018515648438476,2.3974605226564814,High-Value Premium Buyers,1,Normal
20,Male,Belt,Accessories,20,Washington,M,Black,Spring,4.6,Yes,Credit Card,Express,Yes,34,Cash,5,Low,0,Youth,1,6,2.4285157853071944,-0.4274256046199609,Price-Sensitive Budget Shoppers,-1,Anomaly
56,Male,Gloves,Accessories,40,Colorado,M,Turquoise,Summer,2.5,Yes,Cash,Standard,Yes,33,Credit Card,2,Medium,0,Middle_Aged,1,2,2.2931203192095815,-0.1202687967583411,Family-Oriented Value Buyers,1,Normal
64,Male,Hat,Accessories,33,New Hampshire,S,Brown,Fall,3.5,Yes,Venmo,Store Pickup,Yes,34,Debit Card,6,Low,0,Middle_Aged,1,2,2.3357909967935795,-0.18145384420805527,Price-Sensitive Budget Shoppers,1,Normal
56,Male,Boots,Footwear,98,Maryland,S,Magenta,Spring,4.0,Yes,Bank Transfer,Free Shipping,Yes,39,PayPal,7,Very_High,1,Middle_Aged,1,0,0.3789532926706748,2.566964213236215,High-Value Premium Buyers,1,Normal
27,Male,Belt,Accessories,42,Maryland,M,Silver,Spring,3.5,Yes,Debit Card,Next Day Air,Yes,47,Credit Card,4,Medium,0,Young_Adult,1,2,2.181253733819367,0.04482204264561173,Young Trend-Oriented Shoppers,1,Normal
35,Male,Coat,Outerwear,62,Texas,S,Red,Summer,3.2,Yes,Venmo,Standard,Yes,37,PayPal,6,High,1,Young_Adult,1,0,1.0458378920458216,1.647684889087917,Deal-Driven Shoppers,1,Normal
24,Male,Hat,Accessories,45,New Mexico,L,Indigo,Winter,3.5,Yes,Credit Card,Free Shipping,Yes,40,Venmo,5,Medium,0,Youth,1,6,2.09034812121465,0.12940663472760472,Young Trend-Oriented Shoppers,1,Normal
26,Male,Shoes,Footwear,78,Utah,M,Green,Summer,3.4,Yes,Cash,Free Shipping,Yes,8,Credit Card,5,High,1,Young_Adult,1,4,0.6492768642484468,1.9849244049146468,Deal-Driven Shoppers,1,Normal
32,Male,Handbag,Accessories,80,West Virginia,M,Gray,Fall,5.0,Yes,Credit Card,Express,Yes,12,Bank Transfer,3,High,1,Young_Adult,1,4,0.5158157194398985,2.1445442053133483,High-Value Premium Buyers,1,Normal
54,Male,Scarf,Accessories,96,Connecticut,S,Peach,Spring,4.5,Yes,Credit Card,Store Pickup,Yes,36,Bank Transfer,6,Very_High,1,Middle_Aged,1,0,0.37677436901210043,2.548837149397481,High-Value Premium Buyers,1,Normal
62,Male,Handbag,Accessories,47,West Virginia,M,Charcoal,Summer,2.8,Yes,PayPal,Express,Yes,48,PayPal,2,Medium,0,Middle_Aged,1,2,2.1805560560779975,0.1056904290784643,Family-Oriented Value Buyers,1,Normal
50,Male,Pants,Clothing,84,Ohio,M,Orange,Winter,4.9,Yes,Venmo,2-Day Shipping,Yes,47,PayPal,1,Very_High,1,Adult,1,0,0.5510345663369505,2.3134255795640097,High-Value Premium Buyers,1,Normal
70,Male,Shoes,Footwear,31,Texas,M,Beige,Spring,3.1,Yes,Bank Transfer,Store Pickup,Yes,2,Bank Transfer,6,Low,0,Senior,1,2,2.3490958686179435,-0.39184675478572323,Price-Sensitive Budget Shoppers,1,Normal
48,Male,Sunglasses,Accessories,63,Washington,S,Yellow,Spring,4.8,Yes,PayPal,Store Pickup,Yes,24,Cash,2,High,1,Adult,1,4,0.9082394157471527,1.7351886739665674,Deal-Driven Shoppers,1,Normal
20,Male,Shorts,Clothing,97,Wisconsin,XL,White,Spring,2.7,Yes,Debit Card,Standard,Yes,40,Bank Transfer,5,Very_High,1,Youth,1,4,0.4345593710174859,2.479605805358146,High-Value Premium Buyers,-1,Anomaly
46,Male,Jacket,Outerwear,99,Louisiana,M,Gray,Winter,4.6,Yes,Credit Card,Express,Yes,50,Debit Card,2,Very_High,1,Adult,1,0,0.32898976046597456,2.6701514202943333,High-Value Premium Buyers,1,Normal
51,Male,Sandals,Footwear,90,Iowa,M,Peach,Winter,4.4,Yes,Cash,Store Pickup,Yes,25,Cash,2,Very_High,1,Middle_Aged,1,0,0.45651982449798756,2.3599259528189522,High-Value Premium Buyers,1,Normal
53,Male,Shoes,Footwear,68,New York,L,Violet,Fall,3.2,Yes,PayPal,Express,Yes,20,Debit Card,6,High,1,Middle_Aged,1,0,0.9047375085917885,1.7469326799757632,Deal-Driven Shoppers,1,Normal
44,Male,Jewelry,Accessories,80,Idaho,M,Magenta,Spring,3.0,Yes,Venmo,2-Day Shipping,Yes,10,Venmo,2,High,1,Adult,1,4,0.6895769409524062,1.9896417464976572,High-Value Premium Buyers,1,Normal
29,Male,Sandals,Footwear,91,Delaware,L,Maroon,Summer,4.9,Yes,Bank Transfer,Standard,Yes,32,Bank Transfer,4,Very_High,1,Young_Adult,1,4,0.4159800256452429,2.4247417852087043,High-Value Premium Buyers,1,Normal
64,Male,Pants,Clothing,30,Kentucky,M,Cyan,Spring,3.6,Yes,Debit Card,Express,Yes,31,Cash,1,Low,0,Middle_Aged,1,2,2.386372021398489,-0.30387319212285374,Price-Sensitive Budget Shoppers,1,Normal
51,Male,Shoes,Footwear,90,Connecticut,M,White,Spring,3.8,Yes,Venmo,Next Day Air,Yes,48,Bank Transfer,5,Very_High,1,Middle_Aged,1,0,0.5381126661815965,2.39027335645856,High-Value Premium Buyers,1,Normal
50,Male,Socks,Clothing,28,New Mexico,L,Brown,Spring,2.9,Yes,Venmo,Standard,Yes,23,Debit Card,6,Low,0,Adult,1,2,2.433349782035232,-0.4013333861541017,Price-Sensitive Budget Shoppers,1,Normal
43,Male,Socks,Clothing,46,Georgia,M,Red,Winter,3.9,Yes,Credit Card,Express,Yes,1,Bank Transfer,5,Medium,0,Adult,1,6,1.9656224905528976,0.04971041045757644,Family-Oriented Value Buyers,1,Normal
61,Male,Dress,Clothing,60,Washington,M,Orange,Fall,3.6,Yes,Credit Card,Standard,Yes,4,Debit Card,1,Medium,0,Middle_Aged,1,6,1.7845158715619311,0.3775877439744533,Deal-Driven Shoppers,1,Normal
55,Male,Shoes,Footwear,59,North Dakota,M,White,Spring,3.5,Yes,Credit Card,Store Pickup,Yes,3,Bank Transfer,5,Medium,0,Middle_Aged,1,6,1.8083948879856755,0.3425647330810944,Family-Oriented Value Buyers,1,Normal
56,Male,Hat,Accessories,68,Ohio,M,Green,Fall,4.0,Yes,Cash,Store Pickup,Yes,3,Cash,5,High,1,Middle_Aged,1,4,0.8075528102692542,1.7600813158655895,Deal-Driven Shoppers,1,Normal
33,Male,Backpack,Accessories,79,Tennessee,M,Black,Summer,4.8,Yes,Cash,2-Day Shipping,Yes,44,Cash,3,High,1,Young_Adult,1,4,0.6364681381264534,2.1772218034848017,Deal-Driven Shoppers,1,Normal
43,Male,Backpack,Accessories,94,New York,M,Gold,Winter,3.9,Yes,Credit Card,Store Pickup,Yes,5,Debit Card,5,Very_High,1,Adult,1,4,0.3592848536570963,2.4010264735846,High-Value Premium Buyers,1,Normal
21,Male,Pants,Clothing,83,Michigan,S,Lavender,Summer,4.5,Yes,Credit Card,Next Day Air,Yes,50,Venmo,4,Very_High,1,Youth,1,4,0.5942595467069456,2.2978290945615703,High-Value Premium Buyers,1,Normal
58,Male,Gloves,Accessories,62,Georgia,XL,Turquoise,Spring,4.8,Yes,Venmo,Standard,Yes,2,Credit Card,3,High,1,Middle_Aged,1,4,0.8887559304345692,1.638894628892723,Deal-Driven Shoppers,1,Normal
41,Male,Scarf,Accessories,85,New Mexico,M,Pink,Spring,2.6,Yes,Cash,Store Pickup,Yes,29,PayPal,3,Very_High,1,Adult,1,0,0.657288062118143,2.1462460076235965,High-Value Premium Buyers,1,Normal
39,Male,Hoodie,Clothing,30,Louisiana,M,Silver,Summer,3.1,Yes,Bank Transfer,Express,Yes,11,Venmo,3,Low,0,Adult,1,6,2.3534724298233067,-0.38054617131709456,Price-Sensitive Budget Shoppers,1,Normal
54,Male,Jeans,Clothing,24,South Dakota,XL,Gray,Spring,4.7,Yes,PayPal,2-Day Shipping,Yes,37,Credit Card,1,Low,0,Middle_Aged,1,2,2.397953860943691,-0.35134169013729866,Price-Sensitive Budget Shoppers,1,Normal
43,Male,Backpack,Accessories,25,Montana,L,Indigo,Spring,2.9,Yes,PayPal,Next Day Air,Yes,32,Debit Card,1,Low,0,Adult,1,2,2.5232472926606775,-0.44432374482933445,Price-Sensitive Budget Shoppers,1,Normal
28,Male,Sandals,Footwear,37,New Mexico,L,Teal,Summer,3.8,Yes,Cash,Express,Yes,27,Credit Card,3,Low,0,Young_Adult,1,6,2.207302763835978,-0.09989481929651792,Price-Sensitive Budget Shoppers,1,Normal
59,Male,Belt,Accessories,69,South Carolina,XL,Green,Summer,3.8,Yes,Bank Transfer,2-Day Shipping,Yes,31,Venmo,5,High,1,Middle_Aged,1,0,0.8841554136632028,1.8288301078667346,Deal-Driven Shoppers,1,Normal
28,Male,Shoes,Footwear,97,Ohio,M,Violet,Summer,3.0,Yes,Bank Transfer,Standard,Yes,36,Debit Card,1,Very_High,1,Young_Adult,1,4,0.4372710621058615,2.4865969461114776,High-Value Premium Buyers,1,Normal
68,Male,Gloves,Accessories,24,North Carolina,M,Cyan,Summer,4.1,Yes,Debit Card,Standard,Yes,34,Cash,2,Low,0,Senior,1,2,2.482816238116398,-0.4206268070081658,Price-Sensitive Budget Shoppers,1,Normal
20,Male,Belt,Accessories,30,Idaho,XL,Blue,Summer,3.4,Yes,Cash,Express,Yes,15,Bank Transfer,7,Low,0,Youth,1,6,2.3190099138302696,-0.31557074474634267,Price-Sensitive Budget Shoppers,1,Normal
21,Male,Jacket,Outerwear,53,Oklahoma,L,Orange,Fall,2.5,Yes,Cash,Express,Yes,14,Credit Card,3,Medium,0,Youth,1,6,1.9658097015636773,0.1779534929833584,Young Trend-Oriented Shoppers,1,Normal
50,Male,Dress,Clothing,70,Georgia,XL,Charcoal,Spring,4.9,Yes,Credit Card,Next Day Air,Yes,46,Cash,2,High,1,Adult,1,0,0.811688469045164,1.9689320904184633,Deal-Driven Shoppers,1,Normal
32,Male,Shirt,Clothing,76,Kentucky,S,Beige,Winter,2.8,Yes,Debit Card,Standard,Yes,33,Venmo,5,High,1,Young_Adult,1,0,0.7934816461638652,1.9644567396399368,Deal-Driven Shoppers,1,Normal
24,Male,Scarf,Accessories,95,Delaware,M,Black,Fall,4.5,Yes,Bank Transfer,Express,Yes,41,Debit Card,3,Very_High,1,Youth,1,4,0.35180705642488114,2.561225597711169,High-Value Premium Buyers,1,Normal
55,Male,Coat,Outerwear,51,Massachusetts,S,Lavender,Winter,4.9,Yes,Credit Card,2-Day Shipping,Yes,39,PayPal,2,Medium,0,Middle_Aged,1,2,1.9355936565749858,0.3327422055347043,Family-Oriented Value Buyers,1,Normal
61,Male,Handbag,Accessories,41,Nebraska,M,Lavender,Winter,4.9,Yes,Cash,Store Pickup,Yes,7,Cash,3,Medium,0,Middle_Aged,1,6,2.052847394738855,-0.0068363941028921,Family-Oriented Value Buyers,1,Normal
61,Male,Sunglasses,Accessories,71,Maine,S,Turquoise,Winter,3.5,Yes,Bank Transfer,Free Shipping,Yes,29,Bank Transfer,7,High,1,Middle_Aged,1,0,0.8592141038960366,1.8628638204010433,Deal-Driven Shoppers,1,Normal
28,Male,T-shirt,Clothing,66,Pennsylvania,M,Purple,Summer,3.5,Yes,Debit Card,Free Shipping,Yes,18,Venmo,4,High,1,Young_Adult,1,4,0.8847549658049886,1.710761885202728,Deal-Driven Shoppers,1,Normal
60,Male,Shirt,Clothing,84,Nebraska,M,Olive,Winter,4.9,Yes,Bank Transfer,Free Shipping,Yes,15,Credit Card,3,Very_High,1,Middle_Aged,1,4,0.49339288892203526,2.2079004476668995,High-Value Premium Buyers,1,Normal
49,Male,Handbag,Accessories,95,Virginia,L,Turquoise,Winter,3.0,Yes,Venmo,Express,Yes,39,PayPal,5,Very_High,1,Adult,1,0,0.48540118582203573,2.442554283023923,High-Value Premium Buyers,1,Normal
33,Male,Jewelry,Accessories,90,Ohio,L,Teal,Summer,2.8,Yes,Cash,Next Day Air,Yes,11,Cash,6,Very_High,1,Young_Adult,1,4,0.5457945894358468,2.2292624586018857,High-Value Premium Buyers,1,Normal
45,Male,Hoodie,Clothing,36,Nebraska,S,Lavender,Summer,3.7,Yes,Venmo,Standard,Yes,4,Cash,1,Low,0,Adult,1,6,2.2060760527164653,-0.19949655078805587,Price-Sensitive Budget Shoppers,1,Normal
29,Male,Gloves,Accessories,22,Ohio,M,Purple,Spring,3.6,Yes,Credit Card,2-Day Shipping,Yes,33,Venmo,5,Low,0,Young_Adult,1,6,2.4696200366559715,-0.4508742816355213,Price-Sensitive Budget Shoppers,1,Normal
58,Male,Coat,Outerwear,89,Kentucky,L,Blue,Winter,3.3,Yes,Credit Card,Next Day Air,Yes,37,Debit Card,4,Very_High,1,Middle_Aged,1,0,0.5990213275111365,2.3002104842512674,High-Value Premium Buyers,1,Normal
22,Male,Sandals,Footwear,50,Tennessee,M,Teal,Spring,3.4,Yes,Cash,Free Shipping,Yes,32,Cash,4,Medium,0,Youth,1,6,1.9855352128710555,0.20947464390448198,Young Trend-Oriented Shoppers,1,Normal
55,Male,Boots,Footwear,36,Maine,M,Lavender,Fall,4.0,Yes,Bank Transfer,Free Shipping,Yes,44,Credit Card,4,Low,0,Middle_Aged,1,2,2.231267602655085,-0.07727709613402838,Price-Sensitive Budget Shoppers,1,Normal
19,Male,Pants,Clothing,52,Montana,S,Silver,Spring,4.6,Yes,Credit Card,Free Shipping,Yes,41,Bank Transfer,4,Medium,0,Youth,1,6,1.8833811848190851,0.37069285387470396,Young Trend-Oriented Shoppers,1,Normal
68,Male,Socks,Clothing,29,Maryland,M,Olive,Fall,4.2,Yes,Venmo,Next Day Air,Yes,44,Bank Transfer,2,Low,0,Senior,1,2,2.369493636201811,-0.2534906008507681,Price-Sensitive Budget Shoppers,1,Normal
61,Male,Blouse,Clothing,89,Georgia,M,Brown,Fall,2.8,Yes,Venmo,Express,Yes,32,Venmo,3,Very_High,1,Middle_Aged,1,0,0.5709641260365492,2.255111778682987,High-Value Premium Buyers,1,Normal
68,Male,Handbag,Accessories,47,Hawaii,M,Yellow,Fall,3.7,Yes,Credit Card,2-Day Shipping,Yes,13,Bank Transfer,6,Medium,0,Senior,1,2,2.0226525767235586,0.072871473291451,Family-Oriented Value Buyers,1,Normal
52,Male,Jewelry,Accessories,25,Rhode Island,XL,Brown,Spring,3.4,Yes,Bank Transfer,Standard,Yes,48,Debit Card,4,Low,0,Middle_Aged,1,2,2.5104461162401113,-0.3673392918767444,Price-Sensitive Budget Shoppers,1,Normal
41,Male,Pants,Clothing,74,Nebraska,XL,Cyan,Fall,3.0,Yes,Bank Transfer,Express,Yes,3,Bank Transfer,2,High,1,Adult,1,4,0.7526747442622274,1.8379112369473332,Deal-Driven Shoppers,1,Normal
29,Male,Belt,Accessories,46,Michigan,M,Magenta,Fall,4.8,Yes,PayPal,Standard,Yes,39,Venmo,6,Medium,0,Young_Adult,1,6,1.9909328951310388,0.20129752886564906,Young Trend-Oriented Shoppers,1,Normal
68,Male,Jeans,Clothing,22,North Carolina,S,Magenta,Fall,4.0,Yes,Venmo,Next Day Air,Yes,7,Cash,1,Low,0,Senior,1,2,2.4401097875629287,-0.5110305370616799,Price-Sensitive Budget Shoppers,-1,Anomaly
36,Male,Shirt,Clothing,25,Minnesota,M,Orange,Summer,4.9,Yes,Venmo,Next Day Air,Yes,11,Cash,1,Low,0,Adult,1,6,2.3169008897813073,-0.3750354926659844,Price-Sensitive Budget Shoppers,-1,Anomaly
55,Male,Belt,Accessories,80,Maryland,M,Maroon,Spring,4.9,Yes,Venmo,Next Day Air,Yes,47,Credit Card,2,High,1,Middle_Aged,1,0,0.6572458701230249,2.202975726491635,High-Value Premium Buyers,1,Normal
28,Male,Jeans,Clothing,76,Hawaii,M,Green,Spring,3.3,Yes,Bank Transfer,2-Day Shipping,Yes,28,Debit Card,1,High,1,Young_Adult,1,4,0.7431963203161835,1.9847080253289477,Deal-Driven Shoppers,1,Normal
39,Male,Jeans,Clothing,30,Oregon,L,Teal,Summer,4.4,Yes,Credit Card,Next Day Air,Yes,17,Bank Transfer,7,Low,0,Adult,1,6,2.2852417592643266,-0.2679703531244449,Price-Sensitive Budget Shoppers,1,Normal
54,Male,Sweater,Clothing,79,New Mexico,L,Black,Fall,3.5,Yes,Cash,2-Day Shipping,Yes,11,PayPal,5,High,1,Middle_Aged,1,4,0.6611850151438258,1.997313452246637,Deal-Driven Shoppers,1,Normal
40,Male,Sneakers,Footwear,22,Illinois,M,Magenta,Winter,4.2,Yes,Credit Card,Standard,Yes,12,Venmo,3,Low,0,Adult,1,6,2.4082748619119494,-0.48669665299170417,Price-Sensitive Budget Shoppers,1,Normal
31,Male,Socks,Clothing,36,Utah,S,Olive,Fall,4.2,Yes,Debit Card,Standard,Yes,7,Credit Card,1,Low,0,Young_Adult,1,6,2.138936474862657,-0.1573784047396795,Price-Sensitive Budget Shoppers,1,Normal
30,Male,Socks,Clothing,77,Maine,L,Yellow,Fall,2.7,Yes,Cash,Standard,Yes,19,Venmo,1,High,1,Young_Adult,1,4,0.7549496879866968,1.9290217401488436,Deal-Driven Shoppers,1,Normal
45,Male,Sunglasses,Accessories,33,Virginia,S,Purple,Fall,2.8,Yes,Credit Card,Store Pickup,Yes,24,Cash,4,Low,0,Adult,1,2,2.3242147943735447,-0.24500379999247368,Price-Sensitive Budget Shoppers,1,Normal
48,Male,Sneakers,Footwear,64,Florida,M,Beige,Winter,3.8,Yes,Credit Card,Next Day Air,Yes,19,Venmo,6,High,1,Adult,1,4,0.9391932920718049,1.6825927584299718,Deal-Driven Shoppers,1,Normal
45,Male,Socks,Clothing,53,Ohio,M,Indigo,Fall,2.6,Yes,PayPal,Free Shipping,Yes,39,PayPal,3,Medium,0,Adult,1,2,1.9977795288006421,0.22054600767232,Family-Oriented Value Buyers,1,Normal
60,Male,Shoes,Footwear,36,Virginia,XL,Pink,Fall,3.0,Yes,Venmo,2-Day Shipping,Yes,1,Credit Card,1,Low,0,Middle_Aged,1,6,2.220336703642554,-0.25072810460155237,Price-Sensitive Budget Shoppers,1,Normal
59,Male,Blouse,Clothing,70,Kansas,M,Blue,Spring,3.3,No,Cash,2-Day Shipping,Yes,10,Debit Card,5,High,1,Middle_Aged,1,0,0.42812849027851657,1.4696170126870733,Deal-Driven Shoppers,1,Normal
18,Male,Shorts,Clothing,96,Arkansas,L,Cyan,Winter,4.9,No,Debit Card,Express,Yes,48,PayPal,4,Very_High,1,Youth,1,4,-0.08170224799430968,2.3292373874155254,High-Value Premium Buyers,-1,Anomaly
70,Male,Jacket,Outerwear,27,Massachusetts,M,Orange,Spring,3.3,No,PayPal,Next Day Air,Yes,24,Debit Card,3,Low,0,Senior,1,2,2.057823467881183,-0.7078399704856271,Price-Sensitive Budget Shoppers,1,Normal
20,Male,Sweater,Clothing,64,Idaho,L,Black,Winter,2.9,No,Debit Card,2-Day Shipping,Yes,42,Venmo,1,High,1,Youth,1,4,0.6011247333696564,1.4053431232397433,Deal-Driven Shoppers,-1,Anomaly
65,Male,Jacket,Outerwear,23,Wisconsin,S,Maroon,Spring,4.4,No,Bank Transfer,2-Day Shipping,Yes,20,Credit Card,2,Low,0,Middle_Aged,1,2,2.0336177931450496,-0.7446821998594605,Price-Sensitive Budget Shoppers,1,Normal
29,Male,Scarf,Accessories,33,New Mexico,L,Violet,Summer,3.1,No,Credit Card,Next Day Air,Yes,49,Bank Transfer,7,Low,0,Young_Adult,1,2,1.964802233914777,-0.46356175667389476,Price-Sensitive Budget Shoppers,1,Normal
22,Male,Jacket,Outerwear,34,North Carolina,M,Beige,Winter,2.5,No,Venmo,Standard,Yes,25,Debit Card,6,Low,0,Youth,1,6,1.917364585948061,-0.5363675254137049,Price-Sensitive Budget Shoppers,1,Normal
27,Male,Sweater,Clothing,35,Iowa,S,Gray,Summer,2.6,No,PayPal,Next Day Air,Yes,21,Debit Card,7,Low,0,Young_Adult,1,6,1.9046895834029884,-0.5112824546839214,Price-Sensitive Budget Shoppers,1,Normal
36,Male,Coat,Outerwear,62,Idaho,M,Gray,Summer,4.4,No,Debit Card,Free Shipping,Yes,12,Venmo,7,High,1,Adult,1,4,0.5108258302717782,1.3456834503612596,Deal-Driven Shoppers,1,Normal
59,Male,Boots,Footwear,75,Ohio,M,Brown,Fall,2.6,No,Venmo,Next Day Air,Yes,21,Debit Card,7,High,1,Middle_Aged,1,0,0.4188576260713383,1.6032726483940527,Deal-Driven Shoppers,1,Normal
62,Male,Hoodie,Clothing,29,Alabama,S,Indigo,Summer,3.3,No,Bank Transfer,Free Shipping,Yes,35,Cash,6,Low,0,Middle_Aged,1,2,2.017600887651397,-0.619134912892806,Price-Sensitive Budget Shoppers,1,Normal
34,Male,Hat,Accessories,28,Wyoming,M,Violet,Spring,3.5,No,Debit Card,Express,Yes,42,Credit Card,7,Low,0,Young_Adult,1,2,2.0062524332660137,-0.5849270486266378,Price-Sensitive Budget Shoppers,1,Normal
59,Male,T-shirt,Clothing,20,Alabama,XL,Blue,Spring,4.1,No,Cash,Store Pickup,Yes,3,PayPal,7,Low,0,Middle_Aged,1,6,2.0530379583162803,-0.8676918164335311,Price-Sensitive Budget Shoppers,-1,Anomaly
49,Male,Coat,Outerwear,96,Mississippi,M,Red,Winter,4.0,No,Credit Card,Store Pickup,Yes,11,PayPal,5,Very_High,1,Adult,1,4,-0.061422337606578406,2.156099443901648,High-Value Premium Buyers,1,Normal
18,Male,Dress,Clothing,43,Pennsylvania,S,Peach,Summer,2.7,No,Venmo,2-Day Shipping,Yes,22,PayPal,4,Medium,0,Youth,1,6,1.718904335945618,-0.3018337068908516,Young Trend-Oriented Shoppers,1,Normal
55,Male,Shirt,Clothing,94,Wyoming,M,Olive,Fall,2.5,No,Bank Transfer,Standard,Yes,47,Credit Card,2,Very_High,1,Middle_Aged,1,0,0.13225635561765187,2.101157938169374,High-Value Premium Buyers,1,Normal
38,Male,Skirt,Clothing,81,Maryland,XL,White,Fall,4.3,No,Credit Card,Next Day Air,Yes,33,Venmo,7,High,1,Adult,1,4,0.19857694964574368,1.8898034437676272,High-Value Premium Buyers,1,Normal
50,Male,Jewelry,Accessories,75,North Carolina,M,Magenta,Summer,3.3,No,Venmo,Free Shipping,Yes,50,Debit Card,2,High,1,Adult,1,0,0.4360156719359769,1.7154467942835274,Deal-Driven Shoppers,1,Normal
61,Male,Hat,Accessories,81,Pennsylvania,M,Beige,Summer,2.6,No,Cash,Express,Yes,46,Credit Card,6,High,1,Middle_Aged,1,0,0.38661467921562725,1.8025614599328201,High-Value Premium Buyers,1,Normal
48,Male,Shorts,Clothing,92,Idaho,L,Gold,Fall,3.5,No,Bank Transfer,Express,Yes,34,Debit Card,1,Very_High,1,Adult,1,0,0.08249020058988196,2.101005307237462,High-Value Premium Buyers,1,Normal
22,Male,Scarf,Accessories,96,California,XL,Purple,Spring,4.0,No,Cash,Store Pickup,Yes,33,Credit Card,6,Very_High,1,Youth,1,4,-0.036070229801776627,2.2415358013997766,High-Value Premium Buyers,1,Normal
48,Male,Jewelry,Accessories,71,Tennessee,S,White,Fall,2.6,No,PayPal,Standard,Yes,45,Bank Transfer,1,High,1,Adult,1,0,0.5293882934201993,1.571050772978994,Deal-Driven Shoppers,1,Normal
57,Male,Sunglasses,Accessories,50,Missouri,L,Indigo,Summer,4.9,No,Debit Card,Next Day Air,Yes,32,Debit Card,5,Medium,0,Middle_Aged,1,2,1.5735392399791872,-0.01898225577132165,Family-Oriented Value Buyers,1,Normal
33,Male,Coat,Outerwear,72,North Dakota,L,Charcoal,Spring,2.9,No,Bank Transfer,Standard,Yes,47,Venmo,5,High,1,Young_Adult,1,0,0.5123829020282084,1.6019527938992209,Deal-Driven Shoppers,1,Normal
58,Male,Jacket,Outerwear,28,West Virginia,M,Pink,Winter,3.7,No,Cash,Standard,Yes,5,PayPal,4,Low,0,Middle_Aged,1,6,1.943929999709692,-0.702282683903279,Price-Sensitive Budget Shoppers,1,Normal
37,Male,Sweater,Clothing,59,Arizona,M,Silver,Fall,4.4,No,Cash,Express,Yes,49,Credit Card,1,Medium,0,Adult,1,2,1.4034456289089834,0.24446387038191825,Family-Oriented Value Buyers,1,Normal
18,Male,Coat,Outerwear,33,Oklahoma,S,Blue,Summer,4.4,No,Bank Transfer,Free Shipping,Yes,48,Bank Transfer,6,Low,0,Youth,1,6,1.8626053546126211,-0.39252884969456764,Price-Sensitive Budget Shoppers,1,Normal
65,Male,Scarf,Accessories,59,Pennsylvania,L,Blue,Fall,3.8,No,Bank Transfer,Express,Yes,22,Cash,7,Medium,0,Middle_Aged,1,2,1.4393562106114963,0.11292278785827241,Family-Oriented Value Buyers,1,Normal
62,Male,Belt,Accessories,30,Idaho,XL,Brown,Spring,4.5,No,Cash,Standard,Yes,45,Credit Card,3,Low,0,Middle_Aged,1,2,1.9451551680786252,-0.488192009779029,Price-Sensitive Budget Shoppers,1,Normal
54,Male,Hat,Accessories,85,South Carolina,XL,Cyan,Winter,2.6,No,PayPal,Next Day Air,Yes,30,Venmo,4,Very_High,1,Middle_Aged,1,0,0.2807478556366797,1.8617912706356365,High-Value Premium Buyers,1,Normal
35,Male,Backpack,Accessories,97,Washington,L,Teal,Summer,3.3,No,Credit Card,Store Pickup,Yes,43,Cash,2,Very_High,1,Young_Adult,1,0,0.03792628412436717,2.2359277732038754,High-Value Premium Buyers,1,Normal
34,Male,T-shirt,Clothing,36,Arkansas,S,Purple,Fall,4.1,No,Credit Card,Next Day Air,Yes,48,Cash,4,Low,0,Young_Adult,1,2,1.8089767472898401,-0.3119805538111981,Price-Sensitive Budget Shoppers,1,Normal
25,Male,Jewelry,Accessories,85,Utah,M,Turquoise,Winter,3.0,No,PayPal,Store Pickup,Yes,23,Venmo,1,Very_High,1,Youth,1,4,0.20768880901052705,1.8750298251455917,High-Value Premium Buyers,1,Normal
53,Male,Sunglasses,Accessories,62,Alaska,M,Olive,Winter,3.0,No,PayPal,Free Shipping,Yes,27,PayPal,5,High,1,Middle_Aged,1,0,0.6089070097882597,1.311305207932476,Deal-Driven Shoppers,1,Normal
45,Male,Jeans,Clothing,71,West Virginia,S,White,Winter,3.4,No,PayPal,Next Day Air,Yes,7,Bank Transfer,6,High,1,Adult,1,4,0.40155697292621706,1.5192515649639353,Deal-Driven Shoppers,1,Normal
49,Male,Pants,Clothing,21,Louisiana,M,Turquoise,Winter,2.7,No,Bank Transfer,Free Shipping,Yes,2,PayPal,2,Low,0,Adult,1,6,2.1011711392538417,-0.9375265690957767,Price-Sensitive Budget Shoppers,1,Normal
40,Male,Backpack,Accessories,61,Arizona,M,Silver,Spring,3.8,No,Debit Card,Next Day Air,Yes,33,PayPal,5,High,1,Adult,1,0,0.6054725701637856,1.346384968319359,Deal-Driven Shoppers,1,Normal
38,Male,Scarf,Accessories,58,Connecticut,M,Violet,Spring,4.2,No,Bank Transfer,Store Pickup,Yes,27,Cash,1,Medium,0,Adult,1,6,1.4221720654133083,0.13260527192692337,Family-Oriented Value Buyers,1,Normal
44,Male,Sweater,Clothing,80,North Carolina,L,Lavender,Spring,4.7,No,Cash,Store Pickup,Yes,6,Credit Card,1,High,1,Adult,1,4,0.17915234273689568,1.797302786385406,High-Value Premium Buyers,1,Normal
68,Male,Jewelry,Accessories,50,South Dakota,L,Magenta,Spring,4.1,No,Credit Card,2-Day Shipping,Yes,20,Venmo,4,Medium,0,Senior,1,2,1.5889913138410727,-0.10486723729502204,Family-Oriented Value Buyers,1,Normal
60,Male,Sneakers,Footwear,48,Delaware,S,Indigo,Winter,4.2,No,PayPal,2-Day Shipping,Yes,46,Venmo,7,Medium,0,Middle_Aged,1,2,1.6536849803878633,-0.05571214410926208,Family-Oriented Value Buyers,1,Normal
25,Male,Jewelry,Accessories,40,Connecticut,M,Black,Winter,4.8,No,Credit Card,Next Day Air,Yes,25,Cash,4,Medium,0,Youth,1,6,1.6586396023051844,-0.2539495233550549,Young Trend-Oriented Shoppers,1,Normal
19,Male,Coat,Outerwear,34,Tennessee,S,Peach,Summer,3.0,No,Debit Card,Free Shipping,Yes,30,Bank Transfer,4,Low,0,Youth,1,6,1.8978128795462548,-0.5045013535988881,Price-Sensitive Budget Shoppers,1,Normal
57,Male,Coat,Outerwear,46,New Hampshire,S,Beige,Fall,2.6,No,Credit Card,Standard,Yes,48,Credit Card,3,Medium,0,Middle_Aged,1,2,1.7772701739394534,-0.19188111678542244,Family-Oriented Value Buyers,1,Normal
58,Male,Sunglasses,Accessories,27,Vermont,M,Black,Summer,3.2,No,Venmo,Store Pickup,Yes,47,Bank Transfer,2,Low,0,Middle_Aged,1,2,2.0849758365981836,-0.6349631949900982,Price-Sensitive Budget Shoppers,1,Normal
49,Male,Handbag,Accessories,98,Idaho,S,Turquoise,Spring,3.6,No,PayPal,Next Day Air,Yes,27,Credit Card,2,Very_High,1,Adult,1,0,-0.011499354362064076,2.217513871480005,High-Value Premium Buyers,1,Normal
19,Male,Sweater,Clothing,73,North Carolina,M,Peach,Fall,2.6,No,Cash,Next Day Air,Yes,45,Bank Transfer,1,High,1,Youth,1,0,0.4500476859078727,1.627916330773108,Deal-Driven Shoppers,-1,Anomaly
50,Male,Pants,Clothing,28,Nevada,L,Gold,Spring,4.4,No,Debit Card,Express,Yes,2,Credit Card,2,Low,0,Adult,1,6,1.8970137731840566,-0.6650257787462571,Price-Sensitive Budget Shoppers,1,Normal
30,Male,Gloves,Accessories,76,Delaware,XL,Silver,Fall,3.0,No,Cash,Free Shipping,Yes,39,Cash,1,High,1,Young_Adult,1,0,0.37602886059620133,1.7092847282160573,Deal-Driven Shoppers,1,Normal
52,Male,Sweater,Clothing,83,Texas,M,Peach,Fall,2.9,No,Credit Card,Express,Yes,24,Cash,1,Very_High,1,Middle_Aged,1,0,0.24027826727385354,1.8120302579258736,High-Value Premium Buyers,1,Normal
35,Male,Hoodie,Clothing,23,Tennessee,S,Charcoal,Spring,4.3,No,Debit Card,Free Shipping,Yes,8,Debit Card,5,Low,0,Young_Adult,1,6,1.9650719218141155,-0.7406908304363556,Price-Sensitive Budget Shoppers,1,Normal
35,Male,Hat,Accessories,28,Delaware,M,Beige,Fall,3.1,No,Bank Transfer,Express,Yes,8,Bank Transfer,4,Low,0,Young_Adult,1,6,1.9496897853413548,-0.6956050872428087,Price-Sensitive Budget Shoppers,1,Normal
33,Male,T-shirt,Clothing,83,Massachusetts,S,Olive,Spring,3.0,No,Credit Card,Next Day Air,Yes,6,Venmo,7,Very_High,1,Young_Adult,1,4,0.21277162258941418,1.7923800312444231,High-Value Premium Buyers,1,Normal
52,Male,Skirt,Clothing,96,Minnesota,L,Violet,Winter,3.6,No,Credit Card,Store Pickup,Yes,12,Venmo,1,Very_High,1,Middle_Aged,1,4,-0.020213290900148354,2.1347891255263898,High-Value Premium Buyers,1,Normal
69,Male,Sneakers,Footwear,62,Texas,M,Peach,Fall,2.8,No,Venmo,Store Pickup,Yes,26,Bank Transfer,2,High,1,Senior,1,0,0.6471505179084949,1.2922821701761105,Deal-Driven Shoppers,-1,Anomaly
27,Male,Shorts,Clothing,25,Nebraska,M,Teal,Fall,2.8,No,Venmo,Standard,Yes,50,Cash,1,Low,0,Young_Adult,1,2,2.0809250566150768,-0.6665153163320986,Price-Sensitive Budget Shoppers,-1,Anomaly
66,Male,Hoodie,Clothing,97,Oklahoma,L,Violet,Winter,4.9,No,Debit Card,Next Day Air,Yes,2,Venmo,2,Very_High,1,Senior,1,4,-0.10312321220548874,2.1811991386658374,High-Value Premium Buyers,-1,Anomaly
28,Male,Hoodie,Clothing,61,Texas,L,Cyan,Fall,3.0,No,Debit Card,Standard,Yes,31,Cash,5,High,1,Young_Adult,1,4,0.6132587341031193,1.303841244742101,Deal-Driven Shoppers,1,Normal
22,Male,Shoes,Footwear,66,New York,S,Olive,Summer,4.1,No,Bank Transfer,Next Day Air,Yes,4,Credit Card,5,High,1,Youth,1,4,0.42183299004721025,1.4373637843000977,Deal-Driven Shoppers,1,Normal
69,Male,Hoodie,Clothing,67,Washington,XL,Pink,Spring,4.6,No,Credit Card,Free Shipping,Yes,32,PayPal,4,High,1,Senior,1,0,0.4490884978110106,1.5323629109724697,Deal-Driven Shoppers,1,Normal
28,Male,Sunglasses,Accessories,80,Maryland,M,Purple,Summer,4.8,No,Cash,Next Day Air,Yes,11,PayPal,5,High,1,Young_Adult,1,4,0.15763721959780358,1.822756337366563,High-Value Premium Buyers,1,Normal
55,Male,Skirt,Clothing,25,New Hampshire,L,Violet,Fall,2.6,No,Cash,Next Day Air,Yes,47,Bank Transfer,7,Low,0,Middle_Aged,1,2,2.136426388800823,-0.709472157541151,Price-Sensitive Budget Shoppers,-1,Anomaly
30,Male,Hat,Accessories,58,New York,S,Peach,Fall,4.0,No,Bank Transfer,2-Day Shipping,Yes,37,Cash,2,Medium,0,Young_Adult,1,6,1.4195850434832433,0.17327888531906016,Young Trend-Oriented Shoppers,1,Normal
67,Male,Backpack,Accessories,96,Hawaii,M,Charcoal,Winter,4.2,No,Venmo,Express,Yes,39,PayPal,1,Very_High,1,Senior,1,0,0.009572485805702101,2.24768420127318,High-Value Premium Buyers,-1,Anomaly
25,Male,Sunglasses,Accessories,77,California,L,Lavender,Spring,4.5,No,PayPal,Store Pickup,Yes,24,Credit Card,6,High,1,Youth,1,4,0.2532106018267323,1.7652790556093108,Deal-Driven Shoppers,1,Normal
49,Male,Belt,Accessories,65,Indiana,M,Purple,Summer,4.9,No,Debit Card,Standard,Yes,11,PayPal,7,High,1,Adult,1,4,0.44693575962563353,1.4399462094355993,Deal-Driven Shoppers,1,Normal
34,Male,Jewelry,Accessories,36,Louisiana,M,Indigo,Spring,3.1,No,Venmo,Standard,Yes,36,Credit Card,2,Low,0,Young_Adult,1,2,1.8869732371884498,-0.440715572670302,Price-Sensitive Budget Shoppers,1,Normal
22,Male,Sneakers,Footwear,84,Pennsylvania,M,Magenta,Winter,4.0,No,Venmo,Next Day Air,Yes,40,Debit Card,6,Very_High,1,Youth,1,4,0.17630572327384425,1.9792346441435256,High-Value Premium Buyers,1,Normal
63,Male,T-shirt,Clothing,58,Florida,XL,Peach,Fall,3.2,No,Cash,Express,Yes,25,Cash,4,Medium,0,Middle_Aged,1,2,1.47493082742965,0.069522435776213,Family-Oriented Value Buyers,1,Normal
70,Male,Handbag,Accessories,62,North Carolina,S,Charcoal,Spring,4.3,No,PayPal,2-Day Shipping,Yes,12,Credit Card,3,High,1,Senior,1,0,0.5413036610588905,1.3430269670125756,Deal-Driven Shoppers,1,Normal
36,Male,Hat,Accessories,67,Massachusetts,S,Purple,Fall,2.5,No,Debit Card,Store Pickup,Yes,38,Cash,6,High,1,Adult,1,0,0.5800701128055995,1.461870633649932,Deal-Driven Shoppers,1,Normal
42,Male,Sweater,Clothing,20,Iowa,M,Orange,Spring,4.9,No,Debit Card,Express,Yes,40,Cash,4,Low,0,Adult,1,2,2.055671767075161,-0.7118357999895246,Price-Sensitive Budget Shoppers,-1,Anomaly
27,Male,Sandals,Footwear,90,North Dakota,M,Lavender,Summer,2.7,No,Debit Card,2-Day Shipping,Yes,10,Bank Transfer,2,Very_High,1,Young_Adult,1,4,0.10822483799478809,1.917210779472524,High-Value Premium Buyers,1,Normal
23,Male,Scarf,Accessories,58,Iowa,L,Beige,Winter,3.4,No,Venmo,Standard,Yes,47,Venmo,1,Medium,0,Youth,1,2,1.5045028423729006,0.1662696587603504,Young Trend-Oriented Shoppers,1,Normal
50,Male,Shirt,Clothing,53,Delaware,XL,Maroon,Spring,4.8,No,Venmo,Store Pickup,Yes,22,Debit Card,6,Medium,0,Adult,1,6,1.463941262271,0.04526596232164181,Family-Oriented Value Buyers,1,Normal
56,Male,Gloves,Accessories,30,New York,L,Charcoal,Winter,4.7,No,PayPal,Next Day Air,Yes,35,Debit Card,6,Low,0,Middle_Aged,1,2,1.9214715680529235,-0.4913678299082004,Price-Sensitive Budget Shoppers,1,Normal
37,Male,Hoodie,Clothing,65,New Hampshire,XL,White,Winter,4.7,No,Credit Card,Express,Yes,46,Venmo,1,High,1,Adult,1,0,0.4830278070118553,1.5688528478053272,Deal-Driven Shoppers,1,Normal
67,Male,Jewelry,Accessories,41,Kentucky,M,Lavender,Summer,3.9,No,Cash,Standard,Yes,30,PayPal,5,Medium,0,Senior,1,2,1.7773977045721987,-0.3138071615486812,Family-Oriented Value Buyers,1,Normal
67,Male,Shirt,Clothing,73,Illinois,M,Black,Spring,3.7,No,Credit Card,Express,Yes,20,Bank Transfer,6,High,1,Senior,1,0,0.38508610730183995,1.590467970073254,Deal-Driven Shoppers,1,Normal
50,Male,Hoodie,Clothing,98,North Carolina,S,Teal,Spring,4.3,No,PayPal,Store Pickup,Yes,25,Cash,1,Very_High,1,Adult,1,0,-0.07239933507447983,2.2651840345986223,High-Value Premium Buyers,1,Normal
36,Male,Shoes,Footwear,36,Connecticut,XL,Magenta,Winter,4.1,No,PayPal,2-Day Shipping,Yes,29,Cash,2,Low,0,Adult,1,6,1.7857781393917826,-0.40213903113175453,Price-Sensitive Budget Shoppers,1,Normal
62,Male,T-shirt,Clothing,81,Wisconsin,M,Brown,Summer,4.6,No,Bank Transfer,Express,Yes,2,Venmo,7,High,1,Middle_Aged,1,4,0.16913777873735167,1.7842247915845224,High-Value Premium Buyers,1,Normal
65,Male,Skirt,Clothing,90,Massachusetts,L,Peach,Winter,3.6,No,PayPal,2-Day Shipping,Yes,32,Bank Transfer,4,Very_High,1,Middle_Aged,1,0,0.11714647771591777,2.0245244271706815,High-Value Premium Buyers,1,Normal
23,Male,Handbag,Accessories,83,Illinois,S,Cyan,Summer,4.8,No,Debit Card,Free Shipping,Yes,37,Cash,6,Very_High,1,Youth,1,4,0.1450489409680888,1.9742664176453366,High-Value Premium Buyers,1,Normal
46,Male,Shirt,Clothing,91,New Mexico,XL,Pink,Winter,2.8,No,Credit Card,2-Day Shipping,Yes,16,Bank Transfer,7,Very_High,1,Adult,1,4,0.07868640056549754,1.9896276834341546,High-Value Premium Buyers,1,Normal
18,Male,Pants,Clothing,36,Iowa,M,Purple,Summer,4.7,No,Venmo,Express,Yes,32,Venmo,1,Low,0,Youth,1,6,1.756527834175955,-0.33097877861219044,Price-Sensitive Budget Shoppers,-1,Anomaly
58,Male,Coat,Outerwear,53,Alabama,L,Purple,Spring,3.9,No,PayPal,Standard,Yes,42,Debit Card,5,Medium,0,Middle_Aged,1,2,1.5976338945861466,0.01565045007030269,Family-Oriented Value Buyers,1,Normal
31,Male,Jeans,Clothing,39,Maryland,M,White,Winter,2.6,No,Cash,Store Pickup,Yes,6,Credit Card,7,Low,0,Young_Adult,1,6,1.7828307731993973,-0.4569749096418121,Price-Sensitive Budget Shoppers,1,Normal
39,Male,Gloves,Accessories,33,Ohio,S,Silver,Winter,4.7,No,Debit Card,Next Day Air,Yes,23,PayPal,1,Low,0,Adult,1,6,1.8259555602261053,-0.44384537450447475,Price-Sensitive Budget Shoppers,1,Normal
69,Male,T-shirt,Clothing,76,Ohio,L,Green,Spring,3.5,No,Cash,Store Pickup,Yes,27,Venmo,5,High,1,Senior,1,0,0.38159879395977364,1.6787813286969275,Deal-Driven Shoppers,1,Normal
68,Male,Boots,Footwear,23,Nevada,L,Teal,Winter,4.4,No,Cash,Standard,Yes,43,PayPal,4,Low,0,Senior,1,2,2.079462291439381,-0.6633497101666452,Price-Sensitive Budget Shoppers,1,Normal
41,Male,Jeans,Clothing,54,South Carolina,S,Indigo,Fall,4.4,No,PayPal,2-Day Shipping,Yes,25,Bank Transfer,1,Medium,0,Adult,1,6,1.4489781076344799,0.055019934060881445,Family-Oriented Value Buyers,1,Normal
31,Male,Sneakers,Footwear,89,Nevada,L,Pink,Summer,3.0,No,Venmo,Express,Yes,30,Cash,7,Very_High,1,Young_Adult,1,4,0.15890141081379394,1.9941058402634662,High-Value Premium Buyers,1,Normal
48,Male,Sneakers,Footwear,38,Wisconsin,M,Indigo,Summer,4.2,No,Debit Card,Standard,Yes,7,Bank Transfer,7,Low,0,Adult,1,6,1.7543593779384314,-0.43117070947225383,Price-Sensitive Budget Shoppers,1,Normal
59,Male,Hat,Accessories,36,Tennessee,XL,Red,Winter,4.3,No,PayPal,Next Day Air,Yes,17,Debit Card,3,Low,0,Middle_Aged,1,2,1.7988443672500263,-0.4155090008394878,Price-Sensitive Budget Shoppers,1,Normal
34,Male,Pants,Clothing,66,Florida,M,Violet,Spring,2.6,No,Bank Transfer,Store Pickup,Yes,10,PayPal,1,High,1,Young_Adult,1,4,0.539397185782927,1.3389163019973458,Deal-Driven Shoppers,1,Normal
21,Male,Jewelry,Accessories,42,Georgia,L,Cyan,Spring,3.3,No,Cash,Store Pickup,Yes,40,Venmo,3,Medium,0,Youth,1,6,1.7768757142666805,-0.2543888104542176,Young Trend-Oriented Shoppers,1,Normal
29,Male,Jewelry,Accessories,36,Kentucky,S,Red,Winter,2.7,No,Debit Card,Next Day Air,Yes,50,Venmo,5,Low,0,Young_Adult,1,2,1.9375266895268775,-0.40525440142194497,Price-Sensitive Budget Shoppers,1,Normal
41,Male,Blouse,Clothing,86,Ohio,M,Gray,Spring,4.2,No,Bank Transfer,Express,Yes,24,Credit Card,2,Very_High,1,Adult,1,4,0.10642224182439428,1.9570309975446396,High-Value Premium Buyers,1,Normal
62,Male,Handbag,Accessories,49,Connecticut,M,Gold,Fall,4.0,No,Cash,Standard,Yes,8,PayPal,7,Medium,0,Middle_Aged,1,6,1.5619989462813737,-0.16709647755423074,Family-Oriented Value Buyers,1,Normal
27,Male,Shirt,Clothing,41,Idaho,M,Pink,Summer,4.0,No,PayPal,Free Shipping,Yes,6,Bank Transfer,4,Medium,0,Young_Adult,1,6,1.6424383950416,-0.35085572852426117,Young Trend-Oriented Shoppers,1,Normal
49,Male,Dress,Clothing,82,Georgia,L,Cyan,Spring,2.9,No,Venmo,2-Day Shipping,Yes,44,Credit Card,5,Very_High,1,Adult,1,0,0.30527919723692976,1.8460179130756413,High-Value Premium Buyers,1,Normal
67,Male,T-shirt,Clothing,53,Tennessee,S,Red,Fall,2.6,No,Debit Card,Express,Yes,47,PayPal,4,Medium,0,Senior,1,2,1.6522823712543289,-0.032055709462680215,Family-Oriented Value Buyers,1,Normal
20,Male,Shoes,Footwear,21,Hawaii,M,Gold,Summer,4.8,No,PayPal,Express,Yes,6,Venmo,7,Low,0,Youth,1,6,1.961642354023013,-0.7742451714654697,Price-Sensitive Budget Shoppers,-1,Anomaly
37,Male,Belt,Accessories,66,Maryland,M,Charcoal,Fall,4.4,No,Credit Card,Standard,Yes,11,Cash,4,High,1,Adult,1,4,0.40771116250825934,1.4673167363726003,Deal-Driven Shoppers,1,Normal
69,Male,Belt,Accessories,89,Nevada,L,Orange,Summer,4.0,No,Venmo,2-Day Shipping,Yes,41,Bank Transfer,3,Very_High,1,Senior,1,0,0.15671269105291988,2.0558539494725956,High-Value Premium Buyers,1,Normal
66,Male,Handbag,Accessories,55,New Hampshire,L,Blue,Fall,3.6,No,Debit Card,2-Day Shipping,Yes,46,Venmo,7,Medium,0,Senior,1,2,1.5756078414984753,0.0508364679503999,Family-Oriented Value Buyers,1,Normal
37,Male,Scarf,Accessories,42,North Dakota,S,Blue,Summer,3.2,No,Cash,Next Day Air,Yes,9,Venmo,5,Medium,0,Adult,1,6,1.7406666493004992,-0.3463993409232233,Family-Oriented Value Buyers,1,Normal
63,Male,Shorts,Clothing,52,Oklahoma,S,Orange,Fall,3.1,No,Bank Transfer,2-Day Shipping,Yes,37,PayPal,6,Medium,0,Middle_Aged,1,2,1.6103721201836905,-0.05443210269320149,Family-Oriented Value Buyers,1,Normal
47,Male,Sandals,Footwear,92,North Carolina,M,Blue,Winter,4.2,No,Venmo,Express,Yes,13,PayPal,2,Very_High,1,Adult,1,4,-0.00626939113182097,2.0756487164600586,High-Value Premium Buyers,1,Normal
26,Male,Pants,Clothing,56,Tennessee,L,White,Summer,3.0,No,Credit Card,2-Day Shipping,Yes,24,Debit Card,6,Medium,0,Young_Adult,1,6,1.5050176306149285,0.0222447897489838,Young Trend-Oriented Shoppers,1,Normal
68,Male,Dress,Clothing,96,Montana,M,Green,Winter,4.2,No,Credit Card,Standard,Yes,47,PayPal,4,Very_High,1,Senior,1,0,-0.004181257492405305,2.2609694016722894,High-Value Premium Buyers,1,Normal
51,Male,T-shirt,Clothing,64,Wisconsin,M,Silver,Winter,2.9,No,Cash,Next Day Air,Yes,21,Venmo,7,High,1,Middle_Aged,1,0,0.5942487802433966,1.342061630286413,Deal-Driven Shoppers,1,Normal
48,Male,Dress,Clothing,48,Connecticut,S,Lavender,Winter,3.7,No,Cash,Store Pickup,Yes,22,Venmo,1,Medium,0,Adult,1,2,1.6245081197676714,-0.1340113481974838,Family-Oriented Value Buyers,1,Normal
60,Male,Socks,Clothing,83,New Jersey,XL,Beige,Summer,3.6,No,PayPal,Free Shipping,Yes,16,PayPal,4,Very_High,1,Middle_Aged,1,0,0.20619168152637135,1.8019244047666072,High-Value Premium Buyers,1,Normal
68,Male,Scarf,Accessories,91,Mississippi,L,Violet,Summer,3.6,No,PayPal,Standard,Yes,37,Debit Card,1,Very_High,1,Senior,1,0,0.16441634441192543,2.063170477876617,High-Value Premium Buyers,-1,Anomaly
25,Male,Backpack,Accessories,94,Wyoming,S,Gray,Fall,4.5,No,Venmo,2-Day Shipping,Yes,3,Cash,3,Very_High,1,Youth,1,4,-0.12226894356708727,2.1580639970332935,High-Value Premium Buyers,1,Normal
57,Male,Skirt,Clothing,62,Illinois,S,Red,Spring,3.2,No,Bank Transfer,Express,Yes,33,Cash,5,High,1,Middle_Aged,1,0,0.6274051931476042,1.3486044288718235,Deal-Driven Shoppers,1,Normal
41,Male,Socks,Clothing,55,Louisiana,M,Lavender,Spring,3.9,No,Bank Transfer,Next Day Air,Yes,15,Debit Card,3,Medium,0,Adult,1,6,1.4643456489658595,0.002601738930068001,Family-Oriented Value Buyers,1,Normal
59,Male,Coat,Outerwear,68,Oregon,L,Peach,Spring,4.6,No,Credit Card,Store Pickup,Yes,42,Bank Transfer,5,High,1,Middle_Aged,1,0,0.47714590085211234,1.5840865644538138,Deal-Driven Shoppers,1,Normal
44,Male,Jewelry,Accessories,76,South Dakota,M,Indigo,Winter,2.5,No,Credit Card,Express,Yes,42,Cash,5,High,1,Adult,1,0,0.42420373361057134,1.6804992467132656,Deal-Driven Shoppers,1,Normal
42,Male,Backpack,Accessories,31,Michigan,M,Black,Winter,4.3,No,Cash,Express,Yes,19,Bank Transfer,5,Low,0,Adult,1,6,1.8489234967673265,-0.5183838234671746,Price-Sensitive Budget Shoppers,1,Normal
35,Male,Belt,Accessories,81,New Jersey,M,Beige,Spring,4.1,No,Credit Card,Store Pickup,Yes,26,PayPal,4,High,1,Young_Adult,1,4,0.2107294345573279,1.8492501293211523,High-Value Premium Buyers,1,Normal
36,Male,Dress,Clothing,83,Oregon,M,Red,Winter,4.6,No,Credit Card,Free Shipping,Yes,39,PayPal,4,Very_High,1,Adult,1,4,0.13831372300149114,1.9698285710218912,High-Value Premium Buyers,1,Normal
54,Male,Skirt,Clothing,21,Iowa,M,Black,Spring,4.8,No,Cash,Standard,Yes,24,Debit Card,6,Low,0,Middle_Aged,1,2,2.0316158367049906,-0.7411835416373372,Price-Sensitive Budget Shoppers,-1,Anomaly
37,Male,Dress,Clothing,22,South Carolina,M,Teal,Spring,4.9,No,Credit Card,Express,Yes,23,Debit Card,3,Low,0,Adult,1,6,1.9710975232350527,-0.6825374932747007,Price-Sensitive Budget Shoppers,1,Normal
20,Male,T-shirt,Clothing,33,Indiana,M,Blue,Summer,2.8,No,Debit Card,Free Shipping,Yes,44,Bank Transfer,3,Low,0,Youth,1,6,1.93385719242,-0.5106876721894307,Price-Sensitive Budget Shoppers,1,Normal
23,Male,Skirt,Clothing,23,Oregon,S,Beige,Spring,4.9,No,Cash,Standard,Yes,34,Cash,6,Low,0,Youth,1,6,1.9738139553290288,-0.6315307126113844,Price-Sensitive Budget Shoppers,-1,Anomaly
61,Male,Shorts,Clothing,96,New York,L,Teal,Summer,3.5,No,Cash,Free Shipping,Yes,43,Bank Transfer,4,Very_High,1,Middle_Aged,1,0,0.054544348647377644,2.2021728169169927,High-Value Premium Buyers,1,Normal
37,Male,Jewelry,Accessories,21,New Mexico,M,Maroon,Spring,3.8,No,Debit Card,Express,Yes,45,PayPal,4,Low,0,Adult,1,2,2.117835362947465,-0.7403300398330722,Price-Sensitive Budget Shoppers,1,Normal
23,Male,Pants,Clothing,39,Louisiana,M,Yellow,Spring,4.5,No,PayPal,2-Day Shipping,Yes,4,Credit Card,2,Low,0,Youth,1,6,1.6485500997832234,-0.37395437924537583,Price-Sensitive Budget Shoppers,1,Normal
63,Male,Belt,Accessories,73,South Carolina,S,Indigo,Fall,3.4,No,Bank Transfer,Express,Yes,19,Credit Card,3,High,1,Middle_Aged,1,0,0.40655825090610326,1.5909716232869706,Deal-Driven Shoppers,1,Normal
47,Male,Jeans,Clothing,64,Maine,M,Magenta,Spring,3.9,No,Debit Card,Standard,Yes,29,Credit Card,6,High,1,Adult,1,0,0.5367019987931884,1.3985010241911295,Deal-Driven Shoppers,1,Normal
63,Male,Jeans,Clothing,68,Indiana,M,Beige,Summer,4.1,No,Cash,2-Day Shipping,Yes,27,Credit Card,3,High,1,Middle_Aged,1,0,0.4646932678569336,1.5152578324535748,Deal-Driven Shoppers,1,Normal
56,Male,Hat,Accessories,89,Iowa,L,Maroon,Fall,3.0,No,Cash,Express,Yes,37,Credit Card,7,Very_High,1,Middle_Aged,1,0,0.1882299339265331,2.008912689523963,High-Value Premium Buyers,1,Normal
68,Male,Blouse,Clothing,29,Mississippi,M,Magenta,Summer,3.3,No,Credit Card,Next Day Air,Yes,11,Credit Card,2,Low,0,Senior,1,2,1.9709027884687254,-0.6969217231115734,Price-Sensitive Budget Shoppers,1,Normal
64,Male,Shirt,Clothing,97,Arkansas,XL,Teal,Summer,4.9,No,Venmo,Free Shipping,Yes,28,Debit Card,3,Very_High,1,Middle_Aged,1,0,-0.08940214530410169,2.285942201442296,High-Value Premium Buyers,1,Normal
62,Male,Shirt,Clothing,45,South Carolina,M,Orange,Winter,4.3,No,Bank Transfer,Next Day Air,Yes,31,Credit Card,2,Medium,0,Middle_Aged,1,2,1.6602959349384399,-0.17684739867564883,Family-Oriented Value Buyers,1,Normal
34,Male,T-shirt,Clothing,70,Indiana,L,Charcoal,Winter,4.1,No,Debit Card,Free Shipping,Yes,50,Venmo,4,High,1,Young_Adult,1,0,0.4439873979033926,1.6499590133412831,Deal-Driven Shoppers,1,Normal
49,Male,Coat,Outerwear,56,Florida,M,Turquoise,Summer,4.0,No,PayPal,2-Day Shipping,Yes,42,Venmo,4,Medium,0,Adult,1,2,1.5226275840689354,0.08679824543268569,Family-Oriented Value Buyers,1,Normal
40,Male,Jacket,Outerwear,55,Alaska,L,Pink,Fall,5.0,No,Venmo,2-Day Shipping,Yes,18,Credit Card,1,Medium,0,Adult,1,6,1.3825122819944535,0.08652456948693218,Family-Oriented Value Buyers,1,Normal
50,Male,Hoodie,Clothing,46,New York,S,Teal,Winter,3.1,No,Debit Card,2-Day Shipping,Yes,6,Credit Card,1,Medium,0,Adult,1,6,1.654848227833762,-0.27644710371447234,Family-Oriented Value Buyers,1,Normal
25,Male,Scarf,Accessories,95,Texas,M,White,Winter,4.0,No,Cash,2-Day Shipping,Yes,33,Venmo,6,Very_High,1,Youth,1,4,-0.0306136803920687,2.217792174566519,High-Value Premium Buyers,1,Normal
30,Male,Belt,Accessories,88,North Dakota,M,Maroon,Winter,3.2,No,PayPal,2-Day Shipping,Yes,13,Bank Transfer,5,Very_High,1,Young_Adult,1,4,0.09209680170806345,1.9311172057905166,High-Value Premium Buyers,1,Normal
54,Male,Sneakers,Footwear,92,Vermont,L,Violet,Fall,3.9,No,Debit Card,Standard,Yes,26,PayPal,3,Very_High,1,Middle_Aged,1,0,0.05919309877001094,2.0716657847109987,High-Value Premium Buyers,1,Normal
40,Male,Socks,Clothing,49,New Jersey,M,Brown,Summer,3.9,No,Bank Transfer,2-Day Shipping,Yes,17,Cash,3,Medium,0,Adult,1,6,1.5530837350021562,-0.15159602903025532,Family-Oriented Value Buyers,1,Normal
49,Male,Sandals,Footwear,89,Maryland,M,Indigo,Fall,4.5,No,Credit Card,Free Shipping,Yes,3,Debit Card,2,Very_High,1,Adult,1,4,-0.002190570402114067,1.9968320263214672,High-Value Premium Buyers,1,Normal
27,Male,Coat,Outerwear,22,Connecticut,XL,Black,Winter,4.4,No,Bank Transfer,Store Pickup,Yes,7,PayPal,2,Low,0,Young_Adult,1,6,1.9810675393643902,-0.7824810464515962,Price-Sensitive Budget Shoppers,1,Normal
27,Male,Shoes,Footwear,61,Illinois,XL,Black,Summer,3.1,No,Cash,2-Day Shipping,Yes,46,Venmo,1,High,1,Young_Adult,1,0,0.6598964566939906,1.363887520647932,Deal-Driven Shoppers,1,Normal
48,Male,Scarf,Accessories,29,Maryland,S,Olive,Spring,2.9,No,Bank Transfer,Standard,Yes,14,Venmo,7,Low,0,Adult,1,6,2.0110082037005923,-0.6819721511481083,Price-Sensitive Budget Shoppers,1,Normal
40,Male,Sneakers,Footwear,82,Minnesota,M,Orange,Winter,3.7,No,Bank Transfer,Free Shipping,Yes,23,Bank Transfer,3,Very_High,1,Adult,1,4,0.20448232514414905,1.8354854579038606,High-Value Premium Buyers,1,Normal
67,Male,Belt,Accessories,94,Florida,M,Pink,Spring,3.2,No,Bank Transfer,2-Day Shipping,Yes,20,Credit Card,7,Very_High,1,Senior,1,0,0.06511333792687019,2.062018679480703,High-Value Premium Buyers,-1,Anomaly
52,Male,Handbag,Accessories,99,California,M,Olive,Spring,3.5,No,Credit Card,Standard,Yes,38,Bank Transfer,1,Very_High,1,Middle_Aged,1,0,-0.01035859557099536,2.2600647790295003,High-Value Premium Buyers,1,Normal
22,Male,Handbag,Accessories,59,Mississippi,S,Cyan,Fall,3.0,No,Cash,Free Shipping,Yes,16,Venmo,7,Medium,0,Youth,1,6,1.421030311338195,0.09578886199452277,Young Trend-Oriented Shoppers,1,Normal
62,Male,Boots,Footwear,90,Washington,M,White,Summer,4.1,No,Venmo,Next Day Air,Yes,48,Credit Card,7,Very_High,1,Middle_Aged,1,0,0.1368628457484805,2.1191592803773664,High-Value Premium Buyers,1,Normal
20,Male,Boots,Footwear,100,Wisconsin,S,Red,Winter,2.9,No,Cash,2-Day Shipping,Yes,8,Debit Card,3,Very_High,1,Youth,1,4,-0.09875940319986261,2.2276120395979193,High-Value Premium Buyers,-1,Anomaly
41,Male,Pants,Clothing,62,Pennsylvania,M,Blue,Winter,3.8,No,PayPal,Next Day Air,Yes,16,Bank Transfer,6,High,1,Adult,1,4,0.5367017698921167,1.3290413759795963,Deal-Driven Shoppers,1,Normal
34,Male,Sunglasses,Accessories,78,Missouri,M,Olive,Fall,4.1,No,PayPal,Next Day Air,Yes,5,Cash,4,High,1,Young_Adult,1,4,0.2131409778573346,1.7158245842159945,Deal-Driven Shoppers,1,Normal
23,Male,Hoodie,Clothing,94,Oklahoma,M,Green,Spring,4.6,No,Venmo,Store Pickup,Yes,14,Venmo,7,Very_High,1,Youth,1,4,-0.0855451809915533,2.175869983745523,High-Value Premium Buyers,1,Normal
32,Male,Shoes,Footwear,74,Pennsylvania,M,Yellow,Summer,2.5,No,Venmo,Free Shipping,Yes,18,Credit Card,2,High,1,Young_Adult,1,4,0.4065486934986538,1.5616509342960423,Deal-Driven Shoppers,1,Normal
68,Male,Handbag,Accessories,52,Kentucky,XL,Black,Spring,3.7,No,Cash,Express,Yes,14,Debit Card,7,Medium,0,Senior,1,2,1.574552270923262,-0.07886294531769322,Family-Oriented Value Buyers,1,Normal
30,Male,Jacket,Outerwear,81,Vermont,M,Blue,Fall,3.8,No,Cash,Free Shipping,Yes,5,Cash,7,High,1,Young_Adult,1,4,0.16569759774762555,1.7650703980364089,High-Value Premium Buyers,1,Normal
66,Male,Blouse,Clothing,20,Oregon,L,Pink,Winter,2.6,No,Cash,2-Day Shipping,Yes,15,Credit Card,7,Low,0,Senior,1,2,2.163575790274251,-0.9292649105044508,Price-Sensitive Budget Shoppers,-1,Anomaly
62,Male,Pants,Clothing,32,Utah,XL,Lavender,Summer,3.7,No,PayPal,Free Shipping,Yes,3,Venmo,7,Low,0,Middle_Aged,1,6,1.8778510554774608,-0.6111474696228262,Price-Sensitive Budget Shoppers,1,Normal
50,Male,Boots,Footwear,63,Nebraska,XL,Cyan,Fall,2.6,No,Debit Card,Free Shipping,Yes,12,Cash,7,High,1,Adult,1,0,0.5882454325147859,1.278388876025077,Deal-Driven Shoppers,1,Normal
55,Male,Boots,Footwear,79,Pennsylvania,M,Cyan,Spring,3.1,No,Venmo,Store Pickup,Yes,43,Cash,7,High,1,Middle_Aged,1,0,0.36350962645217283,1.7885489741920098,Deal-Driven Shoppers,1,Normal
19,Male,Sweater,Clothing,23,Vermont,M,Gold,Winter,2.5,No,Bank Transfer,Next Day Air,Yes,35,Credit Card,5,Low,0,Youth,1,6,2.1014001680770176,-0.7798133450215671,Price-Sensitive Budget Shoppers,-1,Anomaly
67,Male,Gloves,Accessories,64,Kentucky,M,Green,Winter,4.9,No,Bank Transfer,Express,Yes,36,Bank Transfer,4,High,1,Senior,1,0,0.5006331057996937,1.5031483899607867,Deal-Driven Shoppers,1,Normal
18,Male,Socks,Clothing,69,Iowa,M,Red,Winter,4.5,No,Bank Transfer,Standard,Yes,3,Cash,4,High,1,Youth,1,4,0.3122110245916782,1.5213462654717842,Deal-Driven Shoppers,1,Normal
58,Male,Jeans,Clothing,69,Indiana,L,Magenta,Fall,3.4,No,Bank Transfer,Store Pickup,Yes,27,Bank Transfer,3,High,1,Middle_Aged,1,0,0.4826955712113843,1.4991352458336138,Deal-Driven Shoppers,1,Normal
69,Male,Pants,Clothing,24,Kansas,L,Red,Winter,3.9,No,Credit Card,Free Shipping,Yes,21,Bank Transfer,2,Low,0,Senior,1,2,2.0306480930406274,-0.7424279525009064,Price-Sensitive Budget Shoppers,1,Normal
62,Male,Shorts,Clothing,50,Illinois,M,Yellow,Summer,3.7,No,Bank Transfer,Store Pickup,Yes,18,Venmo,2,Medium,0,Middle_Aged,1,2,1.6059463541941994,-0.14074318102494665,Family-Oriented Value Buyers,1,Normal
28,Male,Gloves,Accessories,97,North Carolina,S,Turquoise,Fall,2.6,No,Credit Card,Free Shipping,Yes,16,Debit Card,2,Very_High,1,Young_Adult,1,4,-0.010981001408507607,2.1522801004999224,High-Value Premium Buyers,-1,Anomaly
53,Male,Sandals,Footwear,91,Ohio,S,Cyan,Fall,3.4,No,PayPal,Store Pickup,Yes,18,Venmo,5,Very_High,1,Middle_Aged,1,0,0.07594745285862305,2.0267092344105935,High-Value Premium Buyers,1,Normal
27,Male,Blouse,Clothing,37,Illinois,L,Yellow,Spring,4.9,No,Venmo,Store Pickup,Yes,19,Bank Transfer,5,Low,0,Young_Adult,1,6,1.690650345185322,-0.3412193848834175,Price-Sensitive Budget Shoppers,1,Normal
55,Male,Jacket,Outerwear,55,Indiana,S,Yellow,Winter,3.9,No,Venmo,Express,Yes,1,Cash,3,Medium,0,Middle_Aged,1,6,1.4555275876480918,-0.018751802320919275,Family-Oriented Value Buyers,1,Normal
34,Male,Jewelry,Accessories,52,Kansas,XL,Maroon,Winter,3.6,No,Venmo,Express,Yes,39,Bank Transfer,3,Medium,0,Young_Adult,1,2,1.5584375242588102,0.006612985436853812,Young Trend-Oriented Shoppers,1,Normal
25,Male,Hat,Accessories,80,Illinois,L,Brown,Spring,4.6,No,Debit Card,Standard,Yes,49,Venmo,6,High,1,Youth,1,4,0.25909628660894746,1.9055002783520687,High-Value Premium Buyers,1,Normal
66,Male,Socks,Clothing,79,Pennsylvania,M,Gold,Spring,4.0,No,Credit Card,2-Day Shipping,Yes,43,Credit Card,1,High,1,Senior,1,0,0.29507946103130844,1.8163952636394864,Deal-Driven Shoppers,1,Normal
57,Male,Handbag,Accessories,23,New York,M,Charcoal,Summer,3.6,No,Cash,Free Shipping,Yes,31,Debit Card,7,Low,0,Middle_Aged,1,2,2.095200158643032,-0.7371754776952465,Price-Sensitive Budget Shoppers,1,Normal
46,Male,Pants,Clothing,73,Utah,L,Beige,Winter,3.5,No,Cash,Next Day Air,Yes,40,Venmo,7,High,1,Adult,1,0,0.4442357763965338,1.6571234207416627,Deal-Driven Shoppers,1,Normal
38,Male,Gloves,Accessories,99,New Jersey,M,Indigo,Fall,4.1,No,Cash,Store Pickup,Yes,2,Bank Transfer,5,Very_High,1,Adult,1,4,-0.15873968850254555,2.2233153259526164,High-Value Premium Buyers,1,Normal
23,Male,Sweater,Clothing,22,Idaho,M,Red,Spring,3.0,No,Bank Transfer,Store Pickup,Yes,46,PayPal,7,Low,0,Youth,1,2,2.130135486969502,-0.7528777937854122,Price-Sensitive Budget Shoppers,-1,Anomaly
42,Male,Hat,Accessories,68,New Mexico,M,White,Summer,4.4,No,PayPal,Store Pickup,Yes,35,Debit Card,7,High,1,Adult,1,0,0.4598755449255535,1.5836957539859164,Deal-Driven Shoppers,1,Normal
25,Male,Dress,Clothing,92,Michigan,S,Charcoal,Spring,4.4,No,Credit Card,2-Day Shipping,Yes,42,Credit Card,4,Very_High,1,Youth,1,4,-0.0018019645009819396,2.2064408600360457,High-Value Premium Buyers,1,Normal
55,Male,Pants,Clothing,77,Wyoming,M,Violet,Winter,3.7,No,PayPal,Express,Yes,3,Venmo,1,High,1,Middle_Aged,1,4,0.2821842093544188,1.6503979936658466,Deal-Driven Shoppers,1,Normal
62,Male,Coat,Outerwear,37,New Jersey,XL,Magenta,Spring,4.8,No,PayPal,Standard,Yes,32,Debit Card,7,Low,0,Middle_Aged,1,2,1.7986025050570105,-0.34749620384664354,Price-Sensitive Budget Shoppers,1,Normal
41,Male,Scarf,Accessories,79,New Jersey,L,White,Winter,2.9,No,Debit Card,Store Pickup,Yes,48,Debit Card,3,High,1,Adult,1,0,0.388211280965565,1.7934922361361878,Deal-Driven Shoppers,1,Normal
58,Male,Hoodie,Clothing,51,Hawaii,XL,Pink,Winter,3.1,No,Cash,Express,Yes,34,Credit Card,2,Medium,0,Middle_Aged,1,2,1.629169567700687,-0.08296380100263603,Family-Oriented Value Buyers,1,Normal
56,Male,Socks,Clothing,27,Nevada,M,Lavender,Summer,4.0,No,Bank Transfer,Next Day Air,Yes,15,Bank Transfer,4,Low,0,Middle_Aged,1,6,1.9598563760649885,-0.6853603937719736,Price-Sensitive Budget Shoppers,1,Normal
25,Male,Blouse,Clothing,23,New Hampshire,S,Pink,Spring,3.0,No,PayPal,Store Pickup,Yes,22,Debit Card,3,Low,0,Youth,1,6,2.060787979601041,-0.7773299133633267,Price-Sensitive Budget Shoppers,1,Normal
70,Male,Socks,Clothing,76,Indiana,S,Silver,Summer,3.9,No,Cash,2-Day Shipping,Yes,2,Cash,6,High,1,Senior,1,0,0.30921789801377597,1.6222471086081567,Deal-Driven Shoppers,1,Normal
42,Male,Dress,Clothing,31,New York,M,Violet,Fall,3.4,No,Bank Transfer,Standard,Yes,30,Bank Transfer,2,Low,0,Adult,1,2,1.919088093444886,-0.5632004974798493,Price-Sensitive Budget Shoppers,1,Normal
27,Male,Hoodie,Clothing,60,Louisiana,M,Charcoal,Winter,2.7,No,Credit Card,Standard,Yes,27,Cash,6,Medium,0,Young_Adult,1,6,1.4445173547985022,0.10146235035485819,Deal-Driven Shoppers,1,Normal
65,Male,T-shirt,Clothing,99,Virginia,M,Charcoal,Spring,3.5,No,Bank Transfer,Express,Yes,18,Venmo,5,Very_High,1,Middle_Aged,1,0,-0.049279537198322065,2.206151764640266,High-Value Premium Buyers,1,Normal
62,Male,Hat,Accessories,37,Wisconsin,XL,Red,Winter,3.0,No,Credit Card,Free Shipping,Yes,8,Credit Card,3,Low,0,Middle_Aged,1,2,1.82557453201746,-0.4947117779294873,Price-Sensitive Budget Shoppers,1,Normal
62,Male,Boots,Footwear,50,Oregon,M,Peach,Winter,4.5,No,PayPal,Express,Yes,48,Venmo,1,Medium,0,Middle_Aged,1,2,1.6029419782001653,0.006767509038857637,Family-Oriented Value Buyers,1,Normal
52,Male,Jeans,Clothing,26,New Hampshire,XL,Purple,Winter,4.1,No,Cash,Free Shipping,Yes,24,Cash,6,Low,0,Middle_Aged,1,2,1.9641293433134779,-0.6489739961588312,Price-Sensitive Budget Shoppers,1,Normal
56,Male,Shorts,Clothing,86,Indiana,XL,Orange,Spring,5.0,No,Debit Card,Next Day Air,Yes,43,Credit Card,6,Very_High,1,Middle_Aged,1,0,0.13300021091102043,2.0473149108489,High-Value Premium Buyers,1,Normal
28,Male,Sandals,Footwear,41,Massachusetts,L,Magenta,Fall,4.0,No,Venmo,Standard,Yes,8,Cash,4,Medium,0,Young_Adult,1,6,1.6608922702824418,-0.331430107925525,Young Trend-Oriented Shoppers,1,Normal
39,Male,Sandals,Footwear,23,Montana,XL,Red,Winter,4.9,No,Venmo,Express,Yes,49,PayPal,3,Low,0,Adult,1,2,2.000091873598246,-0.5959827563140125,Price-Sensitive Budget Shoppers,1,Normal
54,Male,Sneakers,Footwear,56,California,XL,Black,Spring,3.3,No,Cash,2-Day Shipping,Yes,2,Credit Card,5,Medium,0,Middle_Aged,1,6,1.467952141289109,-0.03984588931171587,Family-Oriented Value Buyers,1,Normal
30,Male,Hat,Accessories,68,Indiana,M,Peach,Fall,4.1,No,Credit Card,Standard,Yes,38,Cash,1,High,1,Young_Adult,1,4,0.44095695016332226,1.5778053148107714,Deal-Driven Shoppers,1,Normal
45,Male,Coat,Outerwear,48,West Virginia,S,Olive,Winter,3.6,No,Cash,Express,Yes,4,Cash,1,Medium,0,Adult,1,6,1.605300048440557,-0.18841938554185447,Family-Oriented Value Buyers,1,Normal
68,Male,Dress,Clothing,67,Minnesota,L,Gold,Spring,3.0,No,Cash,Free Shipping,Yes,31,Cash,7,High,1,Senior,1,0,0.5721881482536595,1.432468216401269,Deal-Driven Shoppers,-1,Anomaly
47,Male,Boots,Footwear,87,Ohio,XL,Gold,Spring,4.1,No,Debit Card,2-Day Shipping,Yes,34,Debit Card,7,Very_High,1,Adult,1,0,0.1391956376409715,2.0138752825258956,High-Value Premium Buyers,1,Normal
68,Male,Skirt,Clothing,64,Minnesota,M,Turquoise,Fall,3.9,No,Bank Transfer,Standard,Yes,45,Credit Card,6,High,1,Senior,1,0,0.5752449390394019,1.4394953297909225,Deal-Driven Shoppers,1,Normal
63,Male,Shirt,Clothing,93,Virginia,XL,Green,Spring,4.1,No,Venmo,Store Pickup,Yes,30,Debit Card,4,Very_High,1,Middle_Aged,1,0,0.034062800417744434,2.157349909260314,High-Value Premium Buyers,1,Normal
20,Male,Shirt,Clothing,29,Connecticut,L,Maroon,Summer,2.8,No,Venmo,Next Day Air,Yes,2,Credit Card,1,Low,0,Youth,1,6,1.946451728783661,-0.715297683025257,Price-Sensitive Budget Shoppers,-1,Anomaly
29,Male,Boots,Footwear,62,Tennessee,L,Brown,Winter,4.8,No,Debit Card,Store Pickup,Yes,44,Venmo,6,High,1,Young_Adult,1,4,0.5352014040484362,1.4776894771142608,Deal-Driven Shoppers,1,Normal
41,Male,Hoodie,Clothing,70,Delaware,L,Brown,Winter,4.6,No,Bank Transfer,2-Day Shipping,Yes,1,Credit Card,5,High,1,Adult,1,4,0.31076460831055125,1.5312130585189736,Deal-Driven Shoppers,1,Normal
52,Male,Sweater,Clothing,92,Vermont,S,Blue,Winter,2.5,No,Venmo,Next Day Air,Yes,1,Venmo,5,Very_High,1,Middle_Aged,1,4,0.09435272918054821,1.9521982527593205,High-Value Premium Buyers,1,Normal
32,Male,Shirt,Clothing,79,Louisiana,M,Lavender,Spring,2.7,No,Bank Transfer,Next Day Air,Yes,27,Bank Transfer,2,High,1,Young_Adult,1,4,0.33617485892779,1.7036820287722807,Deal-Driven Shoppers,1,Normal
20,Male,Blouse,Clothing,31,North Dakota,M,Peach,Fall,4.0,No,Cash,Standard,Yes,14,Debit Card,7,Low,0,Youth,1,6,1.82026987461623,-0.5417438709099474,Price-Sensitive Budget Shoppers,1,Normal
47,Male,T-shirt,Clothing,83,Oregon,S,Gray,Spring,2.7,No,Credit Card,Standard,Yes,41,Cash,2,Very_High,1,Adult,1,0,0.30416831946687867,1.8553765634626083,High-Value Premium Buyers,1,Normal
23,Male,Jacket,Outerwear,88,Idaho,XL,Charcoal,Winter,2.9,No,Venmo,Next Day Air,Yes,25,Debit Card,5,Very_High,1,Youth,1,4,0.15136258135033032,1.9668024005682028,High-Value Premium Buyers,1,Normal
43,Male,Jewelry,Accessories,53,Vermont,M,Lavender,Spring,3.0,No,PayPal,Standard,Yes,47,PayPal,4,Medium,0,Adult,1,2,1.6272731081924008,-0.022048164747477117,Family-Oriented Value Buyers,1,Normal
67,Male,Hoodie,Clothing,98,West Virginia,M,Green,Fall,3.3,No,Cash,Standard,Yes,20,Cash,3,Very_High,1,Senior,1,0,-0.030454993209935582,2.177925444667748,High-Value Premium Buyers,1,Normal
70,Male,Jewelry,Accessories,57,Kentucky,S,Gray,Spring,4.3,No,Cash,Store Pickup,Yes,42,PayPal,3,Medium,0,Senior,1,2,1.5028061218429851,0.15346431810097821,Family-Oriented Value Buyers,1,Normal
35,Male,Sandals,Footwear,80,Wisconsin,M,Orange,Winter,4.4,No,Debit Card,Express,Yes,16,Bank Transfer,6,High,1,Young_Adult,1,4,0.18485930623098615,1.8048037908075891,High-Value Premium Buyers,1,Normal
41,Male,Jeans,Clothing,29,Mississippi,L,Silver,Spring,4.1,No,Cash,Next Day Air,Yes,32,Credit Card,7,Low,0,Adult,1,6,1.951303945423668,-0.5603165806681392,Price-Sensitive Budget Shoppers,1,Normal
54,Male,Hat,Accessories,73,Missouri,M,Olive,Spring,3.1,No,Cash,2-Day Shipping,Yes,37,PayPal,4,High,1,Middle_Aged,1,0,0.46135548801771575,1.6122926126843682,Deal-Driven Shoppers,1,Normal
55,Male,Sweater,Clothing,32,Arkansas,S,Turquoise,Fall,4.5,No,PayPal,Standard,Yes,1,PayPal,6,Low,0,Middle_Aged,1,6,1.80595580895678,-0.5609701745694478,Price-Sensitive Budget Shoppers,1,Normal
51,Male,Boots,Footwear,68,Wyoming,L,Turquoise,Spring,4.8,No,PayPal,Next Day Air,Yes,37,Bank Transfer,2,High,1,Middle_Aged,1,0,0.4589228175228874,1.5789637204063427,Deal-Driven Shoppers,1,Normal
19,Male,Blouse,Clothing,97,Rhode Island,L,Green,Spring,5.0,No,Debit Card,Express,Yes,5,Venmo,4,Very_High,1,Youth,1,4,-0.18032637895730225,2.233629531138952,High-Value Premium Buyers,-1,Anomaly
28,Male,Shorts,Clothing,98,Utah,M,Violet,Fall,2.8,No,Credit Card,Next Day Air,Yes,31,Venmo,1,Very_High,1,Young_Adult,1,4,-0.015436774945787449,2.206851865337218,High-Value Premium Buyers,-1,Anomaly
63,Male,Hoodie,Clothing,56,Maryland,L,Charcoal,Fall,3.7,No,PayPal,Express,Yes,18,Debit Card,3,Medium,0,Middle_Aged,1,2,1.4852640631545315,0.021997215655101196,Family-Oriented Value Buyers,1,Normal
30,Male,Pants,Clothing,78,Georgia,L,White,Winter,4.4,No,PayPal,2-Day Shipping,Yes,39,Venmo,7,High,1,Young_Adult,1,4,0.2594599277959853,1.8332633596230654,Deal-Driven Shoppers,1,Normal
29,Male,Belt,Accessories,81,New Jersey,M,Olive,Spring,4.5,No,Cash,Store Pickup,Yes,8,Venmo,5,High,1,Young_Adult,1,4,0.1551636891529497,1.8276121395486187,High-Value Premium Buyers,1,Normal
24,Male,Shirt,Clothing,68,New Hampshire,L,Violet,Winter,3.0,No,Debit Card,Free Shipping,Yes,20,Venmo,6,High,1,Youth,1,4,0.4773155147450074,1.4477913351263034,Deal-Driven Shoppers,1,Normal
69,Male,Shirt,Clothing,94,Oregon,M,Violet,Winter,3.9,No,Credit Card,2-Day Shipping,Yes,23,Debit Card,7,Very_High,1,Senior,1,0,0.007872523606954139,2.139209610349737,High-Value Premium Buyers,-1,Anomaly
65,Male,Dress,Clothing,93,Arkansas,M,Black,Spring,3.9,No,Bank Transfer,Express,Yes,38,PayPal,1,Very_High,1,Middle_Aged,1,0,0.07435582762496631,2.1311350271327045,High-Value Premium Buyers,1,Normal
64,Male,Gloves,Accessories,99,North Carolina,M,Charcoal,Fall,3.5,No,Venmo,Next Day Air,Yes,45,Bank Transfer,1,Very_High,1,Middle_Aged,1,0,0.0037482432555478173,2.2952887350550446,High-Value Premium Buyers,-1,Anomaly
40,Male,Gloves,Accessories,49,West Virginia,L,Yellow,Winter,4.9,No,Bank Transfer,Next Day Air,Yes,44,Debit Card,1,Medium,0,Adult,1,2,1.5825780705624712,0.021973023216712302,Family-Oriented Value Buyers,1,Normal
24,Male,Jeans,Clothing,28,Utah,XL,Blue,Winter,3.4,No,Venmo,Standard,Yes,20,PayPal,6,Low,0,Youth,1,6,1.9379326183098864,-0.6440671283117176,Price-Sensitive Budget Shoppers,1,Normal
66,Male,Belt,Accessories,93,South Dakota,XL,Charcoal,Winter,4.1,No,Venmo,Standard,Yes,34,PayPal,5,Very_High,1,Senior,1,0,0.0465017147371775,2.153370913334557,High-Value Premium Buyers,1,Normal
35,Male,Jacket,Outerwear,24,New Hampshire,M,Red,Fall,2.9,No,Debit Card,Next Day Air,Yes,10,PayPal,2,Low,0,Young_Adult,1,6,2.0531958449333745,-0.8354587742979825,Price-Sensitive Budget Shoppers,1,Normal
67,Male,Skirt,Clothing,35,Maryland,M,Indigo,Spring,3.4,No,Cash,Free Shipping,Yes,3,PayPal,3,Low,0,Senior,1,2,1.838362294571595,-0.567672480863503,Price-Sensitive Budget Shoppers,1,Normal
69,Male,Sandals,Footwear,68,South Dakota,S,Beige,Spring,3.2,No,Venmo,2-Day Shipping,Yes,23,Debit Card,1,High,1,Senior,1,0,0.5346399781365933,1.4696453219736132,Deal-Driven Shoppers,-1,Anomaly
26,Male,Belt,Accessories,61,Kentucky,M,Maroon,Summer,3.9,No,Debit Card,Free Shipping,Yes,42,Bank Transfer,3,High,1,Young_Adult,1,4,0.589836415436606,1.3832274168387086,Deal-Driven Shoppers,1,Normal
23,Male,Sweater,Clothing,74,Florida,XL,Yellow,Fall,4.1,No,Bank Transfer,Standard,Yes,30,Debit Card,3,High,1,Youth,1,4,0.31293971737152787,1.701731755253803,Deal-Driven Shoppers,1,Normal
27,Male,Shirt,Clothing,64,Texas,M,Silver,Summer,4.5,No,Credit Card,Standard,Yes,21,Cash,7,High,1,Young_Adult,1,4,0.4527194943000106,1.4424780659189236,Deal-Driven Shoppers,1,Normal
30,Male,Sneakers,Footwear,60,New Mexico,M,Olive,Fall,2.8,No,PayPal,Standard,Yes,50,PayPal,2,Medium,0,Young_Adult,1,2,1.4940021008701507,0.15794722322669708,Deal-Driven Shoppers,1,Normal
48,Male,Jeans,Clothing,29,South Dakota,S,Teal,Spring,2.8,No,PayPal,Express,Yes,16,Cash,5,Low,0,Adult,1,2,1.984684527979936,-0.6724253113518707,Price-Sensitive Budget Shoppers,1,Normal
44,Male,Sandals,Footwear,85,New Jersey,M,Silver,Summer,4.6,No,Debit Card,Standard,Yes,32,Venmo,3,Very_High,1,Adult,1,4,0.15383179178487805,1.9520024651124748,High-Value Premium Buyers,1,Normal
29,Male,Pants,Clothing,81,Indiana,S,Indigo,Summer,3.0,No,Cash,Free Shipping,Yes,14,Bank Transfer,1,High,1,Young_Adult,1,4,0.2603527853751104,1.7605942645617527,High-Value Premium Buyers,1,Normal
29,Male,Belt,Accessories,23,Louisiana,L,Teal,Fall,3.6,No,Bank Transfer,2-Day Shipping,Yes,42,Venmo,5,Low,0,Young_Adult,1,2,2.0647813497236074,-0.6941002814537817,Price-Sensitive Budget Shoppers,1,Normal
67,Male,T-shirt,Clothing,100,West Virginia,M,Charcoal,Spring,4.5,No,Cash,Next Day Air,Yes,47,Credit Card,7,Very_High,1,Senior,1,0,-0.06512128892972611,2.376638575073418,High-Value Premium Buyers,-1,Anomaly
42,Male,Shirt,Clothing,54,Maine,M,Orange,Fall,5.0,No,Venmo,Express,Yes,21,Debit Card,2,Medium,0,Adult,1,6,1.3980287418860609,0.09097071259973505,Family-Oriented Value Buyers,1,Normal
23,Male,Sneakers,Footwear,25,Idaho,M,Gold,Fall,2.9,No,Bank Transfer,Next Day Air,Yes,37,Credit Card,6,Low,0,Youth,1,6,2.0536175724212233,-0.7046357728234743,Price-Sensitive Budget Shoppers,1,Normal
34,Male,Blouse,Clothing,32,New York,L,Silver,Summer,3.1,No,Venmo,Next Day Air,Yes,10,Credit Card,3,Low,0,Young_Adult,1,6,1.9008390481096822,-0.6143372292958101,Price-Sensitive Budget Shoppers,1,Normal
64,Male,Backpack,Accessories,63,Montana,S,Orange,Spring,4.0,No,Bank Transfer,2-Day Shipping,Yes,18,PayPal,7,High,1,Middle_Aged,1,0,0.552286926292323,1.3724340183937893,Deal-Driven Shoppers,1,Normal
31,Male,Pants,Clothing,56,Mississippi,XL,Peach,Spring,4.5,No,Venmo,Express,Yes,2,PayPal,7,Medium,0,Young_Adult,1,6,1.363922889016105,0.05080017427938667,Young Trend-Oriented Shoppers,1,Normal
54,Male,Sweater,Clothing,33,Alaska,L,Brown,Winter,4.5,No,Cash,Next Day Air,Yes,40,PayPal,3,Low,0,Middle_Aged,1,2,1.871529979718203,-0.4252771886630078,Price-Sensitive Budget Shoppers,1,Normal
23,Male,Coat,Outerwear,32,Missouri,L,Black,Summer,3.1,No,PayPal,Express,Yes,43,PayPal,3,Low,0,Youth,1,2,1.971612869441476,-0.5275104032381589,Price-Sensitive Budget Shoppers,1,Normal
59,Male,Dress,Clothing,38,Rhode Island,L,Red,Summer,4.4,No,Credit Card,Next Day Air,Yes,14,Credit Card,7,Low,0,Middle_Aged,1,6,1.7547098279490152,-0.3853844201468081,Price-Sensitive Budget Shoppers,1,Normal
32,Male,Blouse,Clothing,21,Hawaii,L,Lavender,Summer,4.7,No,Bank Transfer,Store Pickup,Yes,41,Cash,4,Low,0,Young_Adult,1,6,2.0462151510061246,-0.6964251020766778,Price-Sensitive Budget Shoppers,1,Normal
43,Male,Hoodie,Clothing,59,South Carolina,L,Brown,Winter,3.1,No,Credit Card,Store Pickup,Yes,38,Credit Card,7,Medium,0,Adult,1,2,1.4836776300573133,0.1298214501624216,Family-Oriented Value Buyers,1,Normal
32,Male,Shoes,Footwear,87,Tennessee,M,Maroon,Fall,4.2,No,Credit Card,Express,Yes,12,Venmo,3,Very_High,1,Young_Adult,1,4,0.04365129724278495,1.9714388195383246,High-Value Premium Buyers,1,Normal
66,Male,T-shirt,Clothing,79,Missouri,M,Violet,Winter,3.0,No,Venmo,Store Pickup,Yes,19,Bank Transfer,6,High,1,Senior,1,0,0.3204688971531512,1.7049529490550124,Deal-Driven Shoppers,1,Normal
70,Male,Shoes,Footwear,28,Missouri,M,Lavender,Summer,2.6,No,Cash,Free Shipping,Yes,23,Credit Card,5,Low,0,Senior,1,2,2.0553140945089523,-0.7166226554777428,Price-Sensitive Budget Shoppers,-1,Anomaly
42,Male,Boots,Footwear,67,Missouri,S,Magenta,Summer,3.4,No,Venmo,Free Shipping,Yes,49,Debit Card,3,High,1,Adult,1,0,0.5522129051017031,1.5501894792791178,Deal-Driven Shoppers,1,Normal
56,Male,Shorts,Clothing,75,Mississippi,L,Green,Spring,4.2,No,PayPal,2-Day Shipping,Yes,29,Debit Card,4,High,1,Middle_Aged,1,0,0.3356104058378771,1.707268045022689,Deal-Driven Shoppers,1,Normal
28,Male,Belt,Accessories,32,Arkansas,S,Lavender,Spring,4.6,No,PayPal,Standard,Yes,14,Debit Card,5,Low,0,Young_Adult,1,6,1.809786833975104,-0.4810203368421667,Price-Sensitive Budget Shoppers,1,Normal
28,Male,Pants,Clothing,43,Kentucky,M,Green,Spring,2.8,No,Credit Card,Free Shipping,Yes,19,Cash,6,Medium,0,Young_Adult,1,6,1.7098616169345844,-0.3247728695023727,Young Trend-Oriented Shoppers,1,Normal
52,Male,Shorts,Clothing,93,Connecticut,M,Maroon,Spring,2.7,No,Venmo,Express,Yes,19,Credit Card,5,Very_High,1,Middle_Aged,1,0,0.07867325402053653,2.024481273263856,High-Value Premium Buyers,1,Normal
65,Male,Sunglasses,Accessories,24,Oklahoma,M,Magenta,Spring,4.0,No,Credit Card,Standard,Yes,48,Bank Transfer,2,Low,0,Middle_Aged,1,2,2.0900896051782967,-0.6657011354659295,Price-Sensitive Budget Shoppers,1,Normal
56,Male,Hat,Accessories,31,California,XL,Teal,Fall,3.1,No,PayPal,Free Shipping,Yes,19,Debit Card,3,Low,0,Middle_Aged,1,2,1.9378994290015354,-0.5978411691730025,Price-Sensitive Budget Shoppers,1,Normal
59,Male,T-shirt,Clothing,84,Missouri,L,Orange,Winter,3.7,No,Credit Card,Express,Yes,45,Bank Transfer,7,Very_High,1,Middle_Aged,1,0,0.237151581362395,1.9492762241990063,High-Value Premium Buyers,1,Normal
23,Male,Pants,Clothing,74,Washington,M,Violet,Winter,4.0,No,Credit Card,Next Day Air,Yes,17,Bank Transfer,4,High,1,Youth,1,4,0.28708776284429766,1.6662014895487336,Deal-Driven Shoppers,1,Normal
58,Male,Shorts,Clothing,62,New York,M,Yellow,Spring,4.6,No,Cash,Standard,Yes,15,Debit Card,7,High,1,Middle_Aged,1,4,0.5189502051664665,1.3768977301243717,Deal-Driven Shoppers,1,Normal
39,Male,Jewelry,Accessories,77,Indiana,S,Orange,Summer,3.8,No,Credit Card,Free Shipping,Yes,11,Credit Card,1,High,1,Adult,1,4,0.28136449098971855,1.7062648911529086,Deal-Driven Shoppers,1,Normal
28,Male,Backpack,Accessories,73,Oregon,L,Gold,Summer,3.5,No,Venmo,Express,Yes,1,Cash,6,High,1,Young_Adult,1,4,0.35063144916169353,1.5533306421308972,Deal-Driven Shoppers,1,Normal
40,Male,Shoes,Footwear,50,Texas,M,Indigo,Spring,4.6,No,Bank Transfer,Free Shipping,Yes,17,Cash,6,Medium,0,Adult,1,6,1.5003699406415096,-0.07324775158610304,Family-Oriented Value Buyers,1,Normal
52,Male,Coat,Outerwear,40,Florida,M,Turquoise,Winter,2.8,No,Credit Card,Standard,Yes,37,Cash,2,Medium,0,Middle_Aged,1,2,1.8589289049851392,-0.3753780247303321,Family-Oriented Value Buyers,1,Normal
37,Male,Sweater,Clothing,97,Rhode Island,M,Orange,Winter,3.7,No,Debit Card,Standard,Yes,40,Bank Transfer,2,Very_High,1,Adult,1,0,-0.014040915331035533,2.2343165692897804,High-Value Premium Buyers,1,Normal
70,Male,Gloves,Accessories,63,Texas,M,Indigo,Fall,3.3,No,PayPal,Express,Yes,50,PayPal,7,High,1,Senior,1,0,0.6460967429573385,1.4053334897248138,Deal-Driven Shoppers,-1,Anomaly
30,Male,Handbag,Accessories,65,Vermont,M,Charcoal,Fall,2.9,No,Credit Card,Standard,Yes,20,PayPal,5,High,1,Young_Adult,1,4,0.5225308775453184,1.3748390960283705,Deal-Driven Shoppers,1,Normal
38,Male,Socks,Clothing,91,Maryland,M,Lavender,Spring,3.2,No,Credit Card,Standard,Yes,8,PayPal,5,Very_High,1,Adult,1,4,0.04516325929422121,1.9673240895274595,High-Value Premium Buyers,1,Normal
66,Male,Hoodie,Clothing,60,Alaska,S,Gold,Spring,4.3,No,Bank Transfer,Store Pickup,Yes,16,Bank Transfer,4,Medium,0,Senior,1,2,1.3813754609191364,0.1531056667883663,Deal-Driven Shoppers,1,Normal
29,Male,Pants,Clothing,69,Idaho,M,Lavender,Winter,2.7,No,Cash,Next Day Air,Yes,9,Bank Transfer,4,High,1,Young_Adult,1,4,0.4591562611007166,1.4346629125262038,Deal-Driven Shoppers,1,Normal
46,Male,Coat,Outerwear,52,West Virginia,S,White,Spring,4.2,No,Debit Card,Store Pickup,Yes,12,Venmo,6,Medium,0,Adult,1,6,1.53161346203309,-0.05311222789681487,Family-Oriented Value Buyers,1,Normal
56,Male,Boots,Footwear,49,Nevada,M,Lavender,Fall,4.8,No,Credit Card,2-Day Shipping,Yes,26,Credit Card,2,Medium,0,Middle_Aged,1,2,1.5164085298729642,-0.04661872976291079,Family-Oriented Value Buyers,1,Normal
23,Male,Sneakers,Footwear,85,Oregon,M,Charcoal,Spring,4.8,No,PayPal,Store Pickup,Yes,44,Debit Card,1,Very_High,1,Youth,1,4,0.13591643585588004,2.050431215604683,High-Value Premium Buyers,1,Normal
37,Male,Sweater,Clothing,86,Tennessee,L,Silver,Spring,3.4,No,Venmo,Express,Yes,19,Credit Card,5,Very_High,1,Adult,1,4,0.1562387393993464,1.9066814304889004,High-Value Premium Buyers,1,Normal
56,Male,Handbag,Accessories,51,Alabama,S,Yellow,Winter,2.6,No,Bank Transfer,Standard,Yes,43,PayPal,1,Medium,0,Middle_Aged,1,2,1.697822942298183,-0.09258625035482121,Family-Oriented Value Buyers,1,Normal
36,Male,Belt,Accessories,56,Indiana,L,Olive,Winter,5.0,No,PayPal,Next Day Air,Yes,5,Bank Transfer,7,Medium,0,Adult,1,6,1.3692178569985711,0.07743102162911983,Family-Oriented Value Buyers,1,Normal
40,Male,Belt,Accessories,72,Idaho,M,Peach,Fall,4.4,No,Credit Card,Next Day Air,Yes,5,Debit Card,7,High,1,Adult,1,4,0.3002887265277952,1.6034848217402682,Deal-Driven Shoppers,1,Normal
26,Male,Hoodie,Clothing,27,Rhode Island,XL,Yellow,Fall,2.9,No,Debit Card,Standard,Yes,31,Bank Transfer,4,Low,0,Young_Adult,1,6,2.0068450246990492,-0.6796453164807941,Price-Sensitive Budget Shoppers,1,Normal
57,Male,Sunglasses,Accessories,43,Arizona,XL,Yellow,Summer,3.4,No,Cash,2-Day Shipping,Yes,11,Bank Transfer,6,Medium,0,Middle_Aged,1,2,1.7160960668363832,-0.33071973678106564,Family-Oriented Value Buyers,1,Normal
68,Male,Sneakers,Footwear,56,Florida,M,Indigo,Spring,3.4,No,Venmo,Standard,Yes,34,Bank Transfer,6,Medium,0,Senior,1,2,1.5590042393616688,0.031276343242377436,Family-Oriented Value Buyers,1,Normal
56,Male,T-shirt,Clothing,37,New York,S,Violet,Fall,4.9,No,Credit Card,Next Day Air,Yes,14,Cash,3,Low,0,Middle_Aged,1,6,1.6989147195599668,-0.3525766879265285,Price-Sensitive Budget Shoppers,1,Normal
40,Male,Dress,Clothing,21,Nebraska,M,White,Fall,3.6,No,Credit Card,Standard,Yes,42,Venmo,2,Low,0,Adult,1,2,2.1030500834045207,-0.747380774676321,Price-Sensitive Budget Shoppers,1,Normal
44,Male,Hoodie,Clothing,91,Mississippi,L,White,Winter,3.0,No,Credit Card,Free Shipping,Yes,15,Venmo,5,Very_High,1,Adult,1,4,0.08177496665630753,1.997214692015615,High-Value Premium Buyers,1,Normal
44,Male,Sweater,Clothing,95,Vermont,M,Cyan,Summer,3.9,No,Venmo,2-Day Shipping,Yes,47,Bank Transfer,6,Very_High,1,Adult,1,0,0.023246376229166178,2.218706436594082,High-Value Premium Buyers,1,Normal
19,Male,Belt,Accessories,54,Nebraska,XL,Purple,Spring,3.2,No,PayPal,Standard,Yes,23,Credit Card,1,Medium,0,Youth,1,6,1.5263753996563005,-0.023471574963227396,Young Trend-Oriented Shoppers,1,Normal
21,Male,Socks,Clothing,36,South Carolina,XL,Black,Spring,3.2,No,Bank Transfer,Next Day Air,Yes,23,Cash,5,Low,0,Youth,1,6,1.8214350331527864,-0.46428699761010495,Price-Sensitive Budget Shoppers,1,Normal
31,Male,Sunglasses,Accessories,71,Delaware,M,Orange,Fall,4.3,No,Cash,Next Day Air,Yes,1,Cash,7,High,1,Young_Adult,1,4,0.3129289969032502,1.5601247814576962,Deal-Driven Shoppers,1,Normal
30,Male,Coat,Outerwear,31,Vermont,L,Maroon,Summer,2.8,No,Credit Card,2-Day Shipping,Yes,28,Bank Transfer,4,Low,0,Young_Adult,1,6,1.9726625680264978,-0.6067904839363963,Price-Sensitive Budget Shoppers,1,Normal
65,Male,Hat,Accessories,89,Indiana,XL,Orange,Spring,4.5,No,Bank Transfer,Next Day Air,Yes,37,Credit Card,5,Very_High,1,Middle_Aged,1,0,0.11439616165485886,2.0837849733114098,High-Value Premium Buyers,1,Normal
39,Male,Pants,Clothing,83,Oregon,M,Teal,Winter,4.1,No,Bank Transfer,Next Day Air,Yes,4,Cash,7,Very_High,1,Adult,1,4,0.13554410951365525,1.8344900538961062,High-Value Premium Buyers,1,Normal
64,Male,Backpack,Accessories,42,Maryland,M,Gray,Spring,3.6,No,Debit Card,2-Day Shipping,Yes,21,Bank Transfer,4,Medium,0,Middle_Aged,1,2,1.7468827178830233,-0.3296932513961801,Family-Oriented Value Buyers,1,Normal
59,Male,Shorts,Clothing,91,Florida,M,Blue,Summer,3.0,No,Venmo,2-Day Shipping,Yes,50,PayPal,5,Very_High,1,Middle_Aged,1,0,0.16512989987699728,2.0636634234062905,High-Value Premium Buyers,1,Normal
49,Male,Jacket,Outerwear,61,Indiana,M,Cyan,Spring,4.0,No,Debit Card,Free Shipping,Yes,34,Bank Transfer,3,High,1,Adult,1,0,0.5991602715768763,1.3477621834252018,Deal-Driven Shoppers,1,Normal
24,Male,Backpack,Accessories,66,Texas,S,Red,Summer,3.5,No,Venmo,Next Day Air,Yes,20,Cash,4,High,1,Youth,1,4,0.49939537114590493,1.456221583045851,Deal-Driven Shoppers,1,Normal
19,Male,Scarf,Accessories,22,Nebraska,XL,Pink,Spring,2.5,No,Debit Card,Store Pickup,Yes,25,Venmo,7,Low,0,Youth,1,6,2.1325588553284227,-0.8318666246587876,Price-Sensitive Budget Shoppers,-1,Anomaly
27,Male,Hoodie,Clothing,68,North Carolina,S,Cyan,Winter,4.3,No,Debit Card,Store Pickup,Yes,26,Bank Transfer,1,High,1,Young_Adult,1,4,0.4139838944457318,1.5618862116108545,Deal-Driven Shoppers,1,Normal
56,Male,Skirt,Clothing,43,Alabama,L,Black,Fall,2.8,No,Bank Transfer,Express,Yes,4,Bank Transfer,3,Medium,0,Middle_Aged,1,6,1.7205293082798503,-0.391615641963831,Family-Oriented Value Buyers,1,Normal
49,Male,Dress,Clothing,32,Alabama,M,Beige,Fall,3.7,No,Cash,Next Day Air,Yes,39,Debit Card,6,Low,0,Adult,1,2,1.9189591288405026,-0.48123856289539235,Price-Sensitive Budget Shoppers,1,Normal
41,Male,Coat,Outerwear,46,Colorado,M,Gray,Fall,4.3,No,Cash,Express,Yes,29,Cash,2,Medium,0,Adult,1,6,1.6161226402481763,-0.14253801831932217,Family-Oriented Value Buyers,1,Normal
36,Male,Blouse,Clothing,90,Wisconsin,L,Red,Summer,4.0,No,Bank Transfer,Express,Yes,47,PayPal,4,Very_High,1,Adult,1,0,0.10815042223472335,2.1005001666358982,High-Value Premium Buyers,1,Normal
68,Male,Hat,Accessories,75,Delaware,L,Yellow,Fall,4.7,No,Cash,Express,Yes,5,Cash,7,High,1,Senior,1,4,0.2807227593363269,1.6715641135975912,Deal-Driven Shoppers,1,Normal
28,Male,Handbag,Accessories,69,Indiana,M,Magenta,Winter,4.5,No,PayPal,Store Pickup,Yes,18,Bank Transfer,1,High,1,Young_Adult,1,4,0.3704030895427997,1.5600164695325291,Deal-Driven Shoppers,1,Normal
45,Male,Belt,Accessories,40,Iowa,M,Magenta,Fall,3.1,No,Debit Card,Free Shipping,Yes,10,Credit Card,1,Medium,0,Adult,1,6,1.753531255893248,-0.42092208410261056,Family-Oriented Value Buyers,1,Normal
60,Male,Belt,Accessories,63,Iowa,S,Black,Fall,3.8,No,Venmo,Express,Yes,25,Cash,4,High,1,Middle_Aged,1,0,0.5564966010805249,1.406845705876128,Deal-Driven Shoppers,1,Normal
21,Male,Shirt,Clothing,36,Wisconsin,L,Orange,Summer,4.9,No,Venmo,Express,Yes,2,Cash,2,Low,0,Youth,1,6,1.6883699709332403,-0.4112112343852713,Price-Sensitive Budget Shoppers,1,Normal
32,Male,Shoes,Footwear,75,Iowa,M,Green,Winter,3.2,No,Cash,Standard,Yes,48,Venmo,1,High,1,Young_Adult,1,0,0.41430751434279606,1.7218545472558413,Deal-Driven Shoppers,1,Normal
27,Male,Scarf,Accessories,67,Montana,L,Peach,Summer,2.9,No,PayPal,2-Day Shipping,Yes,41,Bank Transfer,7,High,1,Young_Adult,1,0,0.55639310265903,1.468546712425605,Deal-Driven Shoppers,1,Normal
40,Male,Pants,Clothing,64,Mississippi,M,Charcoal,Spring,2.8,No,PayPal,Store Pickup,Yes,42,Credit Card,6,High,1,Adult,1,0,0.6221427795127167,1.3912646620676794,Deal-Driven Shoppers,1,Normal
64,Male,Blouse,Clothing,61,Michigan,M,Gray,Fall,4.0,No,Credit Card,2-Day Shipping,Yes,44,PayPal,5,High,1,Middle_Aged,1,0,0.5733228667263708,1.3924749288782716,Deal-Driven Shoppers,1,Normal
18,Male,Gloves,Accessories,40,Virginia,L,Turquoise,Winter,2.6,No,Credit Card,Store Pickup,Yes,6,Cash,4,Medium,0,Youth,1,6,1.7640186845249117,-0.42764976676936756,Young Trend-Oriented Shoppers,1,Normal
22,Male,Handbag,Accessories,97,New York,M,Red,Fall,2.7,No,Debit Card,Free Shipping,Yes,5,Bank Transfer,4,Very_High,1,Youth,1,4,-0.054683856916697665,2.0944348819603746,High-Value Premium Buyers,1,Normal
42,Male,Sneakers,Footwear,31,Maine,L,Brown,Spring,4.1,No,Venmo,2-Day Shipping,Yes,8,Credit Card,3,Low,0,Adult,1,6,1.8527278580184146,-0.5802808563529972,Price-Sensitive Budget Shoppers,1,Normal
57,Male,Sandals,Footwear,65,New Jersey,L,Pink,Spring,5.0,No,Cash,Free Shipping,Yes,24,PayPal,3,High,1,Middle_Aged,1,0,0.4524374105544849,1.4788150570099283,Deal-Driven Shoppers,1,Normal
33,Male,Sunglasses,Accessories,54,Maryland,L,Olive,Spring,3.0,No,Credit Card,Next Day Air,Yes,42,Venmo,6,Medium,0,Young_Adult,1,2,1.6085152703711771,0.0057749139769741956,Young Trend-Oriented Shoppers,1,Normal
37,Male,Jacket,Outerwear,49,Kentucky,XL,Lavender,Fall,3.6,No,PayPal,Free Shipping,Yes,24,Venmo,2,Medium,0,Adult,1,6,1.5918638755294787,-0.13881241887909374,Family-Oriented Value Buyers,1,Normal
21,Male,T-shirt,Clothing,64,Minnesota,L,Purple,Fall,2.8,No,Venmo,2-Day Shipping,Yes,38,Venmo,5,High,1,Youth,1,4,0.5680234732451881,1.4106660254443413,Deal-Driven Shoppers,1,Normal
51,Male,Sneakers,Footwear,35,Massachusetts,S,Beige,Winter,4.6,No,Bank Transfer,Standard,Yes,41,Cash,1,Low,0,Middle_Aged,1,2,1.8384181981877292,-0.3484033550194359,Price-Sensitive Budget Shoppers,1,Normal
30,Male,Shoes,Footwear,86,Illinois,L,Green,Winter,2.9,No,Cash,Standard,Yes,48,Venmo,4,Very_High,1,Young_Adult,1,0,0.2434869281849662,1.9705595623811347,High-Value Premium Buyers,1,Normal
68,Male,Jacket,Outerwear,55,Michigan,L,Brown,Winter,4.8,No,Venmo,Express,Yes,16,Bank Transfer,4,Medium,0,Senior,1,2,1.4428840747288907,0.05225931266970936,Family-Oriented Value Buyers,1,Normal
36,Male,Scarf,Accessories,58,Wisconsin,M,Beige,Spring,3.3,No,Bank Transfer,Express,Yes,4,Venmo,6,Medium,0,Adult,1,6,1.4388231919580903,0.016441293171319517,Family-Oriented Value Buyers,1,Normal
46,Male,Sneakers,Footwear,96,Alaska,M,Beige,Fall,4.6,No,Cash,Standard,Yes,8,Bank Transfer,2,Very_High,1,Adult,1,4,-0.10974427362361806,2.187607019205795,High-Value Premium Buyers,1,Normal
41,Male,Jewelry,Accessories,64,Mississippi,M,Indigo,Fall,2.6,No,Debit Card,Store Pickup,Yes,1,Bank Transfer,5,High,1,Adult,1,4,0.5495657071596467,1.2691429446731517,Deal-Driven Shoppers,1,Normal
68,Male,Jacket,Outerwear,56,Oregon,M,Silver,Fall,4.0,No,Bank Transfer,Next Day Air,Yes,4,Debit Card,4,Medium,0,Senior,1,2,1.45890060434181,-0.012700477842376816,Family-Oriented Value Buyers,1,Normal
21,Male,Blouse,Clothing,85,Maryland,M,Gold,Winter,3.8,No,Credit Card,Standard,Yes,20,Credit Card,6,Very_High,1,Youth,1,4,0.10243191653563091,1.9138915775561842,High-Value Premium Buyers,1,Normal
62,Male,Dress,Clothing,23,Arkansas,M,Lavender,Spring,3.9,No,Cash,Express,Yes,40,Cash,4,Low,0,Middle_Aged,1,2,2.0841513689223143,-0.7001212792170485,Price-Sensitive Budget Shoppers,1,Normal
59,Male,Scarf,Accessories,72,Illinois,L,Orange,Fall,2.6,No,Debit Card,Store Pickup,Yes,8,Debit Card,1,High,1,Middle_Aged,1,0,0.4699781498023771,1.4824402924492297,Deal-Driven Shoppers,1,Normal
25,Male,Hat,Accessories,38,Arkansas,M,Maroon,Summer,4.3,No,Venmo,Standard,Yes,42,Debit Card,2,Low,0,Youth,1,6,1.7824808445952562,-0.28245956430162816,Price-Sensitive Budget Shoppers,1,Normal
53,Male,Blouse,Clothing,29,Mississippi,S,White,Winter,3.6,No,Bank Transfer,Express,Yes,38,Credit Card,3,Low,0,Middle_Aged,1,2,1.9704782115881072,-0.5587075238342742,Price-Sensitive Budget Shoppers,1,Normal
31,Male,Gloves,Accessories,46,Arkansas,M,Yellow,Spring,4.2,No,Debit Card,Express,Yes,34,Venmo,7,Medium,0,Young_Adult,1,6,1.6413409492663917,-0.13249829395968002,Young Trend-Oriented Shoppers,1,Normal
46,Male,Gloves,Accessories,58,Idaho,L,Yellow,Spring,3.9,No,Bank Transfer,Express,Yes,14,PayPal,1,Medium,0,Adult,1,6,1.437796673926091,0.07061621073257748,Family-Oriented Value Buyers,1,Normal
26,Male,Coat,Outerwear,43,Iowa,L,Magenta,Fall,4.7,No,PayPal,Next Day Air,Yes,39,Cash,2,Medium,0,Young_Adult,1,6,1.6630202194830925,-0.17135084099101422,Young Trend-Oriented Shoppers,1,Normal
47,Male,Scarf,Accessories,32,West Virginia,L,Turquoise,Spring,2.8,No,Cash,Next Day Air,Yes,40,PayPal,5,Low,0,Adult,1,2,2.010803835898134,-0.5473768155950436,Price-Sensitive Budget Shoppers,1,Normal
37,Male,Pants,Clothing,30,Wisconsin,XL,Lavender,Winter,3.0,No,Cash,Next Day Air,Yes,49,Debit Card,6,Low,0,Adult,1,2,2.0174365098155014,-0.53447201673347,Price-Sensitive Budget Shoppers,1,Normal
55,Male,Sunglasses,Accessories,67,Massachusetts,S,Magenta,Summer,4.7,No,Cash,Store Pickup,Yes,33,PayPal,3,High,1,Middle_Aged,1,0,0.4671562474504206,1.5600181015903507,Deal-Driven Shoppers,1,Normal
30,Male,Dress,Clothing,45,Texas,M,Cyan,Summer,2.5,No,Bank Transfer,Free Shipping,Yes,25,Credit Card,2,Medium,0,Young_Adult,1,6,1.7184178063342304,-0.2895075250476868,Young Trend-Oriented Shoppers,1,Normal
19,Male,Hat,Accessories,81,Nebraska,M,Olive,Winter,3.1,No,Bank Transfer,Store Pickup,Yes,48,Venmo,3,High,1,Youth,1,0,0.30299790173145597,1.8635149964548834,High-Value Premium Buyers,1,Normal
36,Male,Backpack,Accessories,23,Nevada,M,Red,Fall,3.6,No,Venmo,Next Day Air,Yes,22,Credit Card,7,Low,0,Adult,1,6,2.032159096628714,-0.7401604530947182,Price-Sensitive Budget Shoppers,1,Normal
23,Male,Sandals,Footwear,59,Indiana,M,Blue,Fall,3.5,No,Cash,2-Day Shipping,Yes,1,PayPal,2,Medium,0,Youth,1,6,1.3525034528996318,0.050441475941450806,Young Trend-Oriented Shoppers,1,Normal
62,Male,Sunglasses,Accessories,21,North Dakota,L,White,Summer,3.1,No,Bank Transfer,Express,Yes,47,PayPal,6,Low,0,Middle_Aged,1,2,2.2123446043712436,-0.791789983604819,Price-Sensitive Budget Shoppers,1,Normal
26,Male,Backpack,Accessories,20,Georgia,M,Peach,Spring,3.6,No,Bank Transfer,Store Pickup,Yes,20,Credit Card,5,Low,0,Young_Adult,1,6,2.075773059106388,-0.8315025360820579,Price-Sensitive Budget Shoppers,1,Normal
36,Male,Jewelry,Accessories,28,New Mexico,M,Charcoal,Winter,3.5,No,Venmo,Next Day Air,Yes,10,Debit Card,2,Low,0,Adult,1,6,1.951077078913689,-0.6546281681825208,Price-Sensitive Budget Shoppers,1,Normal
33,Male,Socks,Clothing,100,New Hampshire,M,Peach,Winter,2.7,No,Cash,Store Pickup,Yes,39,Credit Card,6,Very_High,1,Young_Adult,1,0,-0.026480502380777843,2.25778754681118,High-Value Premium Buyers,-1,Anomaly
32,Male,Shirt,Clothing,46,Washington,L,Turquoise,Spring,3.6,No,Venmo,Express,Yes,15,Debit Card,6,Medium,0,Young_Adult,1,6,1.6369724335289246,-0.20766836351383744,Young Trend-Oriented Shoppers,1,Normal
56,Male,Handbag,Accessories,61,Nevada,XL,Charcoal,Spring,4.5,No,Cash,Express,Yes,11,Credit Card,3,High,1,Middle_Aged,1,4,0.5328295433397694,1.3439055491609064,Deal-Driven Shoppers,1,Normal
58,Male,Blouse,Clothing,58,Maine,M,Yellow,Winter,4.1,No,Debit Card,Free Shipping,Yes,38,Venmo,2,Medium,0,Middle_Aged,1,2,1.446848764663784,0.13335572888490993,Family-Oriented Value Buyers,1,Normal
34,Male,Backpack,Accessories,50,Idaho,M,Blue,Spring,4.2,No,Credit Card,Standard,Yes,41,Cash,1,Medium,0,Young_Adult,1,2,1.5776242682313875,-0.019172946216208103,Young Trend-Oriented Shoppers,1,Normal
61,Male,Hat,Accessories,93,Tennessee,M,Purple,Summer,4.0,No,Venmo,Store Pickup,Yes,18,Debit Card,3,Very_High,1,Middle_Aged,1,0,0.03714937707774763,2.1082595877058043,High-Value Premium Buyers,1,Normal
48,Male,Skirt,Clothing,24,Louisiana,L,Green,Summer,2.8,No,PayPal,Store Pickup,Yes,13,Venmo,4,Low,0,Adult,1,6,2.086944641284525,-0.8263141688585383,Price-Sensitive Budget Shoppers,1,Normal
25,Male,Shorts,Clothing,100,Michigan,M,Charcoal,Summer,2.6,No,Debit Card,2-Day Shipping,Yes,43,Venmo,3,Very_High,1,Youth,1,0,-0.0028727604805943024,2.254363392986434,High-Value Premium Buyers,-1,Anomaly
51,Male,Blouse,Clothing,79,New Hampshire,S,Indigo,Fall,2.7,No,Venmo,Store Pickup,Yes,12,Bank Transfer,4,High,1,Middle_Aged,1,0,0.30112653699917663,1.6853969236496158,Deal-Driven Shoppers,1,Normal
29,Male,Socks,Clothing,51,Minnesota,M,Black,Summer,4.5,No,Debit Card,Store Pickup,Yes,3,Credit Card,5,Medium,0,Young_Adult,1,6,1.4490748586357851,-0.0952372068381557,Young Trend-Oriented Shoppers,1,Normal
54,Male,Belt,Accessories,90,Illinois,M,Blue,Winter,3.7,No,Bank Transfer,Free Shipping,Yes,12,Credit Card,7,Very_High,1,Middle_Aged,1,4,0.060034575759155884,1.9913512052706244,High-Value Premium Buyers,1,Normal
48,Male,Boots,Footwear,56,Idaho,L,Silver,Summer,3.4,No,PayPal,Free Shipping,Yes,46,Cash,4,Medium,0,Adult,1,2,1.554551854050687,0.07377174386393048,Family-Oriented Value Buyers,1,Normal
62,Male,Shorts,Clothing,25,Montana,S,Brown,Spring,4.6,No,Cash,Standard,Yes,21,Debit Card,1,Low,0,Middle_Aged,1,2,1.9862709566430248,-0.6533631793313295,Price-Sensitive Budget Shoppers,1,Normal
18,Male,Shirt,Clothing,75,Alabama,M,Violet,Summer,4.1,No,Bank Transfer,2-Day Shipping,Yes,23,Venmo,7,High,1,Youth,1,4,0.28275982886476436,1.695634135684186,Deal-Driven Shoppers,-1,Anomaly
43,Male,Handbag,Accessories,75,Montana,M,Orange,Summer,2.6,No,Debit Card,Free Shipping,Yes,4,Debit Card,4,High,1,Adult,1,4,0.3841466591559081,1.5391302380154932,Deal-Driven Shoppers,1,Normal
22,Male,Jeans,Clothing,53,California,XL,Gray,Summer,4.6,No,Cash,Store Pickup,Yes,45,PayPal,7,Medium,0,Youth,1,6,1.4890271611080497,0.10657143894025599,Young Trend-Oriented Shoppers,1,Normal
68,Male,Dress,Clothing,100,Pennsylvania,S,Gold,Spring,3.0,No,Credit Card,Standard,Yes,24,Bank Transfer,1,Very_High,1,Senior,1,0,-0.01561976784862193,2.2277885564676545,High-Value Premium Buyers,-1,Anomaly
44,Male,Dress,Clothing,27,Texas,L,Charcoal,Fall,3.4,No,PayPal,Free Shipping,Yes,3,PayPal,5,Low,0,Adult,1,6,1.9280424828231353,-0.7332856049500948,Price-Sensitive Budget Shoppers,1,Normal
51,Male,Sandals,Footwear,60,Michigan,S,Black,Fall,3.5,No,PayPal,Free Shipping,Yes,12,Venmo,7,Medium,0,Middle_Aged,1,6,1.3910128523370664,0.102152433186636,Deal-Driven Shoppers,1,Normal
66,Male,Jacket,Outerwear,23,Connecticut,S,Indigo,Fall,3.5,No,Cash,Standard,Yes,34,Bank Transfer,7,Low,0,Senior,1,2,2.113095428318953,-0.7510638101030047,Price-Sensitive Budget Shoppers,-1,Anomaly
59,Male,Coat,Outerwear,40,Wyoming,S,White,Winter,3.7,No,Debit Card,Next Day Air,Yes,39,Credit Card,3,Medium,0,Middle_Aged,1,2,1.8199126062193014,-0.3029710175960913,Family-Oriented Value Buyers,1,Normal
60,Male,Pants,Clothing,38,Michigan,M,Yellow,Summer,4.8,No,Credit Card,Free Shipping,Yes,35,PayPal,7,Low,0,Middle_Aged,1,2,1.7453161296154256,-0.3070653049837292,Price-Sensitive Budget Shoppers,1,Normal
31,Male,Backpack,Accessories,90,South Dakota,S,Orange,Summer,4.9,No,PayPal,Store Pickup,Yes,8,Credit Card,3,Very_High,1,Young_Adult,1,4,-0.025424997053694554,2.0742887434282062,High-Value Premium Buyers,1,Normal
20,Male,Blouse,Clothing,97,North Dakota,S,Green,Summer,4.9,No,Debit Card,Express,Yes,42,PayPal,4,Very_High,1,Youth,1,4,-0.11183153213057172,2.341789668586668,High-Value Premium Buyers,-1,Anomaly
24,Male,Skirt,Clothing,38,Maryland,L,Gold,Fall,4.7,No,Venmo,Standard,Yes,6,Credit Card,7,Low,0,Youth,1,6,1.6496697440239418,-0.3628569769623797,Price-Sensitive Budget Shoppers,1,Normal
48,Male,Sandals,Footwear,30,Michigan,S,Orange,Summer,4.9,No,PayPal,Free Shipping,Yes,3,Credit Card,1,Low,0,Adult,1,6,1.818748161993185,-0.5700509531089486,Price-Sensitive Budget Shoppers,1,Normal
39,Male,Pants,Clothing,88,South Dakota,M,Cyan,Fall,2.9,No,Bank Transfer,Express,Yes,29,Venmo,4,Very_High,1,Adult,1,0,0.15738158742175284,1.9555808918360233,High-Value Premium Buyers,1,Normal
34,Male,Hat,Accessories,33,Florida,L,Black,Winter,4.4,No,Cash,Express,Yes,32,Debit Card,4,Low,0,Young_Adult,1,6,1.8512427622993286,-0.41414802688687957,Price-Sensitive Budget Shoppers,1,Normal
70,Male,Hoodie,Clothing,60,Minnesota,L,Yellow,Winter,3.2,No,Venmo,Next Day Air,Yes,45,Debit Card,2,Medium,0,Senior,1,2,1.5284790726568742,0.16195282295134433,Deal-Driven Shoppers,1,Normal
59,Male,Sweater,Clothing,64,New York,L,Maroon,Summer,4.6,No,PayPal,Free Shipping,Yes,21,Debit Card,5,High,1,Middle_Aged,1,0,0.49330533929538545,1.429647802184544,Deal-Driven Shoppers,1,Normal
45,Male,Scarf,Accessories,95,Oregon,XL,Black,Fall,4.0,No,Debit Card,Standard,Yes,41,Cash,2,Very_High,1,Adult,1,0,0.015397754520877445,2.2079568844336785,High-Value Premium Buyers,1,Normal
35,Male,Sneakers,Footwear,83,Minnesota,M,Gray,Winter,3.7,No,Venmo,Free Shipping,Yes,23,PayPal,1,Very_High,1,Young_Adult,1,4,0.18176969743771737,1.8715018222743738,High-Value Premium Buyers,1,Normal
69,Male,Boots,Footwear,97,Montana,XL,Orange,Winter,4.2,No,Debit Card,Free Shipping,Yes,14,Cash,3,Very_High,1,Senior,1,0,-0.07013232202008378,2.1877693926224966,High-Value Premium Buyers,1,Normal
58,Male,Coat,Outerwear,38,Washington,M,Cyan,Spring,2.9,No,Cash,Standard,Yes,24,Debit Card,6,Low,0,Middle_Aged,1,2,1.8830247283643597,-0.4488914790482125,Price-Sensitive Budget Shoppers,1,Normal
25,Male,Boots,Footwear,48,New Mexico,M,Magenta,Summer,4.8,No,Credit Card,Next Day Air,Yes,25,Cash,1,Medium,0,Youth,1,6,1.5352159150681082,-0.06666145652484498,Young Trend-Oriented Shoppers,1,Normal
27,Male,Sandals,Footwear,76,Arizona,M,Pink,Spring,4.4,No,Bank Transfer,Standard,Yes,13,Venmo,6,High,1,Young_Adult,1,4,0.24740750662440086,1.6939628873513408,Deal-Driven Shoppers,1,Normal
34,Male,Pants,Clothing,25,Nebraska,S,Turquoise,Summer,3.4,No,Debit Card,Free Shipping,Yes,3,Venmo,7,Low,0,Young_Adult,1,6,1.9978211705535893,-0.77693995084765,Price-Sensitive Budget Shoppers,1,Normal
53,Male,Hoodie,Clothing,92,Idaho,S,Violet,Spring,2.8,No,Cash,2-Day Shipping,Yes,42,Credit Card,3,Very_High,1,Middle_Aged,1,0,0.14418142968333095,2.0778639951230966,High-Value Premium Buyers,1,Normal
58,Male,Sandals,Footwear,47,Idaho,L,Teal,Fall,4.2,No,PayPal,Next Day Air,Yes,2,Cash,6,Medium,0,Middle_Aged,1,6,1.5776516786957968,-0.2224961029124471,Family-Oriented Value Buyers,1,Normal
32,Male,Sweater,Clothing,36,Vermont,L,Pink,Fall,3.8,No,Venmo,Express,Yes,26,Cash,4,Low,0,Young_Adult,1,6,1.7892778605225326,-0.40949448050507226,Price-Sensitive Budget Shoppers,1,Normal
64,Male,Belt,Accessories,51,Arkansas,M,Gold,Fall,3.1,No,Venmo,2-Day Shipping,Yes,24,Credit Card,3,Medium,0,Middle_Aged,1,2,1.5967372904978874,-0.11232171752386286,Family-Oriented Value Buyers,1,Normal
63,Male,Jeans,Clothing,35,Wyoming,XL,Red,Summer,3.2,No,Debit Card,Express,Yes,6,Credit Card,4,Low,0,Middle_Aged,1,2,1.8671353527054597,-0.5591980871968332,Price-Sensitive Budget Shoppers,1,Normal
23,Male,Hoodie,Clothing,57,New Mexico,S,Beige,Summer,3.0,No,Credit Card,Next Day Air,Yes,25,PayPal,6,Medium,0,Youth,1,6,1.4911434093078801,0.04886672938633509,Young Trend-Oriented Shoppers,1,Normal
64,Male,Boots,Footwear,95,West Virginia,M,Black,Summer,3.6,No,Bank Transfer,Free Shipping,Yes,11,Credit Card,7,Very_High,1,Middle_Aged,1,0,0.002602001293168024,2.091718740561922,High-Value Premium Buyers,1,Normal
18,Male,Socks,Clothing,41,New York,L,Lavender,Winter,2.5,No,Debit Card,Store Pickup,Yes,20,Cash,7,Medium,0,Youth,1,6,1.7745563494336936,-0.3915947485734932,Young Trend-Oriented Shoppers,-1,Anomaly
25,Male,Dress,Clothing,44,Illinois,S,Teal,Winter,3.4,No,PayPal,Free Shipping,Yes,25,Cash,4,Medium,0,Youth,1,6,1.6598511498559492,-0.22571519430002168,Young Trend-Oriented Shoppers,1,Normal
54,Male,Jacket,Outerwear,34,Utah,M,Maroon,Fall,2.5,No,Venmo,Next Day Air,Yes,35,PayPal,4,Low,0,Middle_Aged,1,2,1.9600431914231324,-0.539334438103178,Price-Sensitive Budget Shoppers,1,Normal
60,Male,Jacket,Outerwear,25,Colorado,L,Blue,Spring,4.7,No,Venmo,2-Day Shipping,Yes,11,Bank Transfer,4,Low,0,Middle_Aged,1,6,1.956953334067177,-0.7061998484123113,Price-Sensitive Budget Shoppers,1,Normal
36,Male,Boots,Footwear,93,Virginia,S,Teal,Winter,3.2,No,PayPal,2-Day Shipping,Yes,41,Bank Transfer,1,Very_High,1,Adult,1,0,0.08060102214088508,2.143143770381581,High-Value Premium Buyers,1,Normal
66,Male,Sneakers,Footwear,50,Georgia,L,Maroon,Winter,2.9,No,Bank Transfer,Free Shipping,Yes,17,Credit Card,3,Medium,0,Senior,1,2,1.6414552068598791,-0.1833479435107571,Family-Oriented Value Buyers,1,Normal
60,Male,Pants,Clothing,79,Alabama,L,Silver,Fall,4.9,No,Debit Card,Express,Yes,1,PayPal,7,High,1,Middle_Aged,1,4,0.1745422152492977,1.7500538633051446,Deal-Driven Shoppers,1,Normal
59,Male,Coat,Outerwear,100,Montana,S,Olive,Spring,2.7,No,Venmo,Store Pickup,Yes,30,PayPal,7,Very_High,1,Middle_Aged,1,0,0.027223043701366252,2.225283433694499,High-Value Premium Buyers,-1,Anomaly
58,Male,Shirt,Clothing,57,Pennsylvania,S,Gray,Spring,4.7,No,Bank Transfer,Express,Yes,47,Venmo,1,Medium,0,Middle_Aged,1,2,1.4642236949225267,0.20306924625962627,Family-Oriented Value Buyers,1,Normal
35,Male,Sweater,Clothing,28,Missouri,M,Peach,Spring,2.9,No,Debit Card,2-Day Shipping,Yes,34,Venmo,2,Low,0,Young_Adult,1,2,2.0301026755670146,-0.6669528944870058,Price-Sensitive Budget Shoppers,1,Normal
20,Male,Shoes,Footwear,35,Maine,L,Yellow,Winter,4.8,No,PayPal,Express,Yes,18,Venmo,1,Low,0,Youth,1,6,1.7442481361779065,-0.3971963172969905,Price-Sensitive Budget Shoppers,-1,Anomaly
70,Male,Boots,Footwear,85,Pennsylvania,L,Violet,Fall,4.6,No,Venmo,Standard,Yes,33,Venmo,5,Very_High,1,Senior,1,0,0.15648554232434453,1.985407178412991,High-Value Premium Buyers,1,Normal
54,Male,Sunglasses,Accessories,95,Oregon,S,Red,Summer,5.0,No,PayPal,2-Day Shipping,Yes,42,Venmo,4,Very_High,1,Middle_Aged,1,0,-0.021084637725813773,2.276146946727514,High-Value Premium Buyers,1,Normal
38,Male,Sneakers,Footwear,90,Utah,S,Charcoal,Summer,4.8,No,Venmo,2-Day Shipping,Yes,2,Venmo,4,Very_High,1,Adult,1,4,-0.02061670859868793,2.059266931302,High-Value Premium Buyers,1,Normal
54,Male,Jewelry,Accessories,49,Oklahoma,M,Beige,Summer,4.9,No,Credit Card,Store Pickup,Yes,1,Bank Transfer,6,Medium,0,Middle_Aged,1,6,1.5019569623357225,-0.12159882073360281,Family-Oriented Value Buyers,1,Normal
33,Male,Belt,Accessories,92,Montana,M,Peach,Winter,4.6,No,Bank Transfer,2-Day Shipping,Yes,23,Bank Transfer,4,Very_High,1,Young_Adult,1,4,-0.03890783105181708,2.1368970243384666,High-Value Premium Buyers,1,Normal
46,Male,Gloves,Accessories,72,Nebraska,XL,Violet,Winter,3.9,No,Bank Transfer,Store Pickup,Yes,42,Cash,5,High,1,Adult,1,0,0.41341393509961055,1.6690534276008433,Deal-Driven Shoppers,1,Normal
58,Male,Shorts,Clothing,71,Alabama,M,Green,Summer,4.5,No,PayPal,Store Pickup,Yes,3,PayPal,3,High,1,Middle_Aged,1,4,0.3339931938529642,1.5367485997062276,Deal-Driven Shoppers,1,Normal
30,Male,Jewelry,Accessories,27,Ohio,XL,Olive,Winter,4.7,No,Credit Card,Store Pickup,Yes,16,Debit Card,1,Low,0,Young_Adult,1,6,1.8903989864008566,-0.5806741455283845,Price-Sensitive Budget Shoppers,1,Normal
42,Male,Gloves,Accessories,39,Arkansas,S,Silver,Fall,3.9,No,Bank Transfer,Express,Yes,46,Cash,1,Low,0,Adult,1,2,1.8001830562300798,-0.2705501429967034,Price-Sensitive Budget Shoppers,1,Normal
28,Male,Jewelry,Accessories,98,Mississippi,M,Purple,Winter,4.4,No,Debit Card,Standard,Yes,31,PayPal,7,Very_High,1,Young_Adult,1,4,-0.0962121330631852,2.2882697397911382,High-Value Premium Buyers,1,Normal
43,Male,Sandals,Footwear,27,California,M,Silver,Spring,3.9,No,Venmo,Next Day Air,Yes,15,Cash,7,Low,0,Adult,1,6,1.9591707070964146,-0.672900957381486,Price-Sensitive Budget Shoppers,1,Normal
31,Male,Jewelry,Accessories,71,Alaska,S,Gray,Spring,2.8,No,PayPal,2-Day Shipping,Yes,48,Venmo,7,High,1,Young_Adult,1,0,0.5086172211552942,1.6029615716826429,Deal-Driven Shoppers,1,Normal
39,Male,Hat,Accessories,24,Indiana,L,Turquoise,Spring,3.5,No,Bank Transfer,Store Pickup,Yes,11,Cash,2,Low,0,Adult,1,6,2.049348629081921,-0.7784011647500828,Price-Sensitive Budget Shoppers,1,Normal
69,Male,Shorts,Clothing,63,Wisconsin,M,Violet,Fall,4.3,No,Cash,Express,Yes,20,Credit Card,7,High,1,Senior,1,0,0.5128526876076545,1.3971746371902591,Deal-Driven Shoppers,-1,Anomaly
31,Male,Sweater,Clothing,72,New Jersey,S,Pink,Fall,3.9,No,Bank Transfer,Next Day Air,Yes,6,Credit Card,6,High,1,Young_Adult,1,4,0.3213554936154678,1.569239426584006,Deal-Driven Shoppers,1,Normal
44,Male,Blouse,Clothing,61,Rhode Island,M,Teal,Spring,4.0,No,Bank Transfer,Express,Yes,24,Cash,6,High,1,Adult,1,4,0.5575524583347872,1.337439670034434,Deal-Driven Shoppers,1,Normal
39,Male,Hat,Accessories,56,Wyoming,M,Magenta,Fall,4.1,No,Credit Card,Next Day Air,Yes,18,Credit Card,6,Medium,0,Adult,1,6,1.4206150549250107,0.06428978521572781,Family-Oriented Value Buyers,1,Normal
24,Male,Belt,Accessories,32,Oregon,XL,Silver,Summer,4.3,No,Credit Card,Standard,Yes,1,PayPal,7,Low,0,Youth,1,6,1.8026296243455353,-0.5536451411013692,Price-Sensitive Budget Shoppers,1,Normal
28,Male,Gloves,Accessories,23,Washington,M,Blue,Summer,4.2,No,PayPal,Free Shipping,Yes,13,Venmo,5,Low,0,Young_Adult,1,6,1.9763468685434344,-0.7518086729994523,Price-Sensitive Budget Shoppers,1,Normal
48,Male,Coat,Outerwear,100,Washington,L,Black,Spring,4.0,No,Debit Card,Standard,Yes,2,Bank Transfer,2,Very_High,1,Adult,1,4,-0.10564207610262134,2.194591095881772,High-Value Premium Buyers,1,Normal
39,Male,Jewelry,Accessories,74,New Hampshire,M,Gold,Fall,3.6,No,Cash,Express,Yes,26,Cash,4,High,1,Adult,1,4,0.35262926402825107,1.6582319313812945,Deal-Driven Shoppers,1,Normal
64,Male,Skirt,Clothing,33,Maryland,S,Gray,Spring,3.3,No,Credit Card,Standard,Yes,31,PayPal,4,Low,0,Middle_Aged,1,2,1.9326251929050657,-0.5222402827621686,Price-Sensitive Budget Shoppers,1,Normal
28,Male,Gloves,Accessories,67,Wisconsin,S,Magenta,Spring,4.1,No,Venmo,2-Day Shipping,Yes,43,Bank Transfer,2,High,1,Young_Adult,1,4,0.47910500443959836,1.572281168795979,Deal-Driven Shoppers,1,Normal
39,Male,Jewelry,Accessories,61,Massachusetts,S,Yellow,Summer,4.7,No,PayPal,Next Day Air,Yes,12,Debit Card,5,High,1,Adult,1,4,0.5177381104225772,1.3729824038027805,Deal-Driven Shoppers,1,Normal
49,Male,Shorts,Clothing,46,Nebraska,M,Teal,Summer,4.4,No,Cash,Store Pickup,Yes,22,Venmo,7,Medium,0,Adult,1,6,1.6208653487285343,-0.15965607212304675,Family-Oriented Value Buyers,1,Normal
22,Male,Gloves,Accessories,56,Nebraska,L,Red,Spring,3.4,No,Bank Transfer,Standard,Yes,3,Cash,1,Medium,0,Youth,1,6,1.4597788023291574,-0.026201712474179212,Young Trend-Oriented Shoppers,1,Normal
25,Male,Sneakers,Footwear,73,Idaho,S,Yellow,Spring,5.0,No,Cash,Free Shipping,Yes,23,Venmo,7,High,1,Youth,1,4,0.28360524770463724,1.7232716464261733,Deal-Driven Shoppers,-1,Anomaly
40,Male,Skirt,Clothing,44,Arizona,L,Black,Summer,4.6,No,Credit Card,Store Pickup,Yes,26,PayPal,3,Medium,0,Adult,1,6,1.6257442534344357,-0.1901496386740195,Family-Oriented Value Buyers,1,Normal
23,Male,Hat,Accessories,44,Hawaii,L,Pink,Winter,4.0,No,Venmo,Standard,Yes,37,Credit Card,2,Medium,0,Youth,1,6,1.6747051141841995,-0.16805883225779286,Young Trend-Oriented Shoppers,1,Normal
24,Male,Jewelry,Accessories,26,Missouri,XL,Magenta,Summer,4.1,No,PayPal,Next Day Air,Yes,42,Venmo,4,Low,0,Youth,1,6,2.009065867928462,-0.6009476712434811,Price-Sensitive Budget Shoppers,1,Normal
66,Male,Sneakers,Footwear,52,Louisiana,L,Olive,Spring,4.9,No,Venmo,Express,Yes,15,Venmo,5,Medium,0,Senior,1,2,1.5002701666030402,-0.012337431440675048,Family-Oriented Value Buyers,1,Normal
27,Male,Shirt,Clothing,54,Arkansas,S,Black,Summer,2.7,No,Venmo,Free Shipping,Yes,10,Bank Transfer,4,Medium,0,Young_Adult,1,6,1.5177732873825311,-0.07472635252115407,Young Trend-Oriented Shoppers,1,Normal
62,Male,Jacket,Outerwear,38,North Carolina,M,Maroon,Summer,4.5,No,Venmo,Free Shipping,Yes,3,Venmo,4,Low,0,Middle_Aged,1,6,1.7277189925609575,-0.4215832304735094,Price-Sensitive Budget Shoppers,1,Normal
70,Male,Belt,Accessories,44,North Dakota,S,Gold,Fall,2.7,No,Venmo,Standard,Yes,44,Credit Card,4,Medium,0,Senior,1,2,1.8061405460501356,-0.23885611908215076,Family-Oriented Value Buyers,1,Normal
43,Male,T-shirt,Clothing,76,Montana,M,Gray,Spring,3.0,No,Bank Transfer,Next Day Air,Yes,23,Bank Transfer,1,High,1,Adult,1,0,0.36878762618326794,1.6386562841623589,Deal-Driven Shoppers,1,Normal
45,Male,Jewelry,Accessories,23,Rhode Island,M,Brown,Winter,4.5,No,PayPal,Next Day Air,Yes,6,PayPal,2,Low,0,Adult,1,6,1.9702801802697212,-0.7658740232485507,Price-Sensitive Budget Shoppers,1,Normal
63,Male,T-shirt,Clothing,98,Idaho,M,Purple,Winter,5.0,No,Credit Card,Standard,Yes,9,Venmo,5,Very_High,1,Middle_Aged,1,4,-0.162548687650017,2.255131584571271,High-Value Premium Buyers,1,Normal
69,Male,Jacket,Outerwear,33,Michigan,S,Magenta,Spring,3.8,No,Debit Card,2-Day Shipping,Yes,16,Debit Card,7,Low,0,Senior,1,2,1.9016119691240592,-0.54447419836715,Price-Sensitive Budget Shoppers,1,Normal
59,Male,Sweater,Clothing,32,Illinois,M,Teal,Summer,3.1,No,PayPal,Standard,Yes,46,Venmo,1,Low,0,Middle_Aged,1,2,2.010339095300257,-0.5368927574772674,Price-Sensitive Budget Shoppers,1,Normal
19,Male,Boots,Footwear,85,Georgia,S,Olive,Fall,3.4,No,Cash,Free Shipping,Yes,24,Credit Card,7,Very_High,1,Youth,1,4,0.14107453932909136,1.9343527281382922,High-Value Premium Buyers,1,Normal
63,Male,Jeans,Clothing,69,Alabama,L,Maroon,Summer,4.8,No,Venmo,Next Day Air,Yes,22,Debit Card,6,High,1,Middle_Aged,1,0,0.4200306187610053,1.5703646558218813,Deal-Driven Shoppers,1,Normal
37,Male,Jeans,Clothing,55,Alaska,XL,Silver,Spring,2.7,No,Bank Transfer,Standard,Yes,13,Debit Card,7,Medium,0,Adult,1,6,1.5386177406135617,-0.05899391110188262,Family-Oriented Value Buyers,1,Normal
37,Male,Pants,Clothing,66,Massachusetts,M,Black,Summer,3.2,No,PayPal,Store Pickup,Yes,20,Cash,1,High,1,Adult,1,4,0.5254859595910376,1.3997295831838397,Deal-Driven Shoppers,1,Normal
50,Male,Jacket,Outerwear,30,Michigan,M,Maroon,Fall,3.9,No,Cash,2-Day Shipping,Yes,46,Cash,4,Low,0,Adult,1,2,1.944040334577768,-0.5166624140216038,Price-Sensitive Budget Shoppers,1,Normal
60,Male,Jacket,Outerwear,80,Alaska,M,Teal,Winter,4.2,No,Cash,Next Day Air,Yes,10,Bank Transfer,6,High,1,Middle_Aged,1,4,0.2265899441234342,1.7647415420041845,High-Value Premium Buyers,1,Normal
46,Male,Belt,Accessories,20,North Dakota,M,Teal,Summer,3.0,No,PayPal,Express,Yes,39,Cash,6,Low,0,Adult,1,2,2.1870604870434756,-0.8322978585700961,Price-Sensitive Budget Shoppers,1,Normal
35,Male,Shirt,Clothing,30,South Carolina,L,Beige,Fall,3.0,No,Venmo,2-Day Shipping,Yes,44,PayPal,4,Low,0,Young_Adult,1,2,1.976619704372183,-0.5552858945819488,Price-Sensitive Budget Shoppers,1,Normal
66,Male,Dress,Clothing,86,Pennsylvania,S,Maroon,Winter,3.7,No,Bank Transfer,2-Day Shipping,Yes,7,Venmo,3,Very_High,1,Senior,1,0,0.1347914409688351,1.8871457411804529,High-Value Premium Buyers,1,Normal
35,Male,Blouse,Clothing,84,Colorado,L,Beige,Spring,4.4,No,Credit Card,Store Pickup,Yes,3,Cash,7,Very_High,1,Young_Adult,1,4,0.09333415993623348,1.8718254977165714,High-Value Premium Buyers,1,Normal
20,Male,Dress,Clothing,54,New Hampshire,XL,White,Summer,4.6,No,Credit Card,Free Shipping,Yes,44,Debit Card,3,Medium,0,Youth,1,6,1.4515500863886164,0.14297283789591209,Young Trend-Oriented Shoppers,1,Normal
55,Male,Blouse,Clothing,30,Maryland,XL,Gray,Fall,3.0,No,Credit Card,Free Shipping,Yes,31,Venmo,3,Low,0,Middle_Aged,1,2,1.9583404696035027,-0.6053530610614749,Price-Sensitive Budget Shoppers,1,Normal
34,Male,Dress,Clothing,91,Georgia,M,Violet,Winter,3.6,No,Credit Card,Express,Yes,48,Credit Card,2,Very_High,1,Young_Adult,1,0,0.08431929113055867,2.1340430604482865,High-Value Premium Buyers,1,Normal
60,Male,Sneakers,Footwear,23,Wisconsin,L,Silver,Winter,3.9,No,Debit Card,Standard,Yes,18,PayPal,5,Low,0,Middle_Aged,1,2,2.0606329085471335,-0.7839900126212722,Price-Sensitive Budget Shoppers,1,Normal
22,Male,Socks,Clothing,35,Texas,M,Red,Spring,4.1,No,PayPal,Free Shipping,Yes,27,Cash,6,Low,0,Youth,1,6,1.7742258560967459,-0.4339987957710656,Price-Sensitive Budget Shoppers,1,Normal
26,Male,Shoes,Footwear,90,Utah,L,Brown,Winter,3.9,No,Venmo,2-Day Shipping,Yes,1,Venmo,2,Very_High,1,Young_Adult,1,4,0.009428300220263974,1.994420004246408,High-Value Premium Buyers,1,Normal
39,Male,Jeans,Clothing,93,Indiana,S,Turquoise,Fall,3.9,No,Debit Card,2-Day Shipping,Yes,34,Cash,2,Very_High,1,Adult,1,0,0.024003948279622274,2.150170049194837,High-Value Premium Buyers,1,Normal
20,Male,Jeans,Clothing,68,Nevada,L,Indigo,Winter,4.5,No,Bank Transfer,Express,Yes,5,Bank Transfer,5,High,1,Youth,1,4,0.3431178354132869,1.513910514356597,Deal-Driven Shoppers,1,Normal
57,Male,Gloves,Accessories,41,New Hampshire,M,Violet,Spring,3.4,No,PayPal,Standard,Yes,12,Cash,4,Medium,0,Middle_Aged,1,2,1.7566242198307032,-0.38563746850898745,Family-Oriented Value Buyers,1,Normal
68,Male,Belt,Accessories,73,New York,M,Yellow,Winter,4.1,No,Cash,Next Day Air,Yes,14,Venmo,1,High,1,Senior,1,0,0.38325232962081945,1.6046204592565771,Deal-Driven Shoppers,1,Normal
50,Male,Sunglasses,Accessories,73,Texas,L,Cyan,Fall,4.9,No,Venmo,Next Day Air,Yes,40,PayPal,2,High,1,Adult,1,0,0.342835873517461,1.73504486043396,Deal-Driven Shoppers,1,Normal
21,Male,Hat,Accessories,66,Iowa,M,Brown,Summer,4.4,No,Venmo,2-Day Shipping,Yes,39,Cash,4,High,1,Youth,1,4,0.4557459659295014,1.5537259077580403,Deal-Driven Shoppers,1,Normal
29,Male,Backpack,Accessories,59,Washington,M,White,Summer,2.7,No,Credit Card,2-Day Shipping,Yes,50,Bank Transfer,2,Medium,0,Young_Adult,1,2,1.5212764025582295,0.14407537119478692,Young Trend-Oriented Shoppers,1,Normal
38,Male,Shorts,Clothing,72,Tennessee,L,Yellow,Spring,4.8,No,Venmo,Free Shipping,Yes,5,Debit Card,6,High,1,Adult,1,4,0.282413552201892,1.6175199060072314,Deal-Driven Shoppers,1,Normal
54,Male,Socks,Clothing,88,Georgia,M,White,Summer,3.3,No,Venmo,2-Day Shipping,Yes,35,Debit Card,3,Very_High,1,Middle_Aged,1,0,0.1668763173576467,1.9850150307930092,High-Value Premium Buyers,1,Normal
22,Male,Socks,Clothing,76,Massachusetts,L,Pink,Summer,4.4,No,Debit Card,Free Shipping,Yes,6,Cash,5,High,1,Youth,1,4,0.2140883832059512,1.6760543714950524,Deal-Driven Shoppers,1,Normal
29,Male,Belt,Accessories,31,Oregon,M,Indigo,Winter,4.6,No,Debit Card,2-Day Shipping,Yes,22,Cash,1,Low,0,Young_Adult,1,6,1.8342467811321284,-0.5058108592601169,Price-Sensitive Budget Shoppers,1,Normal
41,Male,Jacket,Outerwear,22,Oklahoma,L,White,Summer,3.1,No,PayPal,Next Day Air,Yes,27,PayPal,6,Low,0,Adult,1,2,2.1436627097000605,-0.8323818190013057,Price-Sensitive Budget Shoppers,1,Normal
26,Male,Hat,Accessories,75,Wisconsin,L,Red,Fall,4.5,No,Bank Transfer,2-Day Shipping,Yes,33,Debit Card,1,High,1,Young_Adult,1,4,0.29560444321374124,1.763535498126768,Deal-Driven Shoppers,1,Normal
69,Male,T-shirt,Clothing,75,Oregon,S,Red,Spring,4.0,No,Credit Card,Store Pickup,Yes,47,Venmo,5,High,1,Senior,1,0,0.3981362543508412,1.7521536411102125,Deal-Driven Shoppers,1,Normal
20,Male,Backpack,Accessories,63,Georgia,M,Lavender,Winter,3.1,No,Venmo,Free Shipping,Yes,48,Credit Card,5,High,1,Youth,1,0,0.5814292262581028,1.4393304109215486,Deal-Driven Shoppers,1,Normal
59,Male,Coat,Outerwear,21,New Mexico,M,Teal,Spring,3.9,No,Venmo,Next Day Air,Yes,22,Bank Transfer,4,Low,0,Middle_Aged,1,2,2.102303047409651,-0.8040994856118013,Price-Sensitive Budget Shoppers,1,Normal
63,Male,Backpack,Accessories,83,Mississippi,S,Violet,Spring,4.5,No,Cash,Next Day Air,Yes,8,PayPal,5,Very_High,1,Middle_Aged,1,4,0.16329486401993276,1.8681369362047489,High-Value Premium Buyers,1,Normal
68,Male,Jacket,Outerwear,46,Wisconsin,S,Silver,Winter,4.4,No,PayPal,Next Day Air,Yes,5,PayPal,7,Medium,0,Senior,1,6,1.6180025691911502,-0.22932613224996862,Family-Oriented Value Buyers,-1,Anomaly
50,Male,Shoes,Footwear,59,New Hampshire,M,Gold,Summer,3.6,No,Bank Transfer,2-Day Shipping,Yes,16,Bank Transfer,4,Medium,0,Adult,1,6,1.4202202508714528,0.07703841415128894,Family-Oriented Value Buyers,1,Normal
55,Male,Blouse,Clothing,66,Wyoming,M,Green,Summer,3.4,No,Venmo,Free Shipping,Yes,26,Venmo,1,High,1,Middle_Aged,1,0,0.5264497911632912,1.4285801610266204,Deal-Driven Shoppers,1,Normal
36,Male,Sandals,Footwear,74,West Virginia,S,Turquoise,Fall,4.0,No,PayPal,2-Day Shipping,Yes,8,Venmo,6,High,1,Adult,1,4,0.2950873949807099,1.6250162573881852,Deal-Driven Shoppers,1,Normal
18,Male,Sunglasses,Accessories,82,Michigan,M,Indigo,Summer,2.6,No,Cash,Store Pickup,Yes,17,Cash,4,Very_High,1,Youth,1,4,0.26215966668964463,1.7672069444381229,High-Value Premium Buyers,-1,Anomaly
68,Male,Shoes,Footwear,89,Alaska,L,Black,Spring,3.2,No,Bank Transfer,Next Day Air,Yes,50,Venmo,3,Very_High,1,Senior,1,0,0.23894176671244088,2.0206371246771675,High-Value Premium Buyers,1,Normal
56,Male,Dress,Clothing,65,Illinois,L,Charcoal,Fall,3.2,No,Bank Transfer,Standard,Yes,22,Venmo,5,High,1,Middle_Aged,1,0,0.5539433548097075,1.3807391339528692,Deal-Driven Shoppers,1,Normal
32,Male,Belt,Accessories,55,Hawaii,M,Turquoise,Spring,5.0,No,Credit Card,2-Day Shipping,Yes,19,Cash,7,Medium,0,Young_Adult,1,6,1.3864432260967068,0.09744333039394941,Young Trend-Oriented Shoppers,1,Normal
28,Male,Shorts,Clothing,95,Colorado,M,Red,Winter,2.9,No,Debit Card,Next Day Air,Yes,14,Bank Transfer,6,Very_High,1,Young_Adult,1,4,0.010761217502704791,2.0711193984271388,High-Value Premium Buyers,1,Normal
24,Male,Handbag,Accessories,77,Illinois,S,Indigo,Winter,2.9,No,Cash,Store Pickup,Yes,35,Cash,5,High,1,Youth,1,4,0.35781600521130347,1.7341035008880308,Deal-Driven Shoppers,1,Normal
59,Male,Blouse,Clothing,44,Hawaii,M,Maroon,Winter,3.5,No,Venmo,Next Day Air,Yes,43,PayPal,2,Medium,0,Middle_Aged,1,2,1.7405365445715344,-0.2159348287740559,Family-Oriented Value Buyers,1,Normal
56,Male,Jeans,Clothing,89,Wisconsin,M,Indigo,Fall,4.0,No,Bank Transfer,Standard,Yes,24,Venmo,3,Very_High,1,Middle_Aged,1,0,0.08927994639014654,2.0046330260767435,High-Value Premium Buyers,1,Normal
30,Male,Jewelry,Accessories,24,Arkansas,M,Maroon,Spring,3.9,No,PayPal,Standard,Yes,17,Debit Card,5,Low,0,Young_Adult,1,6,1.9959917156455362,-0.7271632722770008,Price-Sensitive Budget Shoppers,1,Normal
48,Male,Belt,Accessories,43,Delaware,M,Black,Winter,4.9,No,Cash,Store Pickup,Yes,49,Bank Transfer,3,Medium,0,Adult,1,2,1.6780215407065542,-0.12062902551453991,Family-Oriented Value Buyers,1,Normal
60,Male,Sneakers,Footwear,51,Oregon,XL,Purple,Summer,3.8,No,Credit Card,Express,Yes,17,Bank Transfer,3,Medium,0,Middle_Aged,1,2,1.5709587082752396,-0.09166696920477146,Family-Oriented Value Buyers,1,Normal
46,Male,Hat,Accessories,46,South Carolina,L,Teal,Summer,3.5,No,PayPal,Standard,Yes,40,Cash,4,Medium,0,Adult,1,2,1.725616487178583,-0.1731081254666801,Family-Oriented Value Buyers,1,Normal
69,Male,Dress,Clothing,32,Maryland,M,Silver,Summer,3.7,No,PayPal,Store Pickup,Yes,43,Bank Transfer,2,Low,0,Senior,1,2,1.9698804249418753,-0.5176315619233656,Price-Sensitive Budget Shoppers,1,Normal
19,Male,Sneakers,Footwear,55,Kansas,M,Black,Spring,2.9,No,Cash,2-Day Shipping,Yes,19,Debit Card,7,Medium,0,Youth,1,6,1.5094530836935554,-0.017072488296686783,Young Trend-Oriented Shoppers,-1,Anomaly
66,Male,Sunglasses,Accessories,26,Arkansas,S,Black,Summer,2.8,No,Debit Card,Free Shipping,Yes,40,Bank Transfer,4,Low,0,Senior,1,2,2.121482859499793,-0.7030288983129082,Price-Sensitive Budget Shoppers,1,Normal
64,Male,Handbag,Accessories,29,Minnesota,M,Olive,Summer,3.7,No,Debit Card,2-Day Shipping,Yes,13,Credit Card,6,Low,0,Middle_Aged,1,2,1.9595889528376247,-0.6753631708520541,Price-Sensitive Budget Shoppers,1,Normal
54,Male,Blouse,Clothing,49,New Mexico,L,Purple,Spring,3.0,No,Debit Card,Express,Yes,20,Credit Card,6,Medium,0,Middle_Aged,1,2,1.6537989097028247,-0.19736780036519608,Family-Oriented Value Buyers,1,Normal
27,Male,Blouse,Clothing,45,Delaware,M,Indigo,Spring,4.8,No,PayPal,Free Shipping,Yes,21,Debit Card,4,Medium,0,Young_Adult,1,6,1.5590350565492883,-0.15660562629677077,Young Trend-Oriented Shoppers,1,Normal
64,Male,Shorts,Clothing,48,Utah,S,Lavender,Winter,2.7,No,Credit Card,Standard,Yes,18,Cash,5,Medium,0,Middle_Aged,1,2,1.673479317919859,-0.21591700399974195,Family-Oriented Value Buyers,1,Normal
43,Male,Shorts,Clothing,47,Ohio,S,Cyan,Winter,4.5,No,Bank Transfer,Free Shipping,Yes,44,Cash,4,Medium,0,Adult,1,2,1.599011973404529,-0.04654430482023664,Family-Oriented Value Buyers,1,Normal
43,Male,Hoodie,Clothing,57,Alabama,M,Gold,Fall,2.7,No,Venmo,Standard,Yes,26,Credit Card,4,Medium,0,Adult,1,2,1.4987523294142264,0.01992072452176715,Family-Oriented Value Buyers,1,Normal
27,Male,Backpack,Accessories,34,South Dakota,L,Magenta,Fall,3.5,No,PayPal,Next Day Air,Yes,34,PayPal,4,Low,0,Young_Adult,1,6,1.8720954297428931,-0.4671443271796293,Price-Sensitive Budget Shoppers,1,Normal
35,Male,Sunglasses,Accessories,75,New Mexico,XL,Teal,Fall,3.5,No,Credit Card,Express,Yes,24,Credit Card,7,High,1,Young_Adult,1,4,0.32420860937382723,1.6871272220349547,Deal-Driven Shoppers,1,Normal
43,Male,Scarf,Accessories,94,Oregon,L,Beige,Fall,4.5,No,Venmo,Store Pickup,Yes,23,PayPal,1,Very_High,1,Adult,1,4,-0.0314744205007729,2.1836202571660674,High-Value Premium Buyers,1,Normal
57,Male,Hat,Accessories,84,Oregon,M,Teal,Winter,3.8,No,Venmo,Free Shipping,Yes,3,Debit Card,2,Very_High,1,Middle_Aged,1,4,0.15664038584369322,1.8482316067041893,High-Value Premium Buyers,1,Normal
50,Male,Scarf,Accessories,38,Mississippi,M,Indigo,Summer,3.8,No,Credit Card,Standard,Yes,2,Bank Transfer,4,Low,0,Adult,1,6,1.7573371790289052,-0.4523097205319702,Price-Sensitive Budget Shoppers,1,Normal
37,Male,Scarf,Accessories,75,Alabama,M,Purple,Winter,3.2,No,Credit Card,Next Day Air,Yes,23,Venmo,5,High,1,Adult,1,4,0.3638966137436342,1.6504477288694441,Deal-Driven Shoppers,1,Normal
68,Male,Pants,Clothing,44,Kansas,M,Teal,Fall,4.3,No,Credit Card,Next Day Air,Yes,8,Cash,2,Medium,0,Senior,1,2,1.6260128818094404,-0.2670917803568037,Family-Oriented Value Buyers,1,Normal
22,Male,Backpack,Accessories,33,California,XL,Turquoise,Summer,4.5,No,Cash,Next Day Air,Yes,30,Debit Card,7,Low,0,Youth,1,6,1.84231198858331,-0.41790839455843193,Price-Sensitive Budget Shoppers,1,Normal
58,Male,Sunglasses,Accessories,93,Idaho,L,Peach,Fall,4.2,No,Venmo,Free Shipping,Yes,48,PayPal,3,Very_High,1,Middle_Aged,1,0,0.04449912432031222,2.192191708124038,High-Value Premium Buyers,1,Normal
48,Male,Sneakers,Footwear,99,Wyoming,S,Green,Winter,3.0,No,Credit Card,Free Shipping,Yes,21,Cash,5,Very_High,1,Adult,1,0,-0.05219031947609319,2.226608531247053,High-Value Premium Buyers,1,Normal
30,Male,Backpack,Accessories,33,Minnesota,M,Turquoise,Spring,4.1,No,Venmo,Standard,Yes,9,Cash,6,Low,0,Young_Adult,1,6,1.8195427198640481,-0.5245505395612675,Price-Sensitive Budget Shoppers,1,Normal
51,Male,Sneakers,Footwear,76,Washington,L,Yellow,Spring,4.6,No,Venmo,Store Pickup,Yes,8,Debit Card,6,High,1,Middle_Aged,1,4,0.27235313071777595,1.707713364358395,Deal-Driven Shoppers,1,Normal
20,Male,Skirt,Clothing,63,Hawaii,M,Orange,Summer,2.9,No,PayPal,Standard,Yes,29,Debit Card,2,High,1,Youth,1,4,0.5949075653314828,1.3450907057818973,Deal-Driven Shoppers,1,Normal
30,Male,Pants,Clothing,41,Missouri,L,Brown,Winter,4.8,No,Debit Card,Next Day Air,Yes,3,Bank Transfer,7,Medium,0,Young_Adult,1,6,1.6220809388317288,-0.3065863336687233,Young Trend-Oriented Shoppers,1,Normal
28,Male,Jewelry,Accessories,88,Colorado,L,Silver,Winter,4.5,No,Cash,Next Day Air,Yes,11,Bank Transfer,1,Very_High,1,Young_Adult,1,4,0.053531630874116304,2.003250055281651,High-Value Premium Buyers,1,Normal
37,Male,Skirt,Clothing,92,Washington,L,White,Summer,3.4,No,Venmo,2-Day Shipping,Yes,16,Debit Card,6,Very_High,1,Adult,1,4,0.05129277863320441,2.049183956608034,High-Value Premium Buyers,1,Normal
36,Male,T-shirt,Clothing,31,North Dakota,L,Indigo,Summer,4.3,No,Debit Card,2-Day Shipping,Yes,25,Debit Card,2,Low,0,Adult,1,6,1.8819447635457587,-0.5251971948955816,Price-Sensitive Budget Shoppers,1,Normal
18,Male,Skirt,Clothing,25,Minnesota,S,Magenta,Spring,4.2,No,Bank Transfer,Free Shipping,Yes,32,PayPal,5,Low,0,Youth,1,6,1.9498618636260874,-0.63532323726853,Price-Sensitive Budget Shoppers,1,Normal
52,Male,Shirt,Clothing,28,California,M,Turquoise,Spring,3.6,No,Cash,Next Day Air,Yes,28,Cash,1,Low,0,Middle_Aged,1,2,1.9990299741914714,-0.6373157578145849,Price-Sensitive Budget Shoppers,1,Normal
56,Male,Dress,Clothing,75,Michigan,M,White,Spring,3.7,No,PayPal,2-Day Shipping,Yes,36,PayPal,6,High,1,Middle_Aged,1,0,0.368943928787625,1.6803373366122103,Deal-Driven Shoppers,1,Normal
68,Male,Boots,Footwear,34,Delaware,S,Olive,Spring,4.0,No,Debit Card,Standard,Yes,7,Venmo,1,Low,0,Senior,1,2,1.8714391822294747,-0.533975131905425,Price-Sensitive Budget Shoppers,1,Normal
62,Male,Pants,Clothing,97,California,S,Maroon,Winter,4.9,No,Debit Card,2-Day Shipping,Yes,2,PayPal,4,Very_High,1,Middle_Aged,1,4,-0.14382351996712694,2.2022701293618088,High-Value Premium Buyers,1,Normal
35,Male,Jacket,Outerwear,80,Oklahoma,M,Violet,Summer,3.1,No,Cash,Free Shipping,Yes,6,Bank Transfer,6,High,1,Young_Adult,1,4,0.25974400086704896,1.6898161893245836,High-Value Premium Buyers,1,Normal
65,Male,Sneakers,Footwear,71,North Dakota,L,Cyan,Summer,3.7,No,Credit Card,Standard,Yes,30,Cash,3,High,1,Middle_Aged,1,0,0.46947009495005054,1.5665649408250153,Deal-Driven Shoppers,1,Normal
69,Male,Jewelry,Accessories,77,Ohio,L,Teal,Fall,4.2,No,PayPal,Free Shipping,Yes,46,Cash,4,High,1,Senior,1,0,0.3407618324748619,1.79136945686519,Deal-Driven Shoppers,1,Normal
28,Male,Belt,Accessories,41,Hawaii,L,Red,Spring,2.5,No,Cash,Next Day Air,Yes,39,Cash,6,Medium,0,Young_Adult,1,2,1.8555228635936727,-0.34047134947970337,Young Trend-Oriented Shoppers,1,Normal
37,Male,Scarf,Accessories,92,Maryland,XL,Yellow,Summer,4.3,No,Cash,Next Day Air,Yes,8,Venmo,3,Very_High,1,Adult,1,4,0.002286099560055113,2.0723558903885237,High-Value Premium Buyers,1,Normal
41,Male,Blouse,Clothing,95,Hawaii,S,Silver,Spring,3.1,No,Venmo,Store Pickup,Yes,46,Credit Card,4,Very_High,1,Adult,1,0,0.07103073969388159,2.192351602785573,High-Value Premium Buyers,1,Normal
37,Male,Sweater,Clothing,25,Alabama,M,Charcoal,Fall,3.0,No,Cash,Next Day Air,Yes,40,Debit Card,1,Low,0,Adult,1,2,2.0815041561325542,-0.6817035739053937,Price-Sensitive Budget Shoppers,1,Normal
25,Male,Boots,Footwear,77,Oklahoma,M,Purple,Fall,4.0,No,Debit Card,Express,Yes,21,Bank Transfer,2,High,1,Youth,1,4,0.2543900081593189,1.7376411668035807,Deal-Driven Shoppers,1,Normal
41,Male,Socks,Clothing,99,Alabama,M,Beige,Summer,3.5,No,Venmo,Free Shipping,Yes,33,Credit Card,1,Very_High,1,Adult,1,0,-0.0565734280757558,2.255689676506215,High-Value Premium Buyers,1,Normal
48,Male,Belt,Accessories,24,Vermont,L,Cyan,Winter,3.2,No,Cash,Next Day Air,Yes,3,Venmo,6,Low,0,Adult,1,6,2.0556371142404317,-0.8165195268060085,Price-Sensitive Budget Shoppers,1,Normal
42,Male,Sneakers,Footwear,72,Ohio,M,Silver,Summer,2.7,No,Venmo,Store Pickup,Yes,48,Cash,2,High,1,Adult,1,0,0.5219636588444433,1.5972874051710866,Deal-Driven Shoppers,1,Normal
54,Male,Jeans,Clothing,80,Wisconsin,S,Pink,Winter,3.0,No,Cash,Free Shipping,Yes,8,PayPal,3,High,1,Middle_Aged,1,4,0.26480591546519094,1.7082826496820922,High-Value Premium Buyers,1,Normal
18,Male,Skirt,Clothing,100,South Dakota,L,Gold,Winter,2.9,No,Bank Transfer,Next Day Air,Yes,24,PayPal,3,Very_High,1,Youth,1,4,-0.07099676442139198,2.2290251272122505,High-Value Premium Buyers,-1,Anomaly
56,Male,Shoes,Footwear,83,Iowa,M,Cyan,Summer,3.3,No,Credit Card,Free Shipping,Yes,10,Bank Transfer,7,Very_High,1,Middle_Aged,1,0,0.21222304928228997,1.7921064065781709,High-Value Premium Buyers,1,Normal
61,Male,Dress,Clothing,95,Maryland,M,Black,Spring,4.9,No,PayPal,2-Day Shipping,Yes,25,Bank Transfer,6,Very_High,1,Middle_Aged,1,0,-0.06699207368398326,2.1968666029086172,High-Value Premium Buyers,1,Normal
40,Male,Handbag,Accessories,41,Colorado,XL,Charcoal,Summer,3.7,No,Bank Transfer,Store Pickup,Yes,3,Cash,1,Medium,0,Adult,1,6,1.7161508820114606,-0.37689369031664405,Family-Oriented Value Buyers,1,Normal
34,Male,Backpack,Accessories,35,Wisconsin,S,Magenta,Spring,3.5,No,Cash,Standard,Yes,45,Debit Card,1,Low,0,Young_Adult,1,2,1.9112991600022735,-0.3901444509141253,Price-Sensitive Budget Shoppers,1,Normal
42,Male,Jewelry,Accessories,30,Mississippi,S,Pink,Fall,4.7,No,Bank Transfer,Store Pickup,Yes,15,Debit Card,6,Low,0,Adult,1,6,1.84280329145404,-0.5201374944988656,Price-Sensitive Budget Shoppers,1,Normal
43,Male,Hat,Accessories,21,Mississippi,XL,Maroon,Winter,2.6,No,Debit Card,Store Pickup,Yes,34,Bank Transfer,4,Low,0,Adult,1,2,2.175540725801792,-0.8291120028501762,Price-Sensitive Budget Shoppers,1,Normal
47,Male,Jewelry,Accessories,85,California,M,Teal,Fall,4.1,No,Credit Card,Express,Yes,21,Venmo,5,Very_High,1,Adult,1,4,0.12654574293621765,1.9395301516790897,High-Value Premium Buyers,1,Normal
48,Male,Shirt,Clothing,54,Delaware,M,Orange,Winter,2.8,No,Venmo,2-Day Shipping,Yes,22,Debit Card,5,Medium,0,Adult,1,2,1.5436370983326118,-0.04222554713690782,Family-Oriented Value Buyers,1,Normal
20,Male,Boots,Footwear,26,Montana,S,Yellow,Spring,4.7,No,PayPal,Next Day Air,Yes,24,PayPal,2,Low,0,Youth,1,6,1.919939294288998,-0.6035882285457754,Price-Sensitive Budget Shoppers,-1,Anomaly
65,Male,Shirt,Clothing,59,Indiana,XL,Red,Spring,2.9,No,Venmo,Store Pickup,Yes,33,Credit Card,6,Medium,0,Middle_Aged,1,2,1.5176335239877254,0.0913085573818615,Family-Oriented Value Buyers,1,Normal
54,Male,Sunglasses,Accessories,48,West Virginia,S,Charcoal,Winter,2.8,No,Credit Card,Free Shipping,Yes,13,Venmo,1,Medium,0,Middle_Aged,1,2,1.6648635611230416,-0.20720492380859934,Family-Oriented Value Buyers,1,Normal
23,Male,Shorts,Clothing,98,Iowa,L,Black,Summer,4.3,No,Debit Card,Next Day Air,Yes,17,Debit Card,5,Very_High,1,Youth,1,4,-0.10764212675916064,2.24601786638003,High-Value Premium Buyers,1,Normal
18,Male,Sweater,Clothing,92,Maine,M,White,Summer,4.8,No,Venmo,2-Day Shipping,Yes,25,Credit Card,7,Very_High,1,Youth,1,4,-0.05961083740226429,2.166900332973575,High-Value Premium Buyers,-1,Anomaly
70,Male,Belt,Accessories,46,Connecticut,M,Lavender,Winter,3.4,No,Bank Transfer,Next Day Air,Yes,15,Credit Card,5,Medium,0,Senior,1,2,1.6802494746440348,-0.2569942268862718,Family-Oriented Value Buyers,1,Normal
55,Male,T-shirt,Clothing,21,Kansas,S,White,Spring,4.3,No,Debit Card,Standard,Yes,4,PayPal,1,Low,0,Middle_Aged,1,6,2.0300200193078792,-0.8323732505869057,Price-Sensitive Budget Shoppers,1,Normal
49,Male,Shorts,Clothing,72,Vermont,S,Gray,Fall,2.7,No,Venmo,Free Shipping,Yes,43,Debit Card,4,High,1,Adult,1,0,0.47268637686298604,1.6186778446736831,Deal-Driven Shoppers,1,Normal
26,Male,Sandals,Footwear,58,Nebraska,XL,Cyan,Fall,4.6,No,Cash,Next Day Air,Yes,12,Bank Transfer,5,Medium,0,Young_Adult,1,6,1.3251131797919395,0.1388389231204808,Young Trend-Oriented Shoppers,1,Normal
33,Male,Shirt,Clothing,93,Nevada,S,Brown,Fall,4.1,No,Credit Card,Standard,Yes,3,Venmo,6,Very_High,1,Young_Adult,1,4,-0.06366510339347907,2.090571179920806,High-Value Premium Buyers,1,Normal
20,Male,Socks,Clothing,31,Tennessee,L,Purple,Spring,3.4,No,Credit Card,2-Day Shipping,Yes,1,PayPal,3,Low,0,Youth,1,6,1.8418456311590357,-0.6367340053751298,Price-Sensitive Budget Shoppers,1,Normal
41,Male,Pants,Clothing,26,Arkansas,L,Yellow,Winter,4.5,No,PayPal,Next Day Air,Yes,6,Debit Card,6,Low,0,Adult,1,6,1.921134617053646,-0.6779686024614519,Price-Sensitive Budget Shoppers,1,Normal
18,Male,Skirt,Clothing,68,Wisconsin,M,Indigo,Summer,4.4,No,Bank Transfer,Standard,Yes,26,Venmo,6,High,1,Youth,1,4,0.4081097119244161,1.5362743234766978,Deal-Driven Shoppers,1,Normal
26,Male,Jewelry,Accessories,31,Illinois,S,Black,Summer,4.0,No,Credit Card,Next Day Air,Yes,6,Credit Card,1,Low,0,Young_Adult,1,6,1.8538801318309868,-0.565822455692344,Price-Sensitive Budget Shoppers,1,Normal
30,Male,T-shirt,Clothing,41,Kansas,S,Gray,Summer,3.4,No,Cash,Free Shipping,Yes,22,Cash,5,Medium,0,Young_Adult,1,6,1.7168607752550944,-0.3173646372296151,Young Trend-Oriented Shoppers,1,Normal
64,Male,Jewelry,Accessories,62,New York,M,Indigo,Fall,3.2,No,PayPal,Standard,Yes,45,Cash,5,High,1,Middle_Aged,1,0,0.6532464076729796,1.3593290086453356,Deal-Driven Shoppers,1,Normal
26,Male,Hat,Accessories,41,Colorado,M,Green,Spring,3.4,No,Bank Transfer,Standard,Yes,50,Cash,4,Medium,0,Young_Adult,1,2,1.7907121116518059,-0.25145553949268534,Young Trend-Oriented Shoppers,1,Normal
43,Male,Blouse,Clothing,64,Wisconsin,M,Peach,Winter,4.3,No,PayPal,Standard,Yes,50,Credit Card,1,High,1,Adult,1,0,0.5288458958987617,1.4951392467123246,Deal-Driven Shoppers,1,Normal
63,Male,Sandals,Footwear,72,Michigan,L,Purple,Summer,5.0,No,Venmo,Standard,Yes,39,Debit Card,4,High,1,Middle_Aged,1,0,0.3879605332302118,1.7042260389070776,Deal-Driven Shoppers,1,Normal
57,Male,Handbag,Accessories,78,Hawaii,L,Beige,Winter,3.5,No,Cash,Store Pickup,Yes,50,Venmo,5,High,1,Middle_Aged,1,0,0.38845209466495084,1.8006634683062785,Deal-Driven Shoppers,1,Normal
25,Male,Hat,Accessories,47,Virginia,M,Charcoal,Winter,3.1,No,Bank Transfer,2-Day Shipping,Yes,27,PayPal,7,Medium,0,Youth,1,6,1.6461590975131701,-0.17942462747502624,Young Trend-Oriented Shoppers,1,Normal
68,Male,Scarf,Accessories,46,Ohio,L,Gray,Summer,3.9,No,Venmo,2-Day Shipping,Yes,38,Debit Card,1,Medium,0,Senior,1,2,1.7134909546177524,-0.1473821578687448,Family-Oriented Value Buyers,1,Normal
31,Male,Shorts,Clothing,43,Missouri,S,Brown,Winter,4.0,No,PayPal,Store Pickup,Yes,37,Bank Transfer,7,Medium,0,Young_Adult,1,6,1.6842022435391646,-0.1893774945423262,Young Trend-Oriented Shoppers,1,Normal
64,Male,Backpack,Accessories,58,Indiana,M,Cyan,Summer,3.5,No,Venmo,Next Day Air,Yes,50,Debit Card,3,Medium,0,Middle_Aged,1,2,1.5517450266886492,0.1558143181285568,Family-Oriented Value Buyers,1,Normal
38,Male,Sweater,Clothing,32,Florida,M,White,Winter,3.6,No,Venmo,Free Shipping,Yes,40,PayPal,7,Low,0,Adult,1,2,1.902964100458926,-0.4813235880277025,Price-Sensitive Budget Shoppers,1,Normal
34,Male,Skirt,Clothing,45,Minnesota,L,Beige,Winter,3.0,No,PayPal,Next Day Air,Yes,3,PayPal,5,Medium,0,Young_Adult,1,6,1.6589693839202395,-0.3241672292416367,Young Trend-Oriented Shoppers,1,Normal
32,Male,Sneakers,Footwear,35,Nevada,L,Orange,Summer,2.6,No,Bank Transfer,Next Day Air,Yes,45,Credit Card,5,Low,0,Young_Adult,1,2,1.9588930203994182,-0.46626274307730065,Price-Sensitive Budget Shoppers,1,Normal
69,Male,Sunglasses,Accessories,21,Maine,M,Olive,Winter,2.9,No,Venmo,Next Day Air,Yes,8,Credit Card,3,Low,0,Senior,1,2,2.1305727739640474,-0.9031253596233586,Price-Sensitive Budget Shoppers,-1,Anomaly
45,Male,Dress,Clothing,64,Massachusetts,S,Teal,Winter,3.1,No,PayPal,Next Day Air,Yes,7,Cash,6,High,1,Adult,1,4,0.5406979427921905,1.3303763733916274,Deal-Driven Shoppers,1,Normal
35,Male,Blouse,Clothing,88,North Dakota,S,Silver,Spring,3.3,No,Credit Card,Next Day Air,Yes,13,Venmo,4,Very_High,1,Young_Adult,1,4,0.11845062164838287,1.9413623084707858,High-Value Premium Buyers,1,Normal
63,Male,Shoes,Footwear,48,New Jersey,M,Gold,Summer,2.9,No,Debit Card,Store Pickup,Yes,29,Venmo,7,Medium,0,Middle_Aged,1,2,1.7205217212202255,-0.2086715437099223,Family-Oriented Value Buyers,1,Normal
65,Male,Sweater,Clothing,36,Indiana,L,Violet,Summer,3.9,No,PayPal,2-Day Shipping,Yes,7,Bank Transfer,1,Low,0,Middle_Aged,1,2,1.819629329466847,-0.5022566199801962,Price-Sensitive Budget Shoppers,1,Normal
35,Male,Gloves,Accessories,28,Oregon,S,White,Summer,4.7,No,PayPal,2-Day Shipping,Yes,50,Debit Card,7,Low,0,Young_Adult,1,2,1.9529598040251765,-0.47085471431955084,Price-Sensitive Budget Shoppers,1,Normal
54,Male,Socks,Clothing,80,North Dakota,M,Peach,Spring,4.4,No,Bank Transfer,2-Day Shipping,Yes,33,Debit Card,5,High,1,Middle_Aged,1,0,0.22369634263220495,1.8441716735478595,High-Value Premium Buyers,1,Normal
28,Male,Coat,Outerwear,23,South Carolina,S,Orange,Summer,3.6,No,Debit Card,Store Pickup,Yes,30,Cash,7,Low,0,Young_Adult,1,6,2.0811697247041843,-0.7322340058542567,Price-Sensitive Budget Shoppers,1,Normal
68,Male,Sunglasses,Accessories,24,North Carolina,L,Violet,Summer,3.2,No,Cash,Standard,Yes,40,Cash,3,Low,0,Senior,1,2,2.147747447031643,-0.7358805615883456,Price-Sensitive Budget Shoppers,1,Normal
58,Male,Boots,Footwear,22,North Dakota,L,Green,Fall,4.0,No,Credit Card,Free Shipping,Yes,49,Cash,1,Low,0,Middle_Aged,1,2,2.0908461065732755,-0.6795158967123437,Price-Sensitive Budget Shoppers,1,Normal
35,Male,Dress,Clothing,21,Massachusetts,M,Peach,Spring,3.5,No,Bank Transfer,Next Day Air,Yes,32,Venmo,1,Low,0,Young_Adult,1,6,2.1147112448300414,-0.792419012632891,Price-Sensitive Budget Shoppers,1,Normal
68,Male,Jacket,Outerwear,51,Tennessee,M,Black,Spring,4.6,No,PayPal,Free Shipping,Yes,18,Venmo,2,Medium,0,Senior,1,2,1.5348072353256015,-0.08046344023346419,Family-Oriented Value Buyers,1,Normal
41,Male,Gloves,Accessories,65,Missouri,L,Blue,Summer,3.3,No,Bank Transfer,Free Shipping,Yes,50,PayPal,3,High,1,Adult,1,0,0.6047763092780912,1.4572920194402201,Deal-Driven Shoppers,1,Normal
65,Male,Scarf,Accessories,51,Tennessee,S,Magenta,Spring,4.0,No,Debit Card,2-Day Shipping,Yes,13,PayPal,2,Medium,0,Middle_Aged,1,2,1.560240239029044,-0.10789028643697288,Family-Oriented Value Buyers,1,Normal
50,Male,Hoodie,Clothing,32,Colorado,L,Violet,Summer,3.4,No,Bank Transfer,Free Shipping,Yes,1,Bank Transfer,7,Low,0,Adult,1,6,1.8825326166381977,-0.6358105458052234,Price-Sensitive Budget Shoppers,1,Normal
18,Male,Coat,Outerwear,70,Mississippi,M,Beige,Spring,4.2,No,Bank Transfer,Store Pickup,Yes,16,PayPal,1,High,1,Youth,1,4,0.37688997036041727,1.5565475359717225,Deal-Driven Shoppers,-1,Anomaly
38,Male,Scarf,Accessories,77,Ohio,L,Pink,Summer,3.9,No,PayPal,2-Day Shipping,Yes,6,PayPal,6,High,1,Adult,1,4,0.26670331917323115,1.6595701468851933,Deal-Driven Shoppers,1,Normal
68,Male,Coat,Outerwear,90,North Carolina,S,Beige,Summer,3.9,No,PayPal,Next Day Air,Yes,21,Debit Card,6,Very_High,1,Senior,1,0,0.1351985232245358,2.0183056588940325,High-Value Premium Buyers,1,Normal
53,Male,Scarf,Accessories,36,Ohio,L,Green,Summer,2.8,No,Bank Transfer,Standard,Yes,36,Venmo,7,Low,0,Middle_Aged,1,2,1.9461574299404996,-0.470646927262545,Price-Sensitive Budget Shoppers,1,Normal
58,Male,Handbag,Accessories,77,Nebraska,S,Silver,Summer,3.7,No,Credit Card,Standard,Yes,20,Bank Transfer,7,High,1,Middle_Aged,1,0,0.3373891260016,1.697740270449667,Deal-Driven Shoppers,1,Normal
34,Male,Boots,Footwear,78,Hawaii,M,Purple,Summer,4.9,No,Credit Card,Store Pickup,Yes,8,Debit Card,4,High,1,Young_Adult,1,4,0.18218024124836207,1.790753357669128,Deal-Driven Shoppers,1,Normal
36,Male,Pants,Clothing,69,Oklahoma,M,Gray,Summer,2.6,No,Bank Transfer,Express,Yes,22,Credit Card,6,High,1,Adult,1,4,0.5049758510417683,1.4466458104299205,Deal-Driven Shoppers,1,Normal
58,Male,T-shirt,Clothing,63,Wisconsin,M,White,Summer,4.9,No,PayPal,Free Shipping,Yes,3,Credit Card,4,High,1,Middle_Aged,1,4,0.43810179807085786,1.374155071704015,Deal-Driven Shoppers,1,Normal
60,Male,Scarf,Accessories,36,Arkansas,M,Silver,Winter,3.4,No,Venmo,Next Day Air,Yes,46,Credit Card,1,Low,0,Middle_Aged,1,2,1.911605086949378,-0.3944132777487712,Price-Sensitive Budget Shoppers,1,Normal
59,Male,Coat,Outerwear,80,Texas,M,Blue,Winter,3.9,No,Bank Transfer,Standard,Yes,42,Debit Card,6,High,1,Middle_Aged,1,0,0.3107469283919394,1.830243911225429,High-Value Premium Buyers,1,Normal
65,Male,Sweater,Clothing,35,New Mexico,M,Orange,Summer,4.0,No,Cash,Next Day Air,Yes,1,Bank Transfer,1,Low,0,Middle_Aged,1,6,1.8221121385939045,-0.5265202909947734,Price-Sensitive Budget Shoppers,1,Normal
31,Male,Belt,Accessories,93,Colorado,L,Silver,Winter,3.0,No,Venmo,2-Day Shipping,Yes,29,Debit Card,5,Very_High,1,Young_Adult,1,4,0.07264144058619926,2.099061823227456,High-Value Premium Buyers,1,Normal
43,Male,Belt,Accessories,25,Indiana,L,Gray,Spring,2.6,No,Venmo,Store Pickup,Yes,14,Credit Card,4,Low,0,Adult,1,6,2.0788405519543454,-0.7847284100428504,Price-Sensitive Budget Shoppers,1,Normal
37,Male,Sweater,Clothing,81,Arizona,L,Gold,Spring,3.2,No,Venmo,Next Day Air,Yes,4,PayPal,6,High,1,Adult,1,4,0.2375730990554925,1.7217499336625934,High-Value Premium Buyers,1,Normal
21,Male,Blouse,Clothing,42,Indiana,L,Brown,Spring,2.6,No,Credit Card,2-Day Shipping,Yes,41,PayPal,7,Medium,0,Youth,1,6,1.78351300333968,-0.30361884407400874,Young Trend-Oriented Shoppers,-1,Anomaly
69,Male,Skirt,Clothing,36,Indiana,L,Turquoise,Spring,3.2,No,Cash,Store Pickup,Yes,4,Debit Card,5,Low,0,Senior,1,2,1.8652635294480224,-0.5317644960538194,Price-Sensitive Budget Shoppers,1,Normal
32,Male,Jewelry,Accessories,66,Alaska,S,Pink,Spring,4.1,No,Debit Card,Store Pickup,Yes,47,Cash,2,High,1,Young_Adult,1,0,0.521015158378777,1.5487981971316236,Deal-Driven Shoppers,1,Normal
53,Male,Gloves,Accessories,37,Utah,M,Black,Fall,3.9,No,Bank Transfer,Next Day Air,Yes,44,Venmo,3,Low,0,Middle_Aged,1,2,1.8419231220793797,-0.3514316980137586,Price-Sensitive Budget Shoppers,1,Normal
59,Male,T-shirt,Clothing,45,Louisiana,L,Yellow,Winter,4.1,No,Venmo,Standard,Yes,37,Venmo,6,Medium,0,Middle_Aged,1,2,1.6904529804324224,-0.16897215245001376,Family-Oriented Value Buyers,1,Normal
64,Male,Gloves,Accessories,86,Iowa,S,Beige,Summer,2.7,No,Credit Card,2-Day Shipping,Yes,21,Debit Card,4,Very_High,1,Middle_Aged,1,0,0.24657533540688814,1.8791821976134704,High-Value Premium Buyers,1,Normal
63,Male,Sunglasses,Accessories,24,New Mexico,M,Olive,Winter,4.6,No,Debit Card,Free Shipping,Yes,46,Debit Card,1,Low,0,Middle_Aged,1,2,2.042110601479186,-0.6173028521296918,Price-Sensitive Budget Shoppers,-1,Anomaly
43,Male,Shirt,Clothing,22,Maine,XL,Gold,Summer,3.5,No,Cash,Standard,Yes,1,Cash,5,Low,0,Adult,1,6,2.028347681247244,-0.8550402459035963,Price-Sensitive Budget Shoppers,1,Normal
19,Male,Handbag,Accessories,53,Minnesota,M,Purple,Spring,5.0,No,PayPal,Next Day Air,Yes,35,PayPal,2,Medium,0,Youth,1,6,1.4555853461753259,0.0799518579867818,Young Trend-Oriented Shoppers,-1,Anomaly
40,Male,Jacket,Outerwear,41,New Mexico,L,Pink,Fall,3.4,No,Cash,Next Day Air,Yes,49,Venmo,6,Medium,0,Adult,1,2,1.815160024128792,-0.2728957017040575,Family-Oriented Value Buyers,1,Normal
51,Male,Skirt,Clothing,64,Arkansas,M,Blue,Summer,3.1,No,Cash,Store Pickup,Yes,47,PayPal,3,High,1,Middle_Aged,1,0,0.6267323736746614,1.4099838780433345,Deal-Driven Shoppers,1,Normal
51,Male,Handbag,Accessories,40,Oklahoma,L,Brown,Winter,3.4,No,Bank Transfer,2-Day Shipping,Yes,24,Bank Transfer,7,Medium,0,Middle_Aged,1,2,1.7842679504952468,-0.366890386746019,Family-Oriented Value Buyers,1,Normal
66,Male,Blouse,Clothing,33,Utah,L,Charcoal,Summer,4.0,No,Credit Card,Standard,Yes,28,Debit Card,1,Low,0,Senior,1,2,1.9061956872615167,-0.49436587144381106,Price-Sensitive Budget Shoppers,1,Normal
42,Male,T-shirt,Clothing,59,Wisconsin,L,Maroon,Winter,2.7,No,PayPal,Store Pickup,Yes,22,Bank Transfer,4,Medium,0,Adult,1,2,1.4773719521062718,0.05309753834324664,Family-Oriented Value Buyers,1,Normal
22,Male,Pants,Clothing,73,Utah,L,Cyan,Fall,3.6,No,Venmo,Free Shipping,Yes,20,Cash,2,High,1,Youth,1,4,0.33216730753252516,1.6240390452912559,Deal-Driven Shoppers,1,Normal
31,Male,Hoodie,Clothing,22,Utah,M,Olive,Winter,4.0,No,PayPal,Free Shipping,Yes,25,Bank Transfer,2,Low,0,Young_Adult,1,6,2.0153093547734167,-0.7554799402867178,Price-Sensitive Budget Shoppers,1,Normal
18,Male,Boots,Footwear,73,South Carolina,L,Gold,Fall,3.8,No,Debit Card,Free Shipping,Yes,15,Venmo,4,High,1,Youth,1,4,0.32073362760489027,1.61507764301042,Deal-Driven Shoppers,1,Normal
21,Male,Blouse,Clothing,62,Hawaii,M,Violet,Fall,3.4,No,Debit Card,Next Day Air,Yes,49,Venmo,5,High,1,Youth,1,0,0.5900266699807,1.4111905744665814,Deal-Driven Shoppers,1,Normal
35,Male,Coat,Outerwear,56,Alaska,M,Peach,Winter,3.2,No,PayPal,Free Shipping,Yes,10,Debit Card,1,Medium,0,Young_Adult,1,6,1.4717679165020856,-0.01550383089869102,Family-Oriented Value Buyers,1,Normal
35,Male,Pants,Clothing,90,Colorado,M,Beige,Spring,4.7,No,Venmo,Next Day Air,Yes,21,Credit Card,3,Very_High,1,Young_Adult,1,4,0.003940341098705766,2.086643171427098,High-Value Premium Buyers,1,Normal
27,Male,Sunglasses,Accessories,44,West Virginia,M,Cyan,Winter,3.1,No,PayPal,Next Day Air,Yes,34,Bank Transfer,2,Medium,0,Young_Adult,1,6,1.725808266114483,-0.2403600360752408,Young Trend-Oriented Shoppers,1,Normal
65,Male,Jeans,Clothing,35,Oregon,L,Silver,Summer,3.3,No,PayPal,Next Day Air,No,41,Debit Card,2,Low,0,Middle_Aged,0,1,0.1987270792782725,-1.7059121217490543,Occasional Low-Engagement Buyers,1,Normal
41,Male,Pants,Clothing,71,Ohio,S,Magenta,Summer,4.8,No,PayPal,2-Day Shipping,No,30,Venmo,1,High,1,Adult,0,3,-1.3989533911649223,0.41135955565085097,Premium Loyal Customers,1,Normal
60,Male,Dress,Clothing,52,Massachusetts,S,Black,Fall,4.5,No,PayPal,Next Day Air,No,24,Debit Card,5,Medium,0,Middle_Aged,0,1,-0.26115899840632617,-1.2265352228926003,Family-Oriented Value Buyers,1,Normal
61,Male,Shoes,Footwear,37,Louisiana,M,Olive,Summer,3.4,No,Credit Card,Store Pickup,No,6,Credit Card,3,Low,0,Middle_Aged,0,1,0.051298211361757315,-1.7355139632875087,Occasional Low-Engagement Buyers,1,Normal
24,Male,Sneakers,Footwear,95,Virginia,L,Green,Winter,3.7,No,Cash,2-Day Shipping,No,14,Credit Card,5,Very_High,1,Youth,0,5,-1.8193621132590208,0.9121779766385424,High-Value Premium Buyers,1,Normal
65,Male,Socks,Clothing,97,New York,M,Yellow,Fall,4.9,No,Venmo,2-Day Shipping,No,37,Credit Card,5,Very_High,1,Middle_Aged,0,7,-1.8727820638483272,1.059120643475332,High-Value Premium Buyers,1,Normal
23,Male,Coat,Outerwear,57,Arkansas,S,Lavender,Spring,3.5,No,Debit Card,Next Day Air,No,37,Venmo,4,Medium,0,Youth,0,1,-0.2507739106810225,-1.1352531471218827,Young Trend-Oriented Shoppers,1,Normal
30,Male,Shirt,Clothing,93,New Mexico,M,Indigo,Spring,4.6,No,Cash,Standard,No,28,PayPal,2,Very_High,1,Young_Adult,0,5,-1.7896262001611558,0.9239447734287062,High-Value Premium Buyers,1,Normal
33,Male,Blouse,Clothing,48,Minnesota,M,Pink,Winter,4.6,No,Venmo,Standard,No,43,PayPal,5,Medium,0,Young_Adult,0,1,-0.21116649212004907,-1.27413781494314,Young Trend-Oriented Shoppers,1,Normal
22,Male,Gloves,Accessories,75,Illinois,L,Red,Fall,4.2,No,Credit Card,Store Pickup,No,25,Cash,3,High,1,Youth,0,5,-1.482798296942083,0.4863766563180949,Premium Loyal Customers,1,Normal
67,Male,Skirt,Clothing,70,Georgia,S,Magenta,Winter,3.7,No,Venmo,Free Shipping,No,4,PayPal,3,High,1,Senior,0,3,-1.3665559389855264,0.2476669793198219,Premium Loyal Customers,1,Normal
28,Male,Handbag,Accessories,26,Mississippi,S,Peach,Winter,3.0,No,Credit Card,Next Day Air,No,13,Venmo,1,Low,0,Young_Adult,0,1,0.25264938856726876,-1.9621007201096117,Occasional Low-Engagement Buyers,1,Normal
32,Male,Shirt,Clothing,73,North Carolina,L,Turquoise,Winter,4.6,No,Credit Card,Store Pickup,No,32,Bank Transfer,6,High,1,Young_Adult,0,3,-1.4438909313426913,0.46766814729054457,Premium Loyal Customers,1,Normal
40,Male,Coat,Outerwear,30,Nevada,M,Black,Summer,3.2,No,Cash,Free Shipping,No,1,Cash,3,Low,0,Adult,0,1,0.15857440557974387,-1.9249255377732406,Occasional Low-Engagement Buyers,1,Normal
64,Male,Shoes,Footwear,61,Connecticut,L,Blue,Summer,3.5,No,Credit Card,Next Day Air,No,4,Cash,3,High,1,Middle_Aged,0,3,-1.1574046606629949,-0.00901873273662395,Premium Loyal Customers,1,Normal
56,Male,Handbag,Accessories,75,Utah,M,Beige,Winter,2.6,No,Debit Card,Standard,No,33,Cash,5,High,1,Middle_Aged,0,7,-1.3158889287277624,0.37046308465388805,Premium Loyal Customers,1,Normal
63,Male,Jacket,Outerwear,88,Tennessee,XL,Olive,Fall,4.9,No,Venmo,Standard,No,45,Bank Transfer,1,Very_High,1,Middle_Aged,0,7,-1.6574970932693927,0.8563100492952443,High-Value Premium Buyers,1,Normal
20,Male,Shirt,Clothing,67,Mississippi,M,Turquoise,Summer,2.7,No,Credit Card,Express,No,20,Debit Card,1,High,1,Youth,0,5,-1.246013919337752,0.18655165375352292,Premium Loyal Customers,-1,Anomaly
54,Male,Hat,Accessories,95,Nebraska,S,Yellow,Fall,4.7,No,Venmo,2-Day Shipping,No,1,PayPal,1,Very_High,1,Middle_Aged,0,5,-1.8691023504715327,0.9249399945347307,High-Value Premium Buyers,1,Normal
31,Male,Sunglasses,Accessories,69,West Virginia,S,Turquoise,Spring,4.0,No,Bank Transfer,Free Shipping,No,7,Credit Card,5,High,1,Young_Adult,0,5,-1.382698434981401,0.27439734648966796,Premium Loyal Customers,1,Normal
36,Male,Shirt,Clothing,87,South Carolina,L,Lavender,Fall,3.5,No,Venmo,Next Day Air,No,48,Credit Card,7,Very_High,1,Adult,0,7,-1.5857411785666602,0.7875691346480264,High-Value Premium Buyers,1,Normal
25,Male,Belt,Accessories,41,Iowa,XL,Turquoise,Winter,4.8,No,Credit Card,Standard,No,46,Bank Transfer,4,Medium,0,Youth,0,1,-0.07751337316158068,-1.4024943281400037,Young Trend-Oriented Shoppers,1,Normal
20,Male,Sweater,Clothing,67,North Dakota,L,Teal,Spring,4.0,No,Bank Transfer,Free Shipping,No,34,Debit Card,3,High,1,Youth,0,5,-1.3016081855420212,0.2976853146306713,Premium Loyal Customers,1,Normal
62,Male,Hoodie,Clothing,70,West Virginia,L,Black,Fall,4.1,No,Credit Card,Express,No,36,Bank Transfer,6,High,1,Middle_Aged,0,7,-1.327305702196686,0.35583212537001224,Premium Loyal Customers,1,Normal
69,Male,Handbag,Accessories,41,Mississippi,XL,Blue,Winter,3.8,No,PayPal,Next Day Air,No,44,Debit Card,7,Medium,0,Senior,0,1,0.04899567717229338,-1.5017879356324328,Family-Oriented Value Buyers,1,Normal
54,Male,Jeans,Clothing,83,Alabama,XL,Yellow,Summer,5.0,No,Debit Card,Express,No,48,Bank Transfer,2,Very_High,1,Middle_Aged,0,7,-1.5696406118774042,0.7465559840801574,High-Value Premium Buyers,1,Normal
39,Male,Backpack,Accessories,22,California,M,Black,Spring,4.0,No,Venmo,Next Day Air,No,12,Bank Transfer,3,Low,0,Adult,0,1,0.26502592885277126,-2.027226189309178,Occasional Low-Engagement Buyers,1,Normal
56,Male,Sneakers,Footwear,20,Idaho,M,Lavender,Summer,3.9,No,Bank Transfer,Store Pickup,No,19,Cash,7,Low,0,Middle_Aged,0,1,0.3453931684848466,-2.080330616580314,Occasional Low-Engagement Buyers,1,Normal
39,Male,Jewelry,Accessories,29,South Dakota,L,Cyan,Summer,3.4,No,Venmo,2-Day Shipping,No,49,Venmo,5,Low,0,Adult,0,1,0.2571112016630551,-1.789153816487278,Occasional Low-Engagement Buyers,1,Normal
37,Male,Sunglasses,Accessories,87,North Dakota,M,Brown,Spring,3.0,No,Credit Card,Standard,No,25,Venmo,1,Very_High,1,Adult,0,3,-1.5734634363212214,0.6789249998397778,High-Value Premium Buyers,1,Normal
25,Male,Shorts,Clothing,81,Nevada,L,Maroon,Fall,4.9,No,Credit Card,2-Day Shipping,No,25,Cash,5,High,1,Youth,0,5,-1.6549496887247435,0.6696113032780939,High-Value Premium Buyers,1,Normal
35,Male,Boots,Footwear,58,Florida,L,Cyan,Spring,3.2,No,Bank Transfer,Express,No,1,Credit Card,4,Medium,0,Young_Adult,0,1,-0.32774919186348295,-1.2310532962701586,Family-Oriented Value Buyers,1,Normal
45,Male,Skirt,Clothing,83,Indiana,M,Pink,Winter,3.8,No,Venmo,Standard,No,19,Bank Transfer,3,Very_High,1,Adult,0,3,-1.5906015862952103,0.6136969332635713,High-Value Premium Buyers,1,Normal
19,Male,Pants,Clothing,59,Arkansas,XL,Orange,Fall,3.8,No,Debit Card,Store Pickup,No,7,Credit Card,4,Medium,0,Youth,0,1,-0.42247797322573144,-1.1378588690027212,Young Trend-Oriented Shoppers,1,Normal
21,Male,T-shirt,Clothing,93,North Carolina,M,Lavender,Spring,4.7,No,Debit Card,Express,No,19,Credit Card,6,Very_High,1,Youth,0,5,-1.8361648606351004,0.9156087841902755,High-Value Premium Buyers,1,Normal
65,Male,T-shirt,Clothing,87,Illinois,S,Beige,Fall,3.8,No,Debit Card,2-Day Shipping,No,9,Cash,1,Very_High,1,Middle_Aged,0,3,-1.6534906878209124,0.6785126399303616,High-Value Premium Buyers,1,Normal
49,Male,Jacket,Outerwear,22,Missouri,M,Pink,Winter,4.6,No,Venmo,Free Shipping,No,37,PayPal,4,Low,0,Adult,0,1,0.2619851489373285,-1.9311661025882276,Occasional Low-Engagement Buyers,1,Normal
30,Male,Jeans,Clothing,71,South Dakota,S,Charcoal,Summer,4.4,No,Bank Transfer,Standard,No,15,Cash,6,High,1,Young_Adult,0,5,-1.4148705027104924,0.35599163224957187,Premium Loyal Customers,1,Normal
23,Male,Dress,Clothing,69,Idaho,XL,Gray,Spring,3.4,No,PayPal,2-Day Shipping,No,30,PayPal,5,High,1,Youth,0,5,-1.331920818057575,0.2900578224859086,Premium Loyal Customers,1,Normal
69,Male,Blouse,Clothing,47,Connecticut,M,Cyan,Winter,4.7,No,Venmo,Standard,No,30,Cash,7,Medium,0,Senior,0,1,-0.1704574676786425,-1.3488915095753646,Family-Oriented Value Buyers,1,Normal
29,Male,Hoodie,Clothing,50,Hawaii,L,Orange,Summer,2.9,No,Cash,Express,No,16,Debit Card,5,Medium,0,Young_Adult,0,1,-0.14641992589349673,-1.3892892274900528,Young Trend-Oriented Shoppers,1,Normal
54,Male,T-shirt,Clothing,96,Maryland,L,Pink,Winter,3.4,No,Cash,2-Day Shipping,No,14,PayPal,7,Very_High,1,Middle_Aged,0,3,-1.7805266939126927,0.882478199571649,High-Value Premium Buyers,1,Normal
45,Male,Sweater,Clothing,39,Maryland,M,White,Winter,3.2,No,Venmo,Free Shipping,No,8,Venmo,4,Low,0,Adult,0,1,-0.0009333900678175217,-1.6675995669879045,Occasional Low-Engagement Buyers,1,Normal
25,Male,Shorts,Clothing,84,Massachusetts,S,Beige,Winter,2.8,No,Cash,Express,No,40,Debit Card,5,Very_High,1,Youth,0,3,-1.5159423823859288,0.6892154498524243,High-Value Premium Buyers,1,Normal
34,Male,Jewelry,Accessories,28,Delaware,S,Magenta,Spring,4.3,No,Venmo,Free Shipping,No,24,Credit Card,6,Low,0,Young_Adult,0,1,0.15145266859804932,-1.8153834568323475,Occasional Low-Engagement Buyers,1,Normal
46,Male,T-shirt,Clothing,51,Massachusetts,L,Violet,Summer,3.3,No,Cash,Standard,No,14,Cash,1,Medium,0,Adult,0,1,-0.16910645236328375,-1.3721697499806023,Family-Oriented Value Buyers,1,Normal
70,Male,Scarf,Accessories,20,New York,XL,Gold,Spring,3.3,No,Bank Transfer,Standard,No,39,PayPal,3,Low,0,Senior,0,1,0.43306598450505035,-2.0733020952794687,Occasional Low-Engagement Buyers,1,Normal
42,Male,Shoes,Footwear,72,Delaware,S,Teal,Winter,3.3,No,PayPal,Free Shipping,No,21,PayPal,2,High,1,Adult,0,3,-1.3530733772586048,0.3306880786441121,Premium Loyal Customers,1,Normal
45,Male,Sunglasses,Accessories,33,Massachusetts,M,Indigo,Spring,3.0,No,Cash,Next Day Air,No,32,Venmo,4,Low,0,Adult,0,1,0.1999855461706433,-1.7694350726434245,Occasional Low-Engagement Buyers,1,Normal
57,Male,Coat,Outerwear,28,Indiana,S,Olive,Summer,2.8,No,Credit Card,Express,No,45,Debit Card,2,Low,0,Middle_Aged,0,1,0.34679105723650705,-1.8592442578334694,Occasional Low-Engagement Buyers,1,Normal
49,Male,Blouse,Clothing,53,Virginia,S,Violet,Spring,4.0,No,Credit Card,Express,No,19,PayPal,6,Medium,0,Adult,0,1,-0.2688419537175311,-1.2541545149625848,Family-Oriented Value Buyers,1,Normal
23,Male,Jeans,Clothing,48,Wyoming,L,Black,Fall,4.3,No,Debit Card,Express,No,1,Debit Card,7,Medium,0,Youth,0,1,-0.25541241946425824,-1.3919583229168808,Young Trend-Oriented Shoppers,1,Normal
47,Male,Shorts,Clothing,21,Illinois,M,Brown,Winter,3.8,No,Venmo,Store Pickup,No,12,Venmo,1,Low,0,Adult,0,1,0.289734383575946,-2.0591060660869784,Occasional Low-Engagement Buyers,1,Normal
23,Male,Shirt,Clothing,22,Alabama,S,Silver,Fall,4.2,No,Cash,Free Shipping,No,26,Credit Card,2,Low,0,Youth,0,1,0.22705570262487734,-1.9498511766188746,Occasional Low-Engagement Buyers,1,Normal
21,Male,Backpack,Accessories,87,Idaho,M,Gray,Fall,3.1,No,Debit Card,Next Day Air,No,12,Cash,6,Very_High,1,Youth,0,5,-1.6418035789926855,0.6573518948389722,High-Value Premium Buyers,1,Normal
45,Male,Belt,Accessories,50,Rhode Island,S,Charcoal,Winter,2.6,No,Cash,Free Shipping,No,36,Cash,7,Medium,0,Adult,0,1,-0.08922827048761185,-1.3415855994770483,Family-Oriented Value Buyers,1,Normal
67,Male,Blouse,Clothing,85,New York,L,Black,Summer,3.4,No,Bank Transfer,Express,No,22,Credit Card,3,Very_High,1,Senior,0,7,-1.544626256359373,0.6140474299765951,High-Value Premium Buyers,1,Normal
31,Male,Jeans,Clothing,98,Missouri,L,Brown,Spring,3.1,No,Credit Card,Next Day Air,No,16,PayPal,4,Very_High,1,Young_Adult,0,5,-1.7991494028773471,0.927818718450251,High-Value Premium Buyers,1,Normal
58,Male,Dress,Clothing,34,Texas,M,Purple,Winter,3.6,No,Debit Card,Express,No,31,Venmo,3,Low,0,Middle_Aged,0,1,0.12595771972692266,-1.721363033207735,Occasional Low-Engagement Buyers,1,Normal
57,Male,Shorts,Clothing,61,Tennessee,M,Purple,Summer,2.6,No,Cash,2-Day Shipping,No,43,Cash,4,High,1,Middle_Aged,0,7,-1.0604078551322191,0.06224823750342351,Premium Loyal Customers,1,Normal
42,Male,Jewelry,Accessories,98,Ohio,L,Gray,Summer,4.2,No,Bank Transfer,Store Pickup,No,50,Venmo,5,Very_High,1,Adult,0,7,-1.774181138869554,1.0831196893047028,High-Value Premium Buyers,1,Normal
60,Male,Handbag,Accessories,61,Tennessee,M,Green,Spring,2.9,No,PayPal,2-Day Shipping,No,37,Credit Card,2,High,1,Middle_Aged,0,7,-1.0865277468415675,0.0545045009287826,Premium Loyal Customers,1,Normal
21,Male,Jewelry,Accessories,98,Minnesota,L,Silver,Winter,4.2,No,Credit Card,Express,No,23,Cash,2,Very_High,1,Youth,0,5,-1.864245731396629,1.029944990044076,High-Value Premium Buyers,1,Normal
69,Male,Pants,Clothing,21,Wisconsin,L,Charcoal,Fall,3.3,No,Cash,Next Day Air,No,10,Bank Transfer,7,Low,0,Senior,0,1,0.35525512868049525,-2.1138291067892894,Occasional Low-Engagement Buyers,-1,Anomaly
41,Male,Pants,Clothing,51,Delaware,XL,Teal,Winter,3.6,No,Venmo,Next Day Air,No,20,Bank Transfer,6,Medium,0,Adult,0,1,-0.20582132452661311,-1.3173477090530386,Family-Oriented Value Buyers,1,Normal
51,Male,Sandals,Footwear,80,Kansas,XL,White,Spring,4.3,No,Credit Card,Express,No,18,Venmo,7,High,1,Middle_Aged,0,3,-1.5413145351362887,0.569371338286446,High-Value Premium Buyers,1,Normal
23,Male,Skirt,Clothing,72,Missouri,XL,Brown,Winter,3.3,No,Debit Card,Standard,No,3,Bank Transfer,2,High,1,Youth,0,5,-1.40806390771471,0.27313464294043277,Premium Loyal Customers,1,Normal
57,Male,Sunglasses,Accessories,63,Michigan,L,Teal,Winter,3.0,No,PayPal,Standard,No,23,PayPal,2,High,1,Middle_Aged,0,7,-1.1369897716150028,0.07218692181579091,Premium Loyal Customers,1,Normal
40,Male,Skirt,Clothing,27,West Virginia,L,Red,Winter,3.6,No,Credit Card,Store Pickup,No,27,Cash,2,Low,0,Adult,0,1,0.22157455351785715,-1.8828888593110076,Occasional Low-Engagement Buyers,1,Normal
65,Male,Handbag,Accessories,44,Alabama,L,Brown,Summer,3.1,No,Bank Transfer,Store Pickup,No,44,Bank Transfer,1,Medium,0,Middle_Aged,0,1,0.055909982871844593,-1.4938868100771532,Family-Oriented Value Buyers,1,Normal
61,Male,Coat,Outerwear,23,New Hampshire,M,Yellow,Winter,2.9,No,Cash,Express,No,41,Venmo,4,Low,0,Middle_Aged,0,1,0.40532010022222026,-1.9998843548957643,Occasional Low-Engagement Buyers,1,Normal
34,Male,Skirt,Clothing,93,Montana,L,Teal,Winter,3.9,No,Bank Transfer,2-Day Shipping,No,41,Bank Transfer,3,Very_High,1,Young_Adult,0,3,-1.7370592291191336,0.9245634687266182,High-Value Premium Buyers,1,Normal
43,Male,Hoodie,Clothing,70,Wyoming,L,Pink,Fall,3.2,No,Credit Card,2-Day Shipping,No,36,Debit Card,7,High,1,Adult,0,3,-1.299583061992671,0.32205530996539017,Premium Loyal Customers,1,Normal
31,Male,Sunglasses,Accessories,85,Missouri,M,White,Fall,3.1,No,Credit Card,Express,No,38,Venmo,7,Very_High,1,Young_Adult,0,3,-1.5518734025475542,0.7016834222526777,High-Value Premium Buyers,1,Normal
57,Male,Sweater,Clothing,40,Ohio,M,Silver,Winter,3.2,No,PayPal,2-Day Shipping,No,34,Cash,3,Medium,0,Middle_Aged,0,1,0.042162844100613064,-1.6012645161188948,Family-Oriented Value Buyers,1,Normal
34,Male,Boots,Footwear,29,South Dakota,L,Blue,Winter,3.3,No,Debit Card,Store Pickup,No,14,Venmo,4,Low,0,Young_Adult,0,1,0.19463026606880873,-1.8949853754126476,Occasional Low-Engagement Buyers,1,Normal
25,Male,Skirt,Clothing,27,Colorado,L,Black,Fall,4.8,No,Venmo,Next Day Air,No,23,Credit Card,1,Low,0,Youth,0,1,0.11511964891728023,-1.816574589149546,Occasional Low-Engagement Buyers,1,Normal
66,Male,Dress,Clothing,93,Massachusetts,S,Beige,Fall,3.8,No,Debit Card,2-Day Shipping,No,18,Credit Card,1,Very_High,1,Senior,0,7,-1.7363524643960313,0.851111377589557,High-Value Premium Buyers,1,Normal
56,Male,Belt,Accessories,20,Delaware,XL,Charcoal,Spring,4.6,No,Cash,Next Day Air,No,45,Cash,6,Low,0,Middle_Aged,0,1,0.3591795467955108,-1.9556531109891286,Occasional Low-Engagement Buyers,1,Normal
49,Male,Jewelry,Accessories,55,New Hampshire,S,Cyan,Fall,2.8,No,PayPal,Free Shipping,No,14,Bank Transfer,2,Medium,0,Adult,0,1,-0.23428570150099692,-1.2910601292503687,Family-Oriented Value Buyers,1,Normal
19,Male,Dress,Clothing,94,Michigan,L,Yellow,Fall,3.6,No,Bank Transfer,Standard,No,48,Debit Card,3,Very_High,1,Youth,0,3,-1.7315872675817894,0.9686561552674484,High-Value Premium Buyers,1,Normal
27,Male,Hat,Accessories,56,Pennsylvania,M,Silver,Winter,4.3,No,Debit Card,Free Shipping,No,17,Venmo,5,Medium,0,Young_Adult,0,1,-0.361164583795859,-1.1614663625317427,Young Trend-Oriented Shoppers,1,Normal
68,Male,Sweater,Clothing,58,Louisiana,L,Green,Spring,4.0,No,Venmo,Next Day Air,No,1,PayPal,2,Medium,0,Senior,0,1,-0.3352551373761666,-1.2128543521460156,Family-Oriented Value Buyers,1,Normal
20,Male,Skirt,Clothing,44,Minnesota,XL,Peach,Spring,3.5,No,Credit Card,Standard,No,39,PayPal,2,Medium,0,Youth,0,1,-0.06861597195412446,-1.4505133452624928,Young Trend-Oriented Shoppers,1,Normal
21,Male,Hoodie,Clothing,95,Hawaii,S,Green,Fall,4.9,No,PayPal,2-Day Shipping,No,24,Cash,2,Very_High,1,Youth,0,5,-1.893110028549039,1.0096277313945317,High-Value Premium Buyers,1,Normal
36,Male,Sandals,Footwear,42,Idaho,M,Brown,Summer,3.1,No,Credit Card,Express,No,41,Bank Transfer,1,Medium,0,Adult,0,1,0.019800383783531682,-1.5215857743387429,Family-Oriented Value Buyers,1,Normal
37,Male,Jewelry,Accessories,93,Vermont,M,Lavender,Winter,3.9,No,Venmo,Store Pickup,No,28,PayPal,3,Very_High,1,Adult,0,3,-1.7468452133255945,0.8967134570161076,High-Value Premium Buyers,1,Normal
61,Male,Dress,Clothing,56,Delaware,M,Charcoal,Summer,3.0,No,PayPal,Store Pickup,No,34,Venmo,4,Medium,0,Middle_Aged,0,1,-0.18775293264196463,-1.226455465793262,Family-Oriented Value Buyers,1,Normal
68,Male,Hoodie,Clothing,88,New Mexico,M,Orange,Spring,4.1,No,Bank Transfer,2-Day Shipping,No,41,Venmo,4,Very_High,1,Senior,0,7,-1.6079400558148358,0.788980424085904,High-Value Premium Buyers,1,Normal
60,Male,Sweater,Clothing,54,Alaska,S,Cyan,Winter,4.3,No,Venmo,2-Day Shipping,No,27,Cash,5,Medium,0,Middle_Aged,0,1,-0.28880439486301884,-1.1767578009409017,Family-Oriented Value Buyers,1,Normal
69,Male,Jewelry,Accessories,89,Minnesota,L,Lavender,Fall,3.8,No,PayPal,2-Day Shipping,No,46,Debit Card,1,Very_High,1,Senior,0,7,-1.5876956156206303,0.8193118293000424,High-Value Premium Buyers,1,Normal
25,Male,Sandals,Footwear,45,Nebraska,M,Indigo,Summer,3.9,No,Venmo,2-Day Shipping,No,2,PayPal,7,Medium,0,Youth,0,1,-0.1722559276887186,-1.50606497736527,Young Trend-Oriented Shoppers,1,Normal
32,Male,Socks,Clothing,75,Alaska,L,Brown,Winter,4.3,No,Credit Card,Free Shipping,No,45,Cash,6,High,1,Young_Adult,0,3,-1.4564854471567064,0.5282793149839625,Premium Loyal Customers,1,Normal
53,Male,Backpack,Accessories,22,Michigan,M,Pink,Fall,4.3,No,Credit Card,Express,No,34,Bank Transfer,2,Low,0,Middle_Aged,0,1,0.27359580256461424,-1.946485082070803,Occasional Low-Engagement Buyers,1,Normal
46,Male,Shirt,Clothing,82,Indiana,XL,Turquoise,Fall,4.7,No,Credit Card,Store Pickup,No,9,Credit Card,3,Very_High,1,Adult,0,5,-1.6544795706644218,0.6277201814627249,High-Value Premium Buyers,1,Normal
58,Male,Shoes,Footwear,34,Hawaii,M,Gold,Summer,3.1,No,PayPal,2-Day Shipping,No,1,Bank Transfer,3,Low,0,Middle_Aged,0,1,0.10362167948205792,-1.8504472082865713,Occasional Low-Engagement Buyers,1,Normal
21,Male,Coat,Outerwear,92,West Virginia,M,Blue,Summer,2.7,No,Cash,Free Shipping,No,17,PayPal,3,Very_High,1,Youth,0,5,-1.678364714449724,0.7566082435248374,High-Value Premium Buyers,1,Normal
46,Male,Sweater,Clothing,78,New York,M,Lavender,Spring,3.7,No,Bank Transfer,Express,No,6,PayPal,2,High,1,Adult,0,5,-1.4966177870488582,0.4338320088102675,Premium Loyal Customers,1,Normal
18,Male,Jacket,Outerwear,47,Iowa,M,Violet,Spring,3.3,No,Bank Transfer,2-Day Shipping,No,12,Cash,5,Medium,0,Youth,0,1,-0.16100325439319868,-1.4648769586779715,Young Trend-Oriented Shoppers,1,Normal
56,Male,Jacket,Outerwear,64,Arizona,L,Cyan,Summer,3.4,No,Bank Transfer,Free Shipping,No,10,Venmo,7,High,1,Middle_Aged,0,3,-1.1952440322082956,0.07643063966876879,Premium Loyal Customers,1,Normal
18,Male,Sneakers,Footwear,44,Minnesota,L,Purple,Winter,4.7,No,Cash,Free Shipping,No,4,Cash,1,Medium,0,Youth,0,1,-0.20056632087505022,-1.4536531311157004,Young Trend-Oriented Shoppers,-1,Anomaly
49,Male,Belt,Accessories,94,Texas,M,Red,Winter,4.9,No,Debit Card,Store Pickup,No,8,Debit Card,5,Very_High,1,Adult,0,5,-1.846939442644836,0.9226328733604593,High-Value Premium Buyers,1,Normal
29,Male,Scarf,Accessories,62,Virginia,M,Charcoal,Winter,4.3,No,Bank Transfer,Free Shipping,No,41,Venmo,2,High,1,Young_Adult,0,3,-1.2170570573045436,0.2096349065252853,Premium Loyal Customers,1,Normal
67,Male,Jewelry,Accessories,81,North Dakota,S,Gray,Summer,4.2,No,Cash,Next Day Air,No,49,Credit Card,2,High,1,Senior,0,7,-1.4506115667278277,0.6690747088813811,High-Value Premium Buyers,1,Normal
31,Male,T-shirt,Clothing,33,Iowa,M,Pink,Fall,3.7,No,PayPal,Express,No,49,Bank Transfer,4,Low,0,Young_Adult,0,1,0.11103738011342099,-1.6666493672585676,Occasional Low-Engagement Buyers,1,Normal
52,Male,Pants,Clothing,88,Utah,M,Lavender,Fall,2.7,No,Credit Card,Next Day Air,No,40,Bank Transfer,1,Very_High,1,Middle_Aged,0,7,-1.554717397517105,0.7261308981010832,High-Value Premium Buyers,1,Normal
42,Male,Handbag,Accessories,49,Ohio,L,Lavender,Winter,3.3,No,Cash,Free Shipping,No,30,Credit Card,6,Medium,0,Adult,0,1,-0.12849411411954542,-1.3653767544525832,Family-Oriented Value Buyers,1,Normal
32,Male,Backpack,Accessories,31,Louisiana,L,Yellow,Summer,4.8,No,Cash,Standard,No,4,Debit Card,4,Low,0,Young_Adult,0,1,0.060468382719000714,-1.7758883526780844,Occasional Low-Engagement Buyers,1,Normal
47,Male,Gloves,Accessories,29,Iowa,S,Peach,Fall,4.1,No,Bank Transfer,Next Day Air,No,22,Venmo,6,Low,0,Adult,0,1,0.16603561858884436,-1.8171550216598964,Occasional Low-Engagement Buyers,1,Normal
45,Male,Jacket,Outerwear,34,Maryland,M,Brown,Spring,4.6,No,Debit Card,2-Day Shipping,No,22,Venmo,6,Low,0,Adult,0,1,0.05270655598424989,-1.7106659630194965,Occasional Low-Engagement Buyers,1,Normal
20,Male,Sweater,Clothing,38,Montana,L,Gold,Fall,4.9,No,Bank Transfer,2-Day Shipping,No,10,Bank Transfer,4,Low,0,Youth,0,1,-0.12693198357201285,-1.5823557002773996,Occasional Low-Engagement Buyers,1,Normal
66,Male,Blouse,Clothing,41,Illinois,L,Pink,Summer,3.1,No,PayPal,Store Pickup,No,23,Cash,5,Medium,0,Senior,0,1,0.033926492895526746,-1.625974625409048,Family-Oriented Value Buyers,1,Normal
52,Male,Blouse,Clothing,34,Arizona,L,Peach,Spring,3.0,No,PayPal,2-Day Shipping,No,43,Debit Card,4,Low,0,Middle_Aged,0,1,0.1789220300929678,-1.7260131603426843,Occasional Low-Engagement Buyers,1,Normal
50,Male,Gloves,Accessories,26,North Carolina,S,Violet,Summer,3.7,No,Credit Card,Store Pickup,No,31,PayPal,5,Low,0,Adult,0,1,0.25923003961095614,-1.8839067880830835,Occasional Low-Engagement Buyers,1,Normal
62,Male,Jeans,Clothing,98,Montana,S,Purple,Winter,4.0,No,Debit Card,Store Pickup,No,38,Cash,3,Very_High,1,Middle_Aged,0,7,-1.7899290094712248,1.0401966279681585,High-Value Premium Buyers,1,Normal
38,Male,Sneakers,Footwear,59,Iowa,M,Peach,Fall,3.0,No,Bank Transfer,Express,No,22,Debit Card,7,Medium,0,Adult,0,1,-0.30939170373730684,-1.1480189699764838,Family-Oriented Value Buyers,1,Normal
65,Male,Hat,Accessories,92,Iowa,S,White,Fall,3.8,No,Debit Card,Store Pickup,No,45,Cash,7,Very_High,1,Middle_Aged,0,7,-1.647311338137284,0.9139098257514373,High-Value Premium Buyers,1,Normal
60,Male,Backpack,Accessories,40,Ohio,L,Indigo,Spring,3.7,No,Bank Transfer,Express,No,21,Debit Card,1,Medium,0,Middle_Aged,0,1,0.04146370634152911,-1.5942773678394686,Family-Oriented Value Buyers,1,Normal
68,Male,Jeans,Clothing,20,Wisconsin,S,Violet,Fall,4.0,No,Debit Card,2-Day Shipping,No,9,Debit Card,1,Low,0,Senior,0,1,0.3106449528369089,-2.0849077140418775,Occasional Low-Engagement Buyers,1,Normal
62,Male,Skirt,Clothing,35,South Carolina,S,Brown,Spring,3.1,No,Debit Card,Store Pickup,No,34,Venmo,2,Low,0,Middle_Aged,0,1,0.1777408726445251,-1.726055783044739,Occasional Low-Engagement Buyers,1,Normal
62,Male,Belt,Accessories,35,Oregon,L,Maroon,Spring,3.9,No,PayPal,2-Day Shipping,No,26,Venmo,2,Low,0,Middle_Aged,0,1,0.1166403573273242,-1.7113400620508277,Occasional Low-Engagement Buyers,1,Normal
40,Male,Dress,Clothing,82,North Dakota,L,Magenta,Winter,3.7,No,Credit Card,Express,No,1,Cash,2,Very_High,1,Adult,0,5,-1.5937952842270904,0.5419258278989182,High-Value Premium Buyers,1,Normal
32,Male,Hoodie,Clothing,48,California,M,Charcoal,Fall,3.9,No,Debit Card,Express,No,47,Venmo,2,Medium,0,Young_Adult,0,1,-0.13373221453417433,-1.3088233164342538,Young Trend-Oriented Shoppers,1,Normal
22,Male,Coat,Outerwear,58,Mississippi,XL,Indigo,Winter,2.7,No,Cash,Express,No,30,Credit Card,2,Medium,0,Youth,0,1,-0.2572246844389402,-1.1678714448313814,Young Trend-Oriented Shoppers,1,Normal
33,Male,Sweater,Clothing,57,New Jersey,M,Turquoise,Spring,3.9,No,Credit Card,Express,No,48,Debit Card,1,Medium,0,Young_Adult,0,1,-0.2743886470226243,-1.0752268922375932,Young Trend-Oriented Shoppers,1,Normal
57,Male,Shorts,Clothing,96,Rhode Island,L,Turquoise,Winter,2.6,No,Bank Transfer,Store Pickup,No,31,Venmo,5,Very_High,1,Middle_Aged,0,7,-1.6749838741631091,0.8780508325813615,High-Value Premium Buyers,1,Normal
60,Male,Sneakers,Footwear,97,New Hampshire,S,Gray,Summer,3.5,No,PayPal,Free Shipping,No,33,Venmo,1,Very_High,1,Middle_Aged,0,7,-1.7302864528879205,0.9649587946488157,High-Value Premium Buyers,1,Normal
30,Male,Sweater,Clothing,42,Louisiana,L,Peach,Winter,4.4,No,Debit Card,Next Day Air,No,39,Credit Card,2,Medium,0,Young_Adult,0,1,-0.06109242421324644,-1.454714687021528,Young Trend-Oriented Shoppers,1,Normal
41,Male,T-shirt,Clothing,62,Arizona,L,Gold,Spring,4.9,No,Venmo,Store Pickup,No,46,Debit Card,2,High,1,Adult,0,3,-1.2240806464147056,0.26147388621733314,Premium Loyal Customers,1,Normal
58,Male,Handbag,Accessories,67,Rhode Island,M,Green,Fall,3.9,No,Credit Card,Standard,No,24,Venmo,3,High,1,Middle_Aged,0,3,-1.291448349045351,0.2417811357639321,Premium Loyal Customers,1,Normal
34,Male,Sneakers,Footwear,46,Vermont,L,Gold,Summer,3.5,No,PayPal,Standard,No,37,Venmo,1,Medium,0,Young_Adult,0,1,-0.047901055569130865,-1.4258708604001296,Young Trend-Oriented Shoppers,1,Normal
67,Male,Jacket,Outerwear,71,Tennessee,M,Lavender,Spring,4.3,No,Credit Card,Next Day Air,No,7,Debit Card,6,High,1,Senior,0,3,-1.3750277510591122,0.2963912537135237,Premium Loyal Customers,1,Normal
58,Male,Backpack,Accessories,99,Alaska,S,Blue,Fall,3.4,No,Credit Card,Free Shipping,No,6,Debit Card,1,Very_High,1,Middle_Aged,0,3,-1.8448020727649699,0.9649847125438312,High-Value Premium Buyers,1,Normal
41,Male,Jeans,Clothing,28,Maryland,M,Magenta,Fall,2.7,No,Credit Card,Standard,No,16,Cash,5,Low,0,Adult,0,1,0.21244294767234267,-1.9512227985320296,Occasional Low-Engagement Buyers,1,Normal
42,Male,Belt,Accessories,77,Wisconsin,L,Blue,Summer,3.6,No,Bank Transfer,Standard,No,33,Bank Transfer,3,High,1,Adult,0,3,-1.4031433435178216,0.4733664380473714,Premium Loyal Customers,1,Normal
50,Male,Boots,Footwear,63,Nevada,S,Blue,Summer,4.9,No,Venmo,Express,No,18,PayPal,5,High,1,Adult,0,3,-1.2877084416655882,0.20774667057986534,Premium Loyal Customers,1,Normal
40,Male,Shorts,Clothing,62,Illinois,M,Olive,Spring,3.5,No,Credit Card,Free Shipping,No,24,PayPal,2,High,1,Adult,0,3,-1.1996218145072965,0.09446894315373093,Premium Loyal Customers,1,Normal
32,Male,Jeans,Clothing,92,Montana,M,White,Summer,3.8,No,Debit Card,Free Shipping,No,24,Cash,4,Very_High,1,Young_Adult,0,5,-1.7387978971289189,0.842019198382492,High-Value Premium Buyers,1,Normal
51,Male,Shoes,Footwear,72,New Mexico,L,White,Winter,4.5,No,Venmo,2-Day Shipping,No,48,Credit Card,7,High,1,Middle_Aged,0,7,-1.369570252508387,0.4836990144603532,Premium Loyal Customers,1,Normal
26,Male,Hat,Accessories,79,Virginia,M,Purple,Summer,4.0,No,Venmo,Express,No,4,Cash,2,High,1,Young_Adult,0,5,-1.553223334948729,0.5051194736569689,Premium Loyal Customers,1,Normal
32,Male,T-shirt,Clothing,27,Delaware,M,White,Summer,4.7,No,Credit Card,Free Shipping,No,20,Cash,2,Low,0,Young_Adult,0,1,0.11879144997426316,-1.8382395439030415,Occasional Low-Engagement Buyers,1,Normal
58,Male,Sunglasses,Accessories,39,North Carolina,M,White,Fall,3.8,No,Credit Card,Express,No,47,Debit Card,7,Low,0,Middle_Aged,0,1,0.04897124856984316,-1.5111259310613123,Occasional Low-Engagement Buyers,1,Normal
51,Male,Socks,Clothing,86,Nevada,S,Peach,Spring,4.5,No,Cash,Next Day Air,No,50,Cash,4,Very_High,1,Middle_Aged,0,7,-1.597436044702295,0.8173358658731229,High-Value Premium Buyers,1,Normal
19,Male,Shirt,Clothing,94,Washington,XL,Gold,Fall,5.0,No,PayPal,Express,No,31,PayPal,6,Very_High,1,Youth,0,5,-1.8753552478503543,1.0024282572752663,High-Value Premium Buyers,-1,Anomaly
57,Male,Shorts,Clothing,53,Maine,M,Teal,Spring,2.8,No,Credit Card,Express,No,29,PayPal,4,Medium,0,Middle_Aged,0,1,-0.1629179312776764,-1.3124998241437293,Family-Oriented Value Buyers,1,Normal
66,Male,Shirt,Clothing,85,Connecticut,S,Cyan,Summer,4.4,No,Cash,Standard,No,4,Cash,3,Very_High,1,Senior,0,3,-1.6390361683904826,0.6426652301001936,High-Value Premium Buyers,1,Normal
62,Male,Socks,Clothing,50,Louisiana,L,Pink,Fall,4.7,No,Cash,Free Shipping,No,40,Bank Transfer,5,Medium,0,Middle_Aged,0,1,-0.2256600159115345,-1.2470554757375043,Family-Oriented Value Buyers,1,Normal
58,Male,Pants,Clothing,47,Illinois,XL,Magenta,Winter,3.8,No,Credit Card,Express,No,31,Cash,6,Medium,0,Middle_Aged,0,1,-0.12313436534126344,-1.3835673791654524,Family-Oriented Value Buyers,1,Normal
23,Male,Boots,Footwear,75,South Dakota,M,Pink,Winter,4.9,No,Bank Transfer,Next Day Air,No,41,Credit Card,2,High,1,Youth,0,5,-1.4913421954538877,0.5597633900354382,Premium Loyal Customers,1,Normal
45,Male,T-shirt,Clothing,60,Indiana,M,Turquoise,Winter,4.2,No,PayPal,Express,No,44,Debit Card,3,Medium,0,Adult,0,1,-0.35505941789617274,-0.9995649406359051,Premium Loyal Customers,1,Normal
20,Male,T-shirt,Clothing,36,Vermont,S,Pink,Spring,4.9,No,Cash,2-Day Shipping,No,31,Bank Transfer,2,Low,0,Youth,0,1,-0.03993228932214134,-1.5603406466859024,Occasional Low-Engagement Buyers,1,Normal
33,Male,Coat,Outerwear,80,New Hampshire,L,Gray,Spring,3.9,No,Debit Card,Express,No,45,Cash,7,High,1,Young_Adult,0,3,-1.4603895381331637,0.6113897377207503,High-Value Premium Buyers,1,Normal
30,Male,Hat,Accessories,96,Oregon,M,White,Spring,4.9,No,Venmo,2-Day Shipping,No,50,Credit Card,4,Very_High,1,Young_Adult,0,3,-1.8283205843698191,1.104273853321584,High-Value Premium Buyers,1,Normal
50,Male,Sunglasses,Accessories,80,Kansas,M,Blue,Winter,4.8,No,Credit Card,Express,No,7,Venmo,3,High,1,Adult,0,5,-1.6082974276116324,0.5672158191914265,High-Value Premium Buyers,1,Normal
62,Male,Blouse,Clothing,71,Maine,M,Cyan,Summer,3.3,No,Bank Transfer,Free Shipping,No,5,Bank Transfer,7,High,1,Middle_Aged,0,3,-1.351709746543375,0.22655300573375886,Premium Loyal Customers,1,Normal
69,Male,Jewelry,Accessories,29,Louisiana,M,Blue,Fall,4.6,No,Debit Card,Free Shipping,No,48,Cash,6,Low,0,Senior,0,1,0.18816326201727657,-1.7545549695084883,Occasional Low-Engagement Buyers,1,Normal
34,Male,Jewelry,Accessories,53,Louisiana,M,Yellow,Spring,4.5,No,Bank Transfer,2-Day Shipping,No,19,PayPal,1,Medium,0,Young_Adult,0,1,-0.2970465796805159,-1.2374868294235561,Young Trend-Oriented Shoppers,1,Normal
49,Male,Skirt,Clothing,35,Indiana,M,Charcoal,Summer,4.1,No,Venmo,2-Day Shipping,No,39,Venmo,1,Low,0,Adult,0,1,0.09332067133270737,-1.6381748497911177,Occasional Low-Engagement Buyers,1,Normal
65,Male,Scarf,Accessories,75,Kentucky,M,Lavender,Fall,3.2,No,Cash,2-Day Shipping,No,45,Credit Card,4,High,1,Middle_Aged,0,7,-1.3407014987538204,0.45057275245147244,Premium Loyal Customers,1,Normal
66,Male,Pants,Clothing,52,South Carolina,M,Teal,Fall,4.2,No,Cash,2-Day Shipping,No,35,Credit Card,6,Medium,0,Senior,0,1,-0.22518005222541954,-1.236307658505279,Family-Oriented Value Buyers,1,Normal
41,Male,Hat,Accessories,77,Montana,M,Beige,Winter,4.8,No,PayPal,Free Shipping,No,8,Venmo,6,High,1,Adult,0,5,-1.5599495338629457,0.4994417387427177,Premium Loyal Customers,1,Normal
37,Male,Gloves,Accessories,24,Vermont,L,Blue,Fall,4.1,No,Credit Card,Next Day Air,No,11,Credit Card,4,Low,0,Adult,0,1,0.20684010554812643,-1.9697796541070012,Occasional Low-Engagement Buyers,1,Normal
32,Male,Shirt,Clothing,78,Mississippi,XL,Purple,Winter,3.7,No,Venmo,Store Pickup,No,32,Cash,3,High,1,Young_Adult,0,3,-1.4857155152267785,0.5491454677489922,Premium Loyal Customers,1,Normal
42,Male,Sandals,Footwear,98,Wyoming,M,Gold,Winter,2.6,No,Cash,Store Pickup,No,46,Bank Transfer,7,Very_High,1,Adult,0,7,-1.7111724892649418,0.9862909965564044,High-Value Premium Buyers,-1,Anomaly
31,Male,Socks,Clothing,57,Vermont,L,Blue,Winter,3.0,No,Debit Card,Standard,No,7,PayPal,7,Medium,0,Young_Adult,0,1,-0.3012321186204595,-1.275920358064509,Young Trend-Oriented Shoppers,1,Normal
61,Male,Handbag,Accessories,78,Alabama,M,Black,Summer,4.4,No,Bank Transfer,Express,No,1,Debit Card,3,High,1,Middle_Aged,0,3,-1.5223174252099563,0.4630630142507887,Premium Loyal Customers,1,Normal
36,Male,Jacket,Outerwear,76,Kentucky,M,Charcoal,Fall,4.7,No,Bank Transfer,Next Day Air,No,32,Credit Card,6,High,1,Adult,0,3,-1.4928210478449433,0.5247595684824902,Premium Loyal Customers,1,Normal
60,Male,Shorts,Clothing,26,South Dakota,M,Purple,Spring,2.7,No,Venmo,2-Day Shipping,No,31,Credit Card,3,Low,0,Middle_Aged,0,1,0.3117261651242869,-1.9691188955348309,Occasional Low-Engagement Buyers,1,Normal
51,Male,Sandals,Footwear,78,Delaware,M,Orange,Winter,2.8,No,Debit Card,2-Day Shipping,No,39,Bank Transfer,4,High,1,Middle_Aged,0,7,-1.384413996845984,0.472684394881314,Premium Loyal Customers,1,Normal
68,Male,Scarf,Accessories,53,Wisconsin,M,Yellow,Summer,2.9,No,Debit Card,Standard,No,9,Venmo,4,Medium,0,Senior,0,1,-0.15215175723601365,-1.3909612282743282,Family-Oriented Value Buyers,1,Normal
46,Male,Sandals,Footwear,100,Arizona,XL,Cyan,Summer,4.4,No,Debit Card,Free Shipping,No,49,Credit Card,2,Very_High,1,Adult,0,7,-1.8430206744989337,1.1286991844150522,High-Value Premium Buyers,1,Normal
19,Male,Jeans,Clothing,73,Maine,XL,Yellow,Winter,2.7,No,Credit Card,Express,No,34,Cash,7,High,1,Youth,0,3,-1.3500042949487958,0.37969003125482315,Premium Loyal Customers,-1,Anomaly
30,Male,Skirt,Clothing,40,New Mexico,M,Maroon,Winter,4.5,No,Credit Card,Store Pickup,No,35,Bank Transfer,6,Medium,0,Young_Adult,0,1,-0.07799796279723502,-1.4857597147271933,Young Trend-Oriented Shoppers,1,Normal
51,Male,Gloves,Accessories,76,Wyoming,S,Black,Winter,2.8,No,Credit Card,Store Pickup,No,50,Debit Card,2,High,1,Middle_Aged,0,7,-1.312290192224579,0.4983720992548642,Premium Loyal Customers,1,Normal
28,Male,Skirt,Clothing,80,Delaware,S,Lavender,Fall,3.1,No,Venmo,Free Shipping,No,4,Bank Transfer,1,High,1,Young_Adult,0,5,-1.5491313802232902,0.48629001867206156,High-Value Premium Buyers,1,Normal
41,Male,Sweater,Clothing,80,Pennsylvania,XL,Violet,Winter,3.8,No,Cash,Store Pickup,No,32,Cash,2,High,1,Adult,0,3,-1.5023626898567666,0.5926896633380478,High-Value Premium Buyers,1,Normal
29,Male,Blouse,Clothing,67,North Dakota,XL,Olive,Spring,2.9,No,Bank Transfer,Express,No,11,PayPal,1,High,1,Young_Adult,0,5,-1.2713093647988358,0.1515541007928644,Premium Loyal Customers,1,Normal
25,Male,Sweater,Clothing,61,Kentucky,M,Teal,Spring,3.8,No,Credit Card,Express,No,49,Credit Card,3,High,1,Youth,0,3,-1.1679631807132387,0.17943464266649145,Premium Loyal Customers,1,Normal
60,Male,Shirt,Clothing,76,Rhode Island,XL,Teal,Spring,4.7,No,Bank Transfer,Standard,No,9,Cash,3,High,1,Middle_Aged,0,3,-1.5101044689335807,0.4532143115898085,Premium Loyal Customers,1,Normal
63,Male,Jewelry,Accessories,55,Arizona,XL,Beige,Summer,3.2,No,Venmo,Free Shipping,No,30,PayPal,5,Medium,0,Middle_Aged,0,1,-0.20644679876467548,-1.2357806417189077,Family-Oriented Value Buyers,1,Normal
51,Male,T-shirt,Clothing,85,Colorado,L,Maroon,Summer,4.0,No,Cash,Next Day Air,No,33,Cash,6,Very_High,1,Middle_Aged,0,3,-1.564272740419878,0.6946433808507925,High-Value Premium Buyers,1,Normal
22,Male,Scarf,Accessories,69,Maine,S,Peach,Spring,4.9,No,Venmo,2-Day Shipping,No,8,Debit Card,3,High,1,Youth,0,5,-1.4473148167539778,0.3490626516770698,Premium Loyal Customers,1,Normal
54,Male,Belt,Accessories,26,New Jersey,L,Beige,Summer,3.7,No,Credit Card,Store Pickup,No,29,Debit Card,1,Low,0,Middle_Aged,0,1,0.2885638126373417,-1.9026506269427568,Occasional Low-Engagement Buyers,1,Normal
18,Male,T-shirt,Clothing,64,Kansas,M,Silver,Summer,4.8,No,Credit Card,Next Day Air,No,4,Credit Card,6,High,1,Youth,0,5,-1.371239419655069,0.17585810710056884,Premium Loyal Customers,1,Normal
29,Male,Sneakers,Footwear,60,South Dakota,S,Peach,Fall,3.6,No,Bank Transfer,Standard,No,19,Debit Card,6,Medium,0,Young_Adult,0,1,-0.37515836940916714,-1.0901998677155966,Premium Loyal Customers,1,Normal
59,Male,Gloves,Accessories,36,New Hampshire,M,Turquoise,Winter,4.6,No,Debit Card,Express,No,10,PayPal,1,Low,0,Middle_Aged,0,1,0.007405464319995551,-1.676734752317077,Occasional Low-Engagement Buyers,1,Normal
25,Male,Sandals,Footwear,21,Connecticut,L,Orange,Spring,4.3,No,Venmo,2-Day Shipping,No,39,Debit Card,6,Low,0,Youth,0,1,0.2977546359163869,-1.948486410681385,Occasional Low-Engagement Buyers,1,Normal
19,Male,Backpack,Accessories,72,Wyoming,S,Cyan,Fall,3.2,No,Bank Transfer,2-Day Shipping,No,21,Venmo,4,High,1,Youth,0,5,-1.3773321731314363,0.35336669131692294,Premium Loyal Customers,1,Normal
56,Male,Pants,Clothing,62,Missouri,S,Silver,Summer,3.8,No,Venmo,Store Pickup,No,12,Bank Transfer,6,High,1,Middle_Aged,0,3,-1.1925273448908316,0.08636876421176479,Premium Loyal Customers,1,Normal
31,Male,T-shirt,Clothing,44,Alaska,XL,Gold,Winter,4.2,No,Debit Card,Standard,No,9,Credit Card,1,Medium,0,Young_Adult,0,1,-0.16388830685488243,-1.4850257105982545,Young Trend-Oriented Shoppers,1,Normal
45,Male,Skirt,Clothing,52,Delaware,M,Brown,Fall,3.4,No,Debit Card,2-Day Shipping,No,20,Venmo,4,Medium,0,Adult,0,1,-0.22452133226983378,-1.3316348082600657,Family-Oriented Value Buyers,1,Normal
23,Male,Gloves,Accessories,58,Indiana,M,Silver,Spring,4.7,No,Bank Transfer,Next Day Air,No,44,Cash,1,Medium,0,Youth,0,1,-0.3443255460538575,-1.0211443450907531,Young Trend-Oriented Shoppers,1,Normal
18,Male,Blouse,Clothing,77,West Virginia,S,Beige,Spring,3.9,No,PayPal,2-Day Shipping,No,16,Debit Card,7,High,1,Youth,0,5,-1.5183377995626095,0.4989404580254035,Premium Loyal Customers,1,Normal
43,Male,Blouse,Clothing,99,Wyoming,L,Violet,Spring,4.3,No,Debit Card,Store Pickup,No,27,Debit Card,1,Very_High,1,Adult,0,3,-1.8483003797836837,1.0476574379011425,High-Value Premium Buyers,1,Normal
56,Male,Jeans,Clothing,96,Illinois,XL,Violet,Fall,2.7,No,Bank Transfer,Standard,No,14,Cash,7,Very_High,1,Middle_Aged,0,3,-1.7397428502125363,0.8429811481311695,High-Value Premium Buyers,1,Normal
43,Male,T-shirt,Clothing,64,Alaska,M,Lavender,Summer,4.6,No,Credit Card,Standard,No,24,Credit Card,6,High,1,Adult,0,3,-1.2969144740184761,0.21056907806156047,Premium Loyal Customers,1,Normal
64,Male,Sweater,Clothing,44,Wisconsin,XL,Red,Fall,2.9,No,Credit Card,Express,No,49,Bank Transfer,2,Medium,0,Middle_Aged,0,1,0.02809329590892294,-1.4659924409886171,Family-Oriented Value Buyers,1,Normal
67,Male,Pants,Clothing,33,Indiana,L,Purple,Fall,3.6,No,Cash,Free Shipping,No,14,Cash,2,Low,0,Senior,0,1,0.12188048795557682,-1.7939131831156956,Occasional Low-Engagement Buyers,1,Normal
63,Male,Boots,Footwear,71,Tennessee,M,Brown,Winter,3.9,No,Debit Card,Next Day Air,No,6,Credit Card,4,High,1,Middle_Aged,0,3,-1.3742798390511337,0.27574093199543004,Premium Loyal Customers,1,Normal
54,Male,Skirt,Clothing,36,Illinois,M,Gray,Fall,2.6,No,Credit Card,Standard,No,20,Venmo,4,Low,0,Middle_Aged,0,1,0.10897605969268435,-1.7564708554667037,Occasional Low-Engagement Buyers,1,Normal
69,Male,Gloves,Accessories,62,Pennsylvania,L,Pink,Fall,3.6,No,Cash,Express,No,3,Credit Card,3,High,1,Senior,0,3,-1.2049738323250256,0.044563487481133784,Premium Loyal Customers,1,Normal
34,Male,Socks,Clothing,29,Oklahoma,L,Magenta,Summer,3.4,No,Credit Card,Store Pickup,No,5,Credit Card,6,Low,0,Young_Adult,0,1,0.15689378050873745,-1.924794719027024,Occasional Low-Engagement Buyers,1,Normal
56,Male,T-shirt,Clothing,33,Tennessee,L,Charcoal,Spring,3.5,No,Debit Card,Express,No,46,Cash,5,Low,0,Middle_Aged,0,1,0.1850015466341305,-1.7132478833722977,Occasional Low-Engagement Buyers,1,Normal
34,Male,Blouse,Clothing,33,New Jersey,L,Yellow,Fall,3.1,No,PayPal,2-Day Shipping,No,8,Debit Card,6,Low,0,Young_Adult,0,1,0.08966711157837454,-1.829247535233549,Occasional Low-Engagement Buyers,1,Normal
58,Male,Blouse,Clothing,41,New Jersey,M,Red,Winter,4.3,No,Bank Transfer,Standard,No,13,Cash,5,Medium,0,Middle_Aged,0,1,-0.08818820987031094,-1.5680246270801685,Family-Oriented Value Buyers,1,Normal
44,Male,Scarf,Accessories,54,Tennessee,L,Blue,Winter,5.0,No,Debit Card,Store Pickup,No,25,Bank Transfer,4,Medium,0,Adult,0,1,-0.3195401653303134,-1.163306869104379,Family-Oriented Value Buyers,1,Normal
25,Male,Backpack,Accessories,58,Georgia,M,Cyan,Spring,4.9,No,PayPal,Store Pickup,No,39,Debit Card,1,Medium,0,Youth,0,1,-0.3725491160813602,-1.010193862079231,Young Trend-Oriented Shoppers,-1,Anomaly
27,Male,Shorts,Clothing,30,Arizona,S,Pink,Summer,4.3,No,Bank Transfer,Next Day Air,No,15,Bank Transfer,5,Low,0,Young_Adult,0,1,0.08648610018922165,-1.794705090519063,Occasional Low-Engagement Buyers,1,Normal
26,Male,Jewelry,Accessories,53,Nevada,S,Maroon,Winter,4.4,No,Credit Card,Standard,No,35,Cash,6,Medium,0,Young_Adult,0,1,-0.27896725570695907,-1.1604705956480557,Young Trend-Oriented Shoppers,1,Normal
18,Male,Gloves,Accessories,91,Arkansas,L,Beige,Spring,4.4,No,Cash,Next Day Air,No,46,Cash,5,Very_High,1,Youth,0,3,-1.7061547242275645,0.9394546709126034,High-Value Premium Buyers,1,Normal
64,Male,Hoodie,Clothing,44,North Dakota,XL,Gold,Fall,3.5,No,Cash,Express,No,3,PayPal,6,Medium,0,Middle_Aged,0,1,-0.09872790290295126,-1.5606208805619364,Family-Oriented Value Buyers,1,Normal
62,Male,Hoodie,Clothing,89,South Dakota,XL,Turquoise,Winter,3.4,No,Bank Transfer,Free Shipping,No,48,Credit Card,2,Very_High,1,Middle_Aged,0,7,-1.585559559974131,0.7980949986910914,High-Value Premium Buyers,1,Normal
59,Male,Skirt,Clothing,57,North Carolina,L,Peach,Spring,2.5,No,Debit Card,Next Day Air,No,27,Bank Transfer,2,Medium,0,Middle_Aged,0,1,-0.1804778128898581,-1.2675932929557243,Family-Oriented Value Buyers,1,Normal
36,Male,Sunglasses,Accessories,57,Hawaii,M,Lavender,Spring,3.4,No,Debit Card,Store Pickup,No,5,Credit Card,2,Medium,0,Adult,0,1,-0.31256365685802945,-1.24548884457985,Family-Oriented Value Buyers,1,Normal
69,Male,Jewelry,Accessories,74,New Hampshire,M,Gray,Summer,2.6,No,Venmo,Next Day Air,No,48,Debit Card,4,High,1,Senior,0,7,-1.2344514988884605,0.3980853296471595,Premium Loyal Customers,1,Normal
39,Male,Jacket,Outerwear,30,California,M,Blue,Fall,4.6,No,Bank Transfer,2-Day Shipping,No,12,Venmo,2,Low,0,Adult,0,1,0.0753076519834594,-1.8182409485985254,Occasional Low-Engagement Buyers,1,Normal
28,Male,Dress,Clothing,20,Delaware,L,Red,Summer,3.7,No,Venmo,Express,No,10,PayPal,1,Low,0,Young_Adult,0,1,0.30984801902611836,-2.0946362382613506,Occasional Low-Engagement Buyers,1,Normal
42,Male,Hoodie,Clothing,90,Arizona,M,Purple,Fall,2.5,No,Credit Card,Free Shipping,No,48,Debit Card,5,Very_High,1,Adult,0,7,-1.5995961336716675,0.8053600187666895,High-Value Premium Buyers,1,Normal
31,Male,Jeans,Clothing,61,Washington,L,Indigo,Fall,4.5,No,Debit Card,Express,No,3,Debit Card,6,High,1,Young_Adult,0,5,-1.2805106859040347,0.08931943577866674,Premium Loyal Customers,1,Normal
57,Male,Sandals,Footwear,51,Nevada,M,Gold,Fall,2.9,No,Cash,Standard,No,19,Venmo,6,Medium,0,Middle_Aged,0,1,-0.14572355166642675,-1.387940388387268,Family-Oriented Value Buyers,1,Normal
53,Male,Sunglasses,Accessories,97,Alaska,L,Teal,Winter,2.9,No,Venmo,Free Shipping,No,11,Debit Card,1,Very_High,1,Middle_Aged,0,3,-1.7569703373268317,0.8954832562997131,High-Value Premium Buyers,1,Normal
59,Male,Pants,Clothing,97,Texas,L,Magenta,Fall,3.5,No,PayPal,Next Day Air,No,25,Venmo,6,Very_High,1,Middle_Aged,0,7,-1.762208696061965,0.9250813693116539,High-Value Premium Buyers,1,Normal
32,Male,Shorts,Clothing,40,New York,L,Maroon,Winter,4.2,No,Venmo,Store Pickup,No,42,PayPal,2,Medium,0,Young_Adult,0,1,-0.02126214038666023,-1.4884498541924835,Young Trend-Oriented Shoppers,1,Normal
65,Male,Jewelry,Accessories,85,Iowa,S,Blue,Summer,3.3,No,Debit Card,Free Shipping,No,34,Cash,4,Very_High,1,Middle_Aged,0,7,-1.5044206553311132,0.657274526213117,High-Value Premium Buyers,1,Normal
56,Male,Socks,Clothing,76,Arizona,S,Beige,Winter,3.9,No,Venmo,Store Pickup,No,50,Cash,4,High,1,Middle_Aged,0,7,-1.4006786868501562,0.5537362379398612,Premium Loyal Customers,1,Normal
31,Male,Sandals,Footwear,22,New Mexico,S,Olive,Spring,5.0,No,Bank Transfer,Store Pickup,No,21,Venmo,6,Low,0,Young_Adult,0,1,0.22070045015798634,-1.9340246520619864,Occasional Low-Engagement Buyers,1,Normal
59,Male,Pants,Clothing,63,North Carolina,M,Gold,Summer,3.3,No,Bank Transfer,Standard,No,37,Bank Transfer,2,High,1,Middle_Aged,0,7,-1.1320767779504617,0.11896659260204481,Premium Loyal Customers,1,Normal
22,Male,T-shirt,Clothing,71,Nevada,S,Silver,Spring,4.2,No,PayPal,Free Shipping,No,46,Cash,6,High,1,Youth,0,3,-1.3731776144599062,0.4388734178930541,Premium Loyal Customers,1,Normal
47,Male,Boots,Footwear,35,Idaho,M,Teal,Summer,4.9,No,Debit Card,2-Day Shipping,No,14,Bank Transfer,1,Low,0,Adult,0,1,-0.005022957350335477,-1.6693314432986768,Occasional Low-Engagement Buyers,1,Normal
23,Male,Backpack,Accessories,30,Vermont,M,Green,Spring,4.6,No,Bank Transfer,2-Day Shipping,No,24,PayPal,1,Low,0,Youth,0,1,0.08369516332354363,-1.759164990525682,Occasional Low-Engagement Buyers,1,Normal
69,Male,Skirt,Clothing,74,New Mexico,L,Orange,Fall,4.8,No,Cash,Store Pickup,No,36,Credit Card,7,High,1,Senior,0,7,-1.4277751590638976,0.4969618995805531,Premium Loyal Customers,1,Normal
18,Male,Scarf,Accessories,71,Georgia,XL,Charcoal,Winter,2.7,No,Credit Card,Next Day Air,No,19,Debit Card,5,High,1,Youth,0,5,-1.3282078970513553,0.3031166071010743,Premium Loyal Customers,1,Normal
50,Male,Sweater,Clothing,84,Kentucky,S,Black,Spring,4.3,No,PayPal,Store Pickup,No,12,Credit Card,6,Very_High,1,Adult,0,3,-1.6200436314641637,0.641811690860482,High-Value Premium Buyers,1,Normal
29,Male,Sandals,Footwear,38,New York,S,Yellow,Fall,3.8,No,Venmo,Express,No,13,Debit Card,4,Low,0,Young_Adult,0,1,-0.03121439260419591,-1.6066273462739697,Occasional Low-Engagement Buyers,1,Normal
65,Male,Jewelry,Accessories,81,Arizona,M,Gray,Spring,4.9,No,Credit Card,Express,No,32,Debit Card,5,High,1,Middle_Aged,0,7,-1.564135214977829,0.6749778035089156,High-Value Premium Buyers,1,Normal
29,Male,Sweater,Clothing,56,Colorado,S,Charcoal,Winter,3.4,No,Cash,2-Day Shipping,No,5,Credit Card,5,Medium,0,Young_Adult,0,1,-0.3368522184516763,-1.230283780685078,Young Trend-Oriented Shoppers,1,Normal
49,Male,Skirt,Clothing,48,Kentucky,M,Peach,Winter,3.6,No,Venmo,Express,No,29,Cash,3,Medium,0,Adult,0,1,-0.14692715598282524,-1.3759480857038537,Family-Oriented Value Buyers,1,Normal
28,Male,Shorts,Clothing,97,Alaska,L,Green,Fall,3.4,No,Venmo,Standard,No,40,Credit Card,1,Very_High,1,Young_Adult,0,3,-1.7851394110756569,1.0093880813627658,High-Value Premium Buyers,1,Normal
51,Male,Backpack,Accessories,74,Alabama,M,Magenta,Fall,4.7,No,PayPal,2-Day Shipping,No,44,Cash,2,High,1,Middle_Aged,0,7,-1.4346313081871809,0.5054347669964763,Premium Loyal Customers,1,Normal
26,Male,Hoodie,Clothing,50,Connecticut,S,Beige,Winter,3.0,No,PayPal,Next Day Air,No,3,Debit Card,5,Medium,0,Young_Adult,0,1,-0.19894900057660964,-1.410371844291569,Young Trend-Oriented Shoppers,1,Normal
38,Male,Skirt,Clothing,71,Hawaii,L,Black,Winter,3.4,No,Venmo,Free Shipping,No,35,PayPal,5,High,1,Adult,0,3,-1.3367114135210572,0.34987379465301344,Premium Loyal Customers,1,Normal
35,Male,Skirt,Clothing,33,Idaho,S,Purple,Summer,4.6,No,PayPal,Standard,No,33,Debit Card,6,Low,0,Young_Adult,0,1,0.07385624409157203,-1.661588703359765,Occasional Low-Engagement Buyers,1,Normal
34,Male,Backpack,Accessories,56,Virginia,M,Olive,Summer,3.1,No,Credit Card,Express,No,20,PayPal,5,Medium,0,Young_Adult,0,1,-0.26690303533340676,-1.2318270514289622,Young Trend-Oriented Shoppers,1,Normal
51,Male,Blouse,Clothing,84,Connecticut,M,Purple,Spring,2.8,No,Bank Transfer,Standard,No,40,Cash,7,Very_High,1,Middle_Aged,0,7,-1.4804427294909692,0.6114174291243064,High-Value Premium Buyers,1,Normal
47,Male,Shirt,Clothing,36,Michigan,M,Green,Fall,3.5,No,Cash,Store Pickup,No,13,Venmo,3,Low,0,Adult,0,1,0.03358656061748318,-1.7075367342169683,Occasional Low-Engagement Buyers,1,Normal
18,Male,Gloves,Accessories,63,Kentucky,S,Peach,Summer,4.6,No,PayPal,Standard,No,9,PayPal,6,High,1,Youth,0,5,-1.308042370102731,0.15517580269128517,Premium Loyal Customers,1,Normal
64,Male,Sandals,Footwear,36,Nebraska,XL,Blue,Summer,4.3,No,PayPal,Standard,No,7,Cash,3,Low,0,Middle_Aged,0,1,0.02538141624833347,-1.7247583978303087,Occasional Low-Engagement Buyers,1,Normal
30,Male,Jacket,Outerwear,63,Michigan,M,Gray,Fall,4.8,No,Venmo,Free Shipping,No,42,PayPal,4,High,1,Young_Adult,0,3,-1.2912178528334,0.2627524508547666,Premium Loyal Customers,1,Normal
59,Male,Sneakers,Footwear,32,Utah,L,Black,Winter,2.9,No,Venmo,Express,No,44,Credit Card,1,Low,0,Middle_Aged,0,1,0.2472004080761278,-1.7617993152092266,Occasional Low-Engagement Buyers,1,Normal
66,Male,Backpack,Accessories,93,New Mexico,M,Silver,Spring,3.0,No,Venmo,Express,No,6,PayPal,3,Very_High,1,Senior,0,3,-1.684528351436656,0.7567783213942709,High-Value Premium Buyers,1,Normal
40,Male,Pants,Clothing,29,Florida,M,Pink,Summer,2.9,No,Debit Card,Standard,No,8,Cash,7,Low,0,Adult,0,1,0.20802641227583785,-1.9597320454988865,Occasional Low-Engagement Buyers,1,Normal
25,Male,Sunglasses,Accessories,92,Mississippi,S,Lavender,Summer,3.7,No,PayPal,Standard,No,10,PayPal,2,Very_High,1,Youth,0,5,-1.7387981052018255,0.8045881314751401,High-Value Premium Buyers,1,Normal
59,Male,Jeans,Clothing,33,Hawaii,L,Brown,Fall,4.7,No,Debit Card,Standard,No,46,Venmo,4,Low,0,Middle_Aged,0,1,0.11426068872124477,-1.6494250742828447,Occasional Low-Engagement Buyers,1,Normal
66,Male,Pants,Clothing,52,North Carolina,L,Turquoise,Spring,3.5,No,Bank Transfer,Store Pickup,No,26,Cash,2,Medium,0,Senior,0,1,-0.14834954459606597,-1.323742930855665,Family-Oriented Value Buyers,1,Normal
54,Male,Jewelry,Accessories,42,Illinois,S,Olive,Spring,2.7,No,PayPal,Store Pickup,No,6,Debit Card,7,Medium,0,Middle_Aged,0,1,0.02260493605059046,-1.6299062677098164,Family-Oriented Value Buyers,1,Normal
42,Male,Hoodie,Clothing,36,Maryland,M,White,Spring,5.0,No,Cash,Free Shipping,No,47,Credit Card,7,Low,0,Adult,0,1,0.011377173120594497,-1.530862547050424,Occasional Low-Engagement Buyers,1,Normal
48,Male,Sandals,Footwear,67,Montana,L,Violet,Summer,4.1,No,Cash,Next Day Air,No,28,Venmo,3,High,1,Adult,0,3,-1.2609594056237745,0.25352706226674804,Premium Loyal Customers,1,Normal
34,Male,Jacket,Outerwear,43,Michigan,L,Gold,Winter,2.7,No,Debit Card,Free Shipping,No,23,Bank Transfer,3,Medium,0,Young_Adult,0,1,-0.007893878131999904,-1.5830071397891705,Young Trend-Oriented Shoppers,1,Normal
19,Male,Blouse,Clothing,68,North Carolina,XL,Violet,Spring,4.8,No,Debit Card,Free Shipping,No,45,Cash,1,High,1,Youth,0,5,-1.3672533793888064,0.3902877639228827,Premium Loyal Customers,1,Normal
70,Male,Jewelry,Accessories,60,Minnesota,S,Teal,Summer,4.3,No,PayPal,2-Day Shipping,No,44,PayPal,7,Medium,0,Senior,0,1,-0.3082752934134166,-1.0202950151425285,Premium Loyal Customers,-1,Anomaly
43,Male,Socks,Clothing,53,Delaware,M,Olive,Summer,4.5,No,Venmo,2-Day Shipping,No,11,Bank Transfer,6,Medium,0,Adult,0,1,-0.31917817538823307,-1.267174656667141,Family-Oriented Value Buyers,1,Normal
46,Male,Jeans,Clothing,23,Kentucky,L,Blue,Spring,3.8,No,Bank Transfer,Standard,No,39,Debit Card,5,Low,0,Adult,0,1,0.3247815046308898,-1.9517947576066785,Occasional Low-Engagement Buyers,1,Normal
66,Male,Gloves,Accessories,57,Ohio,L,Magenta,Winter,3.7,No,Bank Transfer,Store Pickup,No,20,PayPal,7,Medium,0,Senior,0,1,-0.2696902266293632,-1.1955299509433437,Family-Oriented Value Buyers,1,Normal
50,Male,Hat,Accessories,89,Alaska,L,Gray,Fall,3.9,No,Venmo,2-Day Shipping,No,48,PayPal,1,Very_High,1,Adult,0,7,-1.6296458836835266,0.8552670288078059,High-Value Premium Buyers,1,Normal
55,Male,Shoes,Footwear,99,Vermont,XL,Peach,Winter,3.3,No,PayPal,Standard,No,46,Credit Card,4,Very_High,1,Middle_Aged,0,7,-1.759639589942321,1.0336399795022502,High-Value Premium Buyers,1,Normal
63,Male,Pants,Clothing,28,Alabama,M,Cyan,Fall,3.4,No,Credit Card,Express,No,22,PayPal,6,Low,0,Middle_Aged,0,1,0.2109536414093443,-1.90184620210538,Occasional Low-Engagement Buyers,1,Normal
32,Male,Socks,Clothing,53,Wisconsin,L,Violet,Summer,3.8,No,Debit Card,Next Day Air,No,45,Cash,3,Medium,0,Young_Adult,0,1,-0.1954158230223536,-1.2198689842966584,Young Trend-Oriented Shoppers,1,Normal
30,Male,Hoodie,Clothing,45,Arkansas,M,Gold,Winter,2.7,No,Debit Card,Free Shipping,No,49,Cash,7,Medium,0,Young_Adult,0,1,-0.017787198499709875,-1.4464446857175715,Young Trend-Oriented Shoppers,1,Normal
35,Male,Hoodie,Clothing,38,Georgia,M,Gold,Winter,2.9,No,Debit Card,2-Day Shipping,No,9,Credit Card,7,Low,0,Young_Adult,0,1,0.018734601642726778,-1.7200328496503774,Occasional Low-Engagement Buyers,1,Normal
59,Male,Pants,Clothing,49,Louisiana,M,White,Summer,4.5,No,Bank Transfer,Standard,No,41,Credit Card,4,Medium,0,Middle_Aged,0,1,-0.15836453947924078,-1.286726910515155,Family-Oriented Value Buyers,1,Normal
59,Male,Shirt,Clothing,32,New York,M,Gray,Summer,2.6,No,Debit Card,Store Pickup,No,2,PayPal,6,Low,0,Middle_Aged,0,1,0.18057742689541503,-1.9311102158023625,Occasional Low-Engagement Buyers,1,Normal
54,Male,T-shirt,Clothing,37,Connecticut,L,Brown,Winter,3.1,No,Debit Card,Next Day Air,No,39,PayPal,5,Low,0,Middle_Aged,0,1,0.12193790121355079,-1.669554411083987,Occasional Low-Engagement Buyers,1,Normal
63,Male,Dress,Clothing,80,Nebraska,L,Gray,Winter,4.7,No,Venmo,Store Pickup,No,12,PayPal,4,High,1,Middle_Aged,0,3,-1.5746518099462128,0.5746528270670678,High-Value Premium Buyers,1,Normal
43,Male,Backpack,Accessories,78,Arkansas,L,Blue,Summer,4.6,No,Cash,Free Shipping,No,26,PayPal,7,High,1,Adult,0,3,-1.5045173746932816,0.5529483842877863,Premium Loyal Customers,1,Normal
33,Male,Gloves,Accessories,53,Connecticut,L,Gold,Summer,2.7,No,Bank Transfer,Next Day Air,No,32,Bank Transfer,5,Medium,0,Young_Adult,0,1,-0.14492281348002967,-1.310163626155893,Young Trend-Oriented Shoppers,1,Normal
57,Male,Shoes,Footwear,82,Maryland,L,Yellow,Summer,4.6,No,PayPal,2-Day Shipping,No,50,Cash,5,Very_High,1,Middle_Aged,0,7,-1.524376378258084,0.6982188957233103,High-Value Premium Buyers,1,Normal
25,Male,Skirt,Clothing,33,Colorado,XL,Green,Spring,4.8,No,Cash,Standard,No,3,PayPal,1,Low,0,Youth,0,1,-0.01786437710896069,-1.731817473287082,Occasional Low-Engagement Buyers,1,Normal
26,Male,Gloves,Accessories,77,Colorado,M,Pink,Winter,4.2,No,Bank Transfer,Free Shipping,No,3,Venmo,4,High,1,Young_Adult,0,5,-1.5549333698216674,0.4601404842330839,Premium Loyal Customers,1,Normal
50,Male,Hoodie,Clothing,56,Maine,M,Pink,Winter,4.9,No,Credit Card,Express,No,37,Cash,6,Medium,0,Adult,0,1,-0.35360827341761386,-1.0855947770655212,Family-Oriented Value Buyers,1,Normal
70,Male,Socks,Clothing,37,Oklahoma,M,Pink,Winter,4.9,No,Cash,Express,No,20,Credit Card,1,Low,0,Senior,0,1,-0.024708108984341032,-1.6042902868287074,Occasional Low-Engagement Buyers,-1,Anomaly
68,Male,Gloves,Accessories,54,South Carolina,M,Cyan,Spring,4.5,No,Venmo,Store Pickup,No,26,Cash,5,Medium,0,Senior,0,1,-0.26684703284518646,-1.1902779177865808,Family-Oriented Value Buyers,1,Normal
39,Male,Shorts,Clothing,67,Nevada,M,Gray,Winter,2.7,No,Cash,Store Pickup,No,47,Cash,4,High,1,Adult,0,7,-1.1925850540665943,0.2558455181780263,Premium Loyal Customers,1,Normal
46,Male,Shoes,Footwear,90,Colorado,M,White,Fall,3.1,No,Credit Card,Store Pickup,No,7,Credit Card,7,Very_High,1,Adult,0,3,-1.690268581771874,0.720957178918064,High-Value Premium Buyers,1,Normal
57,Male,Jeans,Clothing,72,Massachusetts,L,Red,Summer,3.3,No,Bank Transfer,2-Day Shipping,No,40,Credit Card,3,High,1,Middle_Aged,0,7,-1.2886577129252217,0.35448047116354336,Premium Loyal Customers,1,Normal
47,Male,Boots,Footwear,59,Nevada,L,Black,Summer,2.6,No,Cash,Free Shipping,No,45,Debit Card,4,Medium,0,Adult,0,1,-0.20576516255280125,-1.1186774134789705,Family-Oriented Value Buyers,1,Normal
40,Male,Hat,Accessories,45,Iowa,M,Silver,Fall,4.4,No,Debit Card,Standard,No,20,PayPal,1,Medium,0,Adult,0,1,-0.1436221032452238,-1.4354732032998334,Family-Oriented Value Buyers,1,Normal
52,Male,Shorts,Clothing,30,Michigan,L,Pink,Spring,3.9,No,Bank Transfer,Standard,No,11,Credit Card,2,Low,0,Middle_Aged,0,1,0.14620806173735462,-1.869267845686656,Occasional Low-Engagement Buyers,1,Normal
40,Male,Pants,Clothing,51,West Virginia,S,Cyan,Summer,4.6,No,PayPal,Express,No,50,Debit Card,6,Medium,0,Adult,0,1,-0.1983472182120044,-1.1667335900083162,Family-Oriented Value Buyers,1,Normal
67,Male,Sweater,Clothing,90,Indiana,M,White,Fall,4.9,No,Venmo,Express,No,25,Debit Card,4,Very_High,1,Senior,0,7,-1.7389886723699424,0.8796866675366306,High-Value Premium Buyers,1,Normal
67,Male,Jacket,Outerwear,95,Indiana,XL,Purple,Winter,3.7,No,Venmo,Express,No,5,Credit Card,1,Very_High,1,Senior,0,3,-1.7648022276591815,0.854053135596753,High-Value Premium Buyers,1,Normal
37,Male,Dress,Clothing,81,Georgia,L,Yellow,Fall,3.7,No,Venmo,Standard,No,4,Venmo,3,High,1,Adult,0,5,-1.574312424057584,0.5233878258093361,High-Value Premium Buyers,1,Normal
67,Male,Shirt,Clothing,70,Minnesota,S,Blue,Spring,4.2,No,Credit Card,Standard,No,25,Credit Card,2,High,1,Senior,0,7,-1.3320831646767337,0.3254888006713816,Premium Loyal Customers,1,Normal
64,Male,Dress,Clothing,32,Louisiana,S,Cyan,Winter,3.5,No,PayPal,Next Day Air,No,11,Bank Transfer,1,Low,0,Middle_Aged,0,1,0.1459190715494846,-1.8229226051782284,Occasional Low-Engagement Buyers,1,Normal
28,Male,Belt,Accessories,94,Maryland,M,Indigo,Spring,2.9,No,Debit Card,Next Day Air,No,4,Credit Card,5,Very_High,1,Young_Adult,0,5,-1.738082931020379,0.7781684915528263,High-Value Premium Buyers,1,Normal
54,Male,Hat,Accessories,29,Pennsylvania,XL,Indigo,Spring,3.4,No,PayPal,Next Day Air,No,1,Venmo,6,Low,0,Middle_Aged,0,1,0.19755738414567148,-1.9396253344287757,Occasional Low-Engagement Buyers,1,Normal
54,Male,Backpack,Accessories,31,Louisiana,M,Silver,Summer,3.3,No,Debit Card,Express,No,48,PayPal,7,Low,0,Middle_Aged,0,1,0.2542365055498724,-1.778548752606674,Occasional Low-Engagement Buyers,1,Normal
24,Male,Skirt,Clothing,20,Maryland,XL,Red,Fall,4.5,No,Debit Card,Standard,No,9,Venmo,7,Low,0,Youth,0,1,0.22920841024762661,-2.052267706629359,Occasional Low-Engagement Buyers,1,Normal
27,Male,Gloves,Accessories,44,Tennessee,M,Peach,Winter,4.6,No,Credit Card,2-Day Shipping,No,2,PayPal,1,Medium,0,Young_Adult,0,1,-0.21435484055771253,-1.474092059391909,Young Trend-Oriented Shoppers,1,Normal
53,Male,Jacket,Outerwear,77,Illinois,L,Turquoise,Fall,2.9,No,Credit Card,Express,No,4,Cash,4,High,1,Middle_Aged,0,3,-1.4294135969613058,0.3626449323084438,Premium Loyal Customers,1,Normal
32,Male,Handbag,Accessories,51,Wyoming,M,Pink,Spring,3.2,No,Debit Card,Next Day Air,No,43,PayPal,1,Medium,0,Young_Adult,0,1,-0.12509184110094085,-1.3045700154467361,Young Trend-Oriented Shoppers,1,Normal
24,Male,Sandals,Footwear,49,Florida,M,Teal,Summer,2.6,No,Debit Card,Free Shipping,No,32,Bank Transfer,3,Medium,0,Youth,0,1,-0.10068193237200478,-1.4137896113284825,Young Trend-Oriented Shoppers,1,Normal
45,Male,Sunglasses,Accessories,78,Massachusetts,L,Magenta,Spring,3.8,No,Cash,Store Pickup,No,1,Cash,4,High,1,Adult,0,5,-1.497044147403277,0.44286991197774256,Premium Loyal Customers,1,Normal
49,Male,Jeans,Clothing,98,Tennessee,L,Blue,Spring,2.8,No,PayPal,Store Pickup,No,38,Debit Card,1,Very_High,1,Adult,0,7,-1.7056428273620026,0.9600564775958099,High-Value Premium Buyers,1,Normal
51,Male,Sandals,Footwear,94,Iowa,M,Green,Winter,4.4,No,Venmo,Store Pickup,No,25,PayPal,1,Very_High,1,Middle_Aged,0,3,-1.787205632987761,0.9388977399140133,High-Value Premium Buyers,1,Normal
69,Male,Shoes,Footwear,91,Michigan,L,Violet,Summer,4.7,No,Cash,Express,No,42,PayPal,4,Very_High,1,Senior,0,7,-1.6759254374237629,0.90747707006614,High-Value Premium Buyers,1,Normal
41,Male,Sunglasses,Accessories,77,Kansas,M,Turquoise,Summer,2.7,No,PayPal,2-Day Shipping,No,32,PayPal,6,High,1,Adult,0,3,-1.3718541130172517,0.41153204677501654,Premium Loyal Customers,1,Normal
59,Male,Scarf,Accessories,97,Georgia,M,Pink,Summer,2.6,No,Credit Card,Next Day Air,No,21,Debit Card,4,Very_High,1,Middle_Aged,0,7,-1.7044112123787447,0.8819983083670595,High-Value Premium Buyers,1,Normal
26,Male,Skirt,Clothing,58,West Virginia,M,Black,Summer,3.4,No,Bank Transfer,2-Day Shipping,No,26,PayPal,1,Medium,0,Young_Adult,0,1,-0.321784847003727,-1.161680037300957,Young Trend-Oriented Shoppers,1,Normal
23,Male,Gloves,Accessories,97,Tennessee,M,Gold,Spring,3.9,No,Cash,2-Day Shipping,No,6,Credit Card,1,Very_High,1,Youth,0,5,-1.871830615040935,0.9373033047012366,High-Value Premium Buyers,1,Normal
62,Male,Coat,Outerwear,48,Arkansas,L,Green,Summer,3.4,No,Debit Card,2-Day Shipping,No,14,Venmo,4,Medium,0,Middle_Aged,0,1,-0.09208396541454937,-1.463426696436843,Family-Oriented Value Buyers,1,Normal
69,Male,Belt,Accessories,23,Vermont,XL,White,Summer,3.4,No,Debit Card,Express,No,4,Cash,4,Low,0,Senior,0,1,0.3168149381119319,-2.0839880782975015,Occasional Low-Engagement Buyers,1,Normal
46,Male,Pants,Clothing,79,Virginia,M,Gold,Winter,3.9,No,Credit Card,Free Shipping,No,26,Bank Transfer,2,High,1,Adult,0,3,-1.521129482109996,0.5444312606766966,Premium Loyal Customers,1,Normal
35,Male,Jewelry,Accessories,42,Maryland,S,Charcoal,Spring,4.0,No,Cash,Express,No,39,PayPal,5,Medium,0,Young_Adult,0,1,-0.03138367777628294,-1.4465334434414516,Family-Oriented Value Buyers,1,Normal
32,Male,Backpack,Accessories,95,Connecticut,L,White,Spring,3.4,No,Debit Card,2-Day Shipping,No,15,PayPal,3,Very_High,1,Young_Adult,0,5,-1.7596253696026136,0.8577479533299789,High-Value Premium Buyers,1,Normal
46,Male,Sneakers,Footwear,29,Missouri,M,Brown,Summer,3.7,No,Venmo,Next Day Air,No,1,Venmo,7,Low,0,Adult,0,1,0.16629670665765486,-1.9123196403324279,Occasional Low-Engagement Buyers,1,Normal
33,Male,Hoodie,Clothing,98,New Jersey,L,Gold,Winter,4.9,No,PayPal,2-Day Shipping,No,28,Venmo,6,Very_High,1,Young_Adult,0,5,-1.8995341114617121,1.0602864848057658,High-Value Premium Buyers,1,Normal
32,Male,Blouse,Clothing,96,Arkansas,S,Purple,Spring,5.0,No,Cash,Express,No,17,Cash,2,Very_High,1,Young_Adult,0,5,-1.8899747460055702,1.0154654195315234,High-Value Premium Buyers,1,Normal
33,Male,Sunglasses,Accessories,66,Nevada,M,Brown,Fall,2.9,No,Bank Transfer,Next Day Air,No,24,Credit Card,2,High,1,Young_Adult,0,3,-1.2306572920308874,0.16623723695965703,Premium Loyal Customers,1,Normal
67,Male,Boots,Footwear,80,Missouri,S,Teal,Spring,3.0,No,Credit Card,Standard,No,29,Debit Card,4,High,1,Senior,0,7,-1.4088001956789944,0.534073337793317,High-Value Premium Buyers,1,Normal
67,Male,Sneakers,Footwear,27,South Dakota,L,Indigo,Summer,3.3,No,Cash,Next Day Air,No,18,Cash,7,Low,0,Senior,0,1,0.29670485092635646,-1.9584564971229141,Occasional Low-Engagement Buyers,1,Normal
42,Male,Backpack,Accessories,25,Connecticut,M,Purple,Fall,4.7,No,PayPal,Express,No,10,Debit Card,5,Low,0,Adult,0,1,0.14439812245418454,-1.9067901381598382,Occasional Low-Engagement Buyers,1,Normal
20,Male,Pants,Clothing,45,Vermont,M,Orange,Fall,3.4,No,Debit Card,2-Day Shipping,No,19,Cash,4,Medium,0,Youth,0,1,-0.1399213878851357,-1.48064817208243,Young Trend-Oriented Shoppers,1,Normal
39,Male,Socks,Clothing,89,Tennessee,L,Indigo,Winter,4.6,No,Credit Card,2-Day Shipping,No,26,Debit Card,6,Very_High,1,Adult,0,3,-1.7329499927142153,0.8322538710671195,High-Value Premium Buyers,1,Normal
26,Male,Belt,Accessories,27,California,M,Lavender,Winter,3.6,No,Venmo,2-Day Shipping,No,25,Cash,5,Low,0,Young_Adult,0,1,0.1823614148605177,-1.871845074795017,Occasional Low-Engagement Buyers,1,Normal
51,Male,Sunglasses,Accessories,90,Wyoming,S,Purple,Winter,2.6,No,Debit Card,Free Shipping,No,2,Debit Card,1,Very_High,1,Middle_Aged,0,3,-1.631427692323886,0.6801416978684178,High-Value Premium Buyers,1,Normal
31,Male,Shirt,Clothing,65,New York,M,Red,Summer,2.7,No,Cash,Express,No,19,PayPal,7,High,1,Young_Adult,0,3,-1.2044570847712857,0.11682184766178773,Premium Loyal Customers,1,Normal
68,Male,Sneakers,Footwear,72,Maine,S,Blue,Spring,3.1,No,Venmo,Express,No,32,Cash,4,High,1,Senior,0,7,-1.274621922704475,0.34165482610968495,Premium Loyal Customers,1,Normal
44,Male,Shoes,Footwear,70,Georgia,L,Blue,Fall,3.2,No,Cash,2-Day Shipping,No,13,Cash,5,High,1,Adult,0,3,-1.3376010861084506,0.24791779814208395,Premium Loyal Customers,1,Normal
18,Male,Sandals,Footwear,82,Tennessee,M,Cyan,Winter,3.4,No,PayPal,Store Pickup,No,30,PayPal,1,Very_High,1,Youth,0,5,-1.5440830877246434,0.6054044130754672,High-Value Premium Buyers,1,Normal
58,Male,Scarf,Accessories,97,New Mexico,S,Pink,Fall,4.4,No,Debit Card,Express,No,2,Credit Card,3,Very_High,1,Middle_Aged,0,3,-1.8802351076258748,0.946956311350909,High-Value Premium Buyers,1,Normal
26,Male,Shirt,Clothing,25,Virginia,M,Silver,Summer,3.2,No,Cash,2-Day Shipping,No,8,PayPal,4,Low,0,Young_Adult,0,1,0.22474700948037474,-2.0156671380708824,Occasional Low-Engagement Buyers,1,Normal
57,Male,Skirt,Clothing,48,Florida,M,Gray,Spring,2.5,No,PayPal,Free Shipping,No,27,PayPal,7,Medium,0,Middle_Aged,0,1,-0.06362850085571321,-1.4741366740628268,Family-Oriented Value Buyers,-1,Anomaly
37,Male,Boots,Footwear,99,Alabama,M,Indigo,Summer,3.8,No,Venmo,Next Day Air,No,26,Venmo,5,Very_High,1,Adult,0,3,-1.8284052785917275,1.02337689280282,High-Value Premium Buyers,1,Normal
24,Male,Sweater,Clothing,21,Texas,M,Maroon,Summer,4.4,No,Venmo,2-Day Shipping,No,3,Debit Card,5,Low,0,Youth,0,1,0.19859346280880347,-2.0349242358170754,Occasional Low-Engagement Buyers,1,Normal
57,Male,Sandals,Footwear,94,West Virginia,M,Beige,Spring,3.7,No,Debit Card,Express,No,4,Bank Transfer,6,Very_High,1,Middle_Aged,0,3,-1.7589286620930327,0.8089121868066741,High-Value Premium Buyers,1,Normal
48,Male,Jeans,Clothing,53,Nevada,L,Green,Fall,3.2,No,Bank Transfer,Store Pickup,No,5,Cash,1,Medium,0,Adult,0,1,-0.23938027958463964,-1.3421674544085604,Family-Oriented Value Buyers,1,Normal
39,Male,Backpack,Accessories,70,Virginia,M,Peach,Winter,4.9,No,PayPal,Standard,No,25,Debit Card,4,High,1,Adult,0,5,-1.4111394676539695,0.39037421625785884,Premium Loyal Customers,1,Normal
51,Male,Skirt,Clothing,26,Wisconsin,L,Black,Summer,3.9,No,Venmo,Standard,No,47,PayPal,5,Low,0,Middle_Aged,0,1,0.2798905529583045,-1.861546551341848,Occasional Low-Engagement Buyers,1,Normal
57,Male,Belt,Accessories,82,Virginia,S,Pink,Summer,4.5,No,Debit Card,Next Day Air,No,8,Credit Card,1,Very_High,1,Middle_Aged,0,3,-1.5778443383211658,0.5896890449855333,High-Value Premium Buyers,1,Normal
53,Male,Shoes,Footwear,47,Maine,S,Violet,Winter,3.4,No,Credit Card,Standard,No,20,Debit Card,1,Medium,0,Middle_Aged,0,1,-0.10353869575066642,-1.416425897737242,Family-Oriented Value Buyers,1,Normal
70,Male,Socks,Clothing,32,Massachusetts,S,Green,Winter,4.1,No,Venmo,Next Day Air,No,42,Bank Transfer,7,Low,0,Senior,0,1,0.15864587175186318,-1.6894787262018947,Occasional Low-Engagement Buyers,1,Normal
60,Male,Backpack,Accessories,97,Arkansas,S,Gold,Fall,4.5,No,Debit Card,Store Pickup,No,20,Bank Transfer,2,Very_High,1,Middle_Aged,0,3,-1.8344820044007977,0.9971278488383268,High-Value Premium Buyers,1,Normal
31,Male,Shirt,Clothing,68,Idaho,S,Red,Winter,4.7,No,PayPal,Store Pickup,No,23,Cash,1,High,1,Young_Adult,0,5,-1.38274271529414,0.3381962326782833,Premium Loyal Customers,1,Normal
41,Male,Sweater,Clothing,23,Pennsylvania,M,Beige,Winter,4.8,No,Credit Card,Next Day Air,No,26,Cash,4,Low,0,Adult,0,1,0.20385295578205415,-1.9052635410166718,Occasional Low-Engagement Buyers,1,Normal
62,Male,Handbag,Accessories,33,Maine,M,Green,Winter,4.4,No,Debit Card,Standard,No,48,Venmo,4,Low,0,Middle_Aged,0,1,0.14146993413773185,-1.658347483164912,Occasional Low-Engagement Buyers,1,Normal
59,Male,Jewelry,Accessories,38,Alabama,S,Black,Winter,4.0,No,Bank Transfer,Store Pickup,No,16,Cash,5,Low,0,Middle_Aged,0,1,0.011170717589253844,-1.6241062361558884,Occasional Low-Engagement Buyers,1,Normal
46,Male,Socks,Clothing,68,Idaho,S,Teal,Winter,4.1,No,Bank Transfer,Store Pickup,No,28,Cash,5,High,1,Adult,0,3,-1.32951910425856,0.30714895480283483,Premium Loyal Customers,1,Normal
62,Male,Socks,Clothing,23,Arkansas,L,Silver,Fall,3.7,No,Bank Transfer,Express,No,39,PayPal,2,Low,0,Middle_Aged,0,1,0.3312423161883275,-1.9764331156251262,Occasional Low-Engagement Buyers,1,Normal
42,Male,Shirt,Clothing,29,Delaware,M,Turquoise,Summer,3.0,No,Bank Transfer,Express,No,43,Debit Card,1,Low,0,Adult,0,1,0.2773631798905441,-1.8364969024862532,Occasional Low-Engagement Buyers,1,Normal
37,Male,Scarf,Accessories,35,Maine,M,Orange,Winter,3.6,No,Bank Transfer,Express,No,45,Bank Transfer,7,Low,0,Adult,0,1,0.11201625007074306,-1.6344311144527055,Occasional Low-Engagement Buyers,1,Normal
50,Male,Shoes,Footwear,73,Nebraska,S,Gold,Fall,4.8,No,Venmo,Standard,No,50,Credit Card,7,High,1,Adult,0,7,-1.4118168058439522,0.5375751046892983,Premium Loyal Customers,1,Normal
29,Male,Shoes,Footwear,84,Ohio,XL,Purple,Fall,3.7,No,Cash,2-Day Shipping,No,10,Venmo,5,Very_High,1,Young_Adult,0,5,-1.6382866515549412,0.6317705230310696,High-Value Premium Buyers,1,Normal
25,Male,Scarf,Accessories,23,Montana,M,Pink,Spring,4.6,No,Bank Transfer,Next Day Air,No,40,PayPal,4,Low,0,Youth,0,1,0.24242414439311605,-1.8893451921990976,Occasional Low-Engagement Buyers,1,Normal
66,Male,Sunglasses,Accessories,67,New Mexico,S,Green,Summer,2.8,No,Venmo,Standard,No,38,Credit Card,6,High,1,Senior,0,7,-1.1578761188808044,0.21927754488163934,Premium Loyal Customers,1,Normal
21,Male,Socks,Clothing,51,North Carolina,L,Charcoal,Spring,4.0,No,Credit Card,Standard,No,2,Credit Card,6,Medium,0,Youth,0,1,-0.2863550541993241,-1.3512853463140424,Young Trend-Oriented Shoppers,1,Normal
46,Male,Blouse,Clothing,36,South Carolina,M,Maroon,Winter,4.2,No,Credit Card,Next Day Air,No,13,Cash,3,Low,0,Adult,0,1,-0.010778889515613982,-1.677318971887573,Occasional Low-Engagement Buyers,1,Normal
57,Male,Jeans,Clothing,55,Illinois,L,Olive,Summer,3.6,No,Cash,Express,No,33,Venmo,3,Medium,0,Middle_Aged,0,1,-0.20574427917395072,-1.2102219207390899,Family-Oriented Value Buyers,1,Normal
61,Male,Shorts,Clothing,30,Alabama,M,Peach,Spring,2.9,No,Credit Card,Store Pickup,No,27,PayPal,6,Low,0,Middle_Aged,0,1,0.23402480695935662,-1.8826279227610414,Occasional Low-Engagement Buyers,1,Normal
53,Male,T-shirt,Clothing,70,Oklahoma,S,Yellow,Summer,4.1,No,Venmo,Express,No,43,Bank Transfer,2,High,1,Middle_Aged,0,7,-1.3046990817703072,0.39225344837545745,Premium Loyal Customers,1,Normal
37,Male,Blouse,Clothing,63,Minnesota,S,Lavender,Winter,3.1,No,PayPal,Next Day Air,No,46,Cash,2,High,1,Adult,0,7,-1.1409190725406746,0.16726741361916936,Premium Loyal Customers,1,Normal
39,Male,Belt,Accessories,87,Illinois,S,Green,Summer,4.3,No,Cash,Express,No,7,Venmo,5,Very_High,1,Adult,0,5,-1.6891697336205405,0.7350763102091392,High-Value Premium Buyers,1,Normal
53,Male,Blouse,Clothing,70,Arkansas,L,Orange,Spring,4.4,No,Debit Card,Next Day Air,No,35,Credit Card,1,High,1,Middle_Aged,0,3,-1.3258826778615393,0.3552224995988439,Premium Loyal Customers,1,Normal
35,Male,T-shirt,Clothing,51,Minnesota,M,Olive,Spring,3.1,No,Cash,Next Day Air,No,31,Debit Card,5,Medium,0,Young_Adult,0,1,-0.15328826663884737,-1.3163474250731793,Family-Oriented Value Buyers,1,Normal
69,Male,Jewelry,Accessories,25,South Carolina,XL,Gray,Spring,2.9,No,Debit Card,Free Shipping,No,42,Venmo,4,Low,0,Senior,0,1,0.38057335559414257,-1.960867705298693,Occasional Low-Engagement Buyers,1,Normal
66,Male,Jacket,Outerwear,32,New York,S,Lavender,Winter,3.2,No,Cash,Next Day Air,No,14,PayPal,5,Low,0,Senior,0,1,0.1793556912310567,-1.8389868171394774,Occasional Low-Engagement Buyers,1,Normal
19,Male,Shoes,Footwear,52,Alabama,M,Red,Spring,4.0,No,Credit Card,2-Day Shipping,No,35,Venmo,6,Medium,0,Youth,0,1,-0.24687706694392691,-1.227237601312004,Young Trend-Oriented Shoppers,1,Normal
47,Male,Gloves,Accessories,33,New York,M,Charcoal,Summer,2.7,No,PayPal,Standard,No,49,PayPal,2,Low,0,Adult,0,1,0.24825518942213148,-1.761646757045341,Occasional Low-Engagement Buyers,1,Normal
49,Male,Jeans,Clothing,68,Missouri,L,Orange,Spring,3.0,No,Cash,Free Shipping,No,17,PayPal,1,High,1,Adult,0,3,-1.2481471098592813,0.1889997367113346,Premium Loyal Customers,1,Normal
31,Male,Jewelry,Accessories,20,Georgia,M,Red,Fall,4.4,No,PayPal,Express,No,26,PayPal,4,Low,0,Young_Adult,0,1,0.2682085615136522,-2.00728207246257,Occasional Low-Engagement Buyers,1,Normal
39,Male,Pants,Clothing,32,Oklahoma,M,Maroon,Winter,2.8,No,Bank Transfer,Free Shipping,No,30,Cash,7,Low,0,Adult,0,1,0.1743323666452008,-1.8068513281397727,Occasional Low-Engagement Buyers,1,Normal
58,Male,Jewelry,Accessories,82,Connecticut,M,Silver,Summer,3.1,No,Cash,Store Pickup,No,32,Cash,3,Very_High,1,Middle_Aged,0,7,-1.4482324040281165,0.5621943030825085,High-Value Premium Buyers,1,Normal
45,Male,Sneakers,Footwear,64,Michigan,XL,Pink,Winter,3.9,No,Credit Card,Express,No,35,Bank Transfer,4,High,1,Adult,0,3,-1.2340264410524142,0.22203571042296166,Premium Loyal Customers,1,Normal
68,Male,Boots,Footwear,24,Rhode Island,L,Blue,Fall,2.7,No,Debit Card,Standard,No,15,Venmo,3,Low,0,Senior,0,1,0.35509355746413424,-2.0828289146151784,Occasional Low-Engagement Buyers,1,Normal
35,Male,Hat,Accessories,96,Mississippi,M,Teal,Summer,3.4,No,Credit Card,Store Pickup,No,10,Debit Card,3,Very_High,1,Young_Adult,0,5,-1.7872804471632793,0.9016349045158372,High-Value Premium Buyers,1,Normal
65,Male,T-shirt,Clothing,94,Massachusetts,L,Black,Spring,3.8,No,Cash,Free Shipping,No,14,Credit Card,6,Very_High,1,Middle_Aged,0,3,-1.7482001906873634,0.847961955555797,High-Value Premium Buyers,1,Normal
45,Male,Backpack,Accessories,48,New Hampshire,M,Gray,Winter,3.7,No,PayPal,2-Day Shipping,No,30,Bank Transfer,3,Medium,0,Adult,0,1,-0.14988954558163503,-1.3697197216092705,Family-Oriented Value Buyers,1,Normal
19,Male,Sunglasses,Accessories,60,Wyoming,S,Purple,Spring,4.5,No,Bank Transfer,2-Day Shipping,No,16,Credit Card,1,Medium,0,Youth,0,1,-0.4431959291664507,-1.0413021253134804,Premium Loyal Customers,-1,Anomaly
65,Male,Sweater,Clothing,56,New Jersey,XL,Gold,Spring,2.9,No,PayPal,Express,No,14,PayPal,3,Medium,0,Middle_Aged,0,1,-0.22908057104533502,-1.2952794184429195,Family-Oriented Value Buyers,1,Normal
28,Male,Handbag,Accessories,33,Texas,M,Silver,Fall,3.4,No,Debit Card,2-Day Shipping,No,28,Bank Transfer,2,Low,0,Young_Adult,0,1,0.10840303235801234,-1.7606930909293848,Occasional Low-Engagement Buyers,1,Normal
55,Male,Backpack,Accessories,46,Minnesota,L,Blue,Spring,4.4,No,Cash,2-Day Shipping,No,29,PayPal,6,Medium,0,Middle_Aged,0,1,-0.11451087585782323,-1.3984209669351135,Family-Oriented Value Buyers,1,Normal
66,Male,Socks,Clothing,37,South Dakota,L,Yellow,Spring,4.2,No,Credit Card,Standard,No,5,PayPal,7,Low,0,Senior,0,1,0.004981364346759623,-1.705649969268163,Occasional Low-Engagement Buyers,1,Normal
29,Male,Shirt,Clothing,98,Washington,M,Brown,Winter,3.3,No,Debit Card,Store Pickup,No,17,Bank Transfer,4,Very_High,1,Young_Adult,0,5,-1.8359576797083823,0.9473277889689051,High-Value Premium Buyers,1,Normal
56,Male,Shorts,Clothing,50,California,XL,Beige,Spring,3.7,No,Cash,Express,No,50,PayPal,2,Medium,0,Middle_Aged,0,1,-0.11082005293952342,-1.2724901612189077,Family-Oriented Value Buyers,1,Normal
21,Male,Belt,Accessories,63,Wisconsin,M,Blue,Fall,3.2,No,Debit Card,Next Day Air,No,23,Bank Transfer,4,High,1,Youth,0,5,-1.2093925564341945,0.10968663546016995,Premium Loyal Customers,1,Normal
32,Male,Sweater,Clothing,70,Michigan,S,Magenta,Summer,2.6,No,PayPal,Store Pickup,No,22,Debit Card,3,High,1,Young_Adult,0,3,-1.2673160543498945,0.24843169117221214,Premium Loyal Customers,1,Normal
54,Male,Coat,Outerwear,63,South Carolina,L,Silver,Fall,2.8,No,PayPal,Standard,No,15,Cash,4,High,1,Middle_Aged,0,3,-1.1410868521459125,0.03161435378701527,Premium Loyal Customers,1,Normal
61,Male,Shorts,Clothing,86,Indiana,M,Cyan,Fall,2.9,No,Venmo,Standard,No,32,Cash,6,Very_High,1,Middle_Aged,0,7,-1.5402553920140567,0.6605497811870675,High-Value Premium Buyers,1,Normal
31,Male,Shoes,Footwear,99,Arkansas,M,Green,Summer,4.0,No,Bank Transfer,2-Day Shipping,No,5,Bank Transfer,6,Very_High,1,Young_Adult,0,5,-1.9082793368013533,0.9735401468451826,High-Value Premium Buyers,1,Normal
27,Male,Sneakers,Footwear,40,Oregon,M,Blue,Spring,2.9,No,PayPal,Free Shipping,No,6,Bank Transfer,5,Medium,0,Young_Adult,0,1,-0.019187945923684877,-1.6786397267748947,Young Trend-Oriented Shoppers,1,Normal
64,Male,Sneakers,Footwear,92,Illinois,M,Olive,Fall,4.7,No,Credit Card,Store Pickup,No,44,Debit Card,1,Very_High,1,Middle_Aged,0,7,-1.718699821737229,0.9614189957975162,High-Value Premium Buyers,1,Normal
60,Male,Pants,Clothing,21,Maryland,XL,Beige,Fall,3.1,No,Cash,2-Day Shipping,No,23,Cash,1,Low,0,Middle_Aged,0,1,0.3607953291490515,-2.080531332169997,Occasional Low-Engagement Buyers,1,Normal
70,Male,Jewelry,Accessories,81,Vermont,XL,Black,Summer,3.9,No,Credit Card,Store Pickup,No,44,Venmo,6,High,1,Senior,0,7,-1.4439261190997996,0.6199729954224066,High-Value Premium Buyers,1,Normal
36,Male,T-shirt,Clothing,82,Texas,M,Indigo,Fall,3.4,No,Cash,Free Shipping,No,3,Debit Card,4,Very_High,1,Adult,0,5,-1.599734745511396,0.5418018014426894,High-Value Premium Buyers,1,Normal
56,Male,Jewelry,Accessories,88,Nebraska,XL,Red,Spring,3.1,No,Cash,Express,No,14,Cash,6,Very_High,1,Middle_Aged,0,3,-1.59285210268159,0.6745966928105716,High-Value Premium Buyers,1,Normal
69,Male,Jacket,Outerwear,100,South Carolina,S,Yellow,Fall,4.8,No,Debit Card,Store Pickup,No,37,PayPal,4,Very_High,1,Senior,0,7,-1.8594348174168522,1.1152767591548147,High-Value Premium Buyers,1,Normal
39,Male,Backpack,Accessories,66,Massachusetts,M,Beige,Winter,3.9,No,Credit Card,Next Day Air,No,22,Bank Transfer,2,High,1,Adult,0,3,-1.2806680544485318,0.22901721853048665,Premium Loyal Customers,1,Normal
38,Male,Belt,Accessories,25,Texas,S,Green,Winter,3.5,No,Debit Card,Next Day Air,No,2,PayPal,7,Low,0,Adult,0,1,0.22255283820396715,-1.9981061824741524,Occasional Low-Engagement Buyers,1,Normal
36,Male,Scarf,Accessories,53,Florida,M,White,Summer,3.1,No,Credit Card,Free Shipping,No,44,Debit Card,1,Medium,0,Adult,0,1,-0.1579213599169133,-1.2266675890399255,Family-Oriented Value Buyers,1,Normal
46,Male,Sweater,Clothing,28,South Carolina,S,Turquoise,Fall,4.7,No,Bank Transfer,Express,No,49,Debit Card,6,Low,0,Adult,0,1,0.18511081065651985,-1.7200972826484004,Occasional Low-Engagement Buyers,1,Normal
59,Male,Gloves,Accessories,23,Florida,S,Indigo,Fall,4.6,No,Cash,Free Shipping,No,22,Debit Card,5,Low,0,Middle_Aged,0,1,0.2325428866890547,-1.9189907192061213,Occasional Low-Engagement Buyers,1,Normal
64,Male,Scarf,Accessories,34,Nebraska,L,Orange,Fall,3.3,No,Bank Transfer,Free Shipping,No,26,Bank Transfer,3,Low,0,Middle_Aged,0,1,0.13897375693507086,-1.7558838192288375,Occasional Low-Engagement Buyers,1,Normal
49,Male,Dress,Clothing,42,Hawaii,M,Blue,Spring,3.2,No,Venmo,Next Day Air,No,40,Debit Card,2,Medium,0,Adult,0,1,0.03707114091856234,-1.514960852900702,Family-Oriented Value Buyers,1,Normal
32,Male,Jeans,Clothing,24,Montana,L,Violet,Summer,3.1,No,Debit Card,Next Day Air,No,16,PayPal,4,Low,0,Young_Adult,0,1,0.29869586194824993,-2.038184279165561,Occasional Low-Engagement Buyers,1,Normal
29,Male,Sunglasses,Accessories,47,South Dakota,S,Gray,Fall,3.5,No,Credit Card,Free Shipping,No,17,Debit Card,5,Medium,0,Young_Adult,0,1,-0.17943173510100052,-1.3919886575276923,Young Trend-Oriented Shoppers,1,Normal
24,Male,Coat,Outerwear,78,Alabama,S,Cyan,Spring,4.3,No,Credit Card,Standard,No,48,Bank Transfer,5,High,1,Youth,0,3,-1.4773893414382464,0.6229288210714148,Premium Loyal Customers,1,Normal
41,Male,Jeans,Clothing,89,Arkansas,M,Yellow,Summer,2.9,No,Cash,Free Shipping,No,28,Venmo,7,Very_High,1,Adult,0,3,-1.6008642628401164,0.7282814872211437,High-Value Premium Buyers,1,Normal
41,Male,Scarf,Accessories,59,Mississippi,L,Orange,Fall,2.7,No,Credit Card,Store Pickup,No,26,Credit Card,1,Medium,0,Adult,0,1,-0.2745644092194442,-1.1570374741864724,Family-Oriented Value Buyers,1,Normal
32,Male,Blouse,Clothing,94,Vermont,S,Brown,Summer,4.0,No,Bank Transfer,Standard,No,43,Bank Transfer,4,Very_High,1,Young_Adult,0,3,-1.7430822827211745,0.9576729852891583,High-Value Premium Buyers,1,Normal
69,Male,Jeans,Clothing,49,New York,M,Teal,Fall,4.6,No,Cash,Free Shipping,No,38,Debit Card,2,Medium,0,Senior,0,1,-0.1848821808299504,-1.267832666405416,Family-Oriented Value Buyers,1,Normal
65,Male,Dress,Clothing,89,North Dakota,L,Beige,Summer,4.7,No,Credit Card,2-Day Shipping,No,36,Cash,7,Very_High,1,Middle_Aged,0,7,-1.6750553493623404,0.846930832960777,High-Value Premium Buyers,1,Normal
54,Male,Hat,Accessories,91,Wisconsin,M,Blue,Summer,4.7,No,Credit Card,Standard,No,1,Credit Card,2,Very_High,1,Middle_Aged,0,5,-1.7760745591425862,0.7937623977739537,High-Value Premium Buyers,1,Normal
39,Male,Sandals,Footwear,89,California,L,Orange,Spring,4.0,No,Cash,Standard,No,49,Debit Card,3,Very_High,1,Adult,0,7,-1.613357244262116,0.8555921596628631,High-Value Premium Buyers,1,Normal
37,Male,Jacket,Outerwear,57,Maryland,L,Gold,Spring,3.6,No,Cash,Free Shipping,No,41,Credit Card,7,Medium,0,Adult,0,1,-0.25755703539502517,-1.1354654518285314,Family-Oriented Value Buyers,1,Normal
51,Male,Socks,Clothing,71,Massachusetts,S,Teal,Winter,3.4,No,Debit Card,Free Shipping,No,21,Debit Card,6,High,1,Middle_Aged,0,3,-1.335983684104963,0.3140362567895845,Premium Loyal Customers,1,Normal
26,Male,Jeans,Clothing,97,Washington,XL,Beige,Fall,3.0,No,PayPal,Next Day Air,No,24,Bank Transfer,4,Very_High,1,Young_Adult,0,5,-1.7922143949389797,0.9342475371972052,High-Value Premium Buyers,1,Normal
42,Male,Sandals,Footwear,45,Minnesota,M,Silver,Fall,2.6,No,Bank Transfer,Next Day Air,No,27,Bank Transfer,2,Medium,0,Adult,0,1,-0.02050207921498011,-1.531313891746481,Family-Oriented Value Buyers,1,Normal
21,Male,Dress,Clothing,91,Washington,M,Maroon,Spring,4.2,No,Venmo,Store Pickup,No,4,Debit Card,3,Very_High,1,Youth,0,5,-1.7983474130283266,0.8198507200971916,High-Value Premium Buyers,1,Normal
53,Male,Socks,Clothing,25,South Carolina,M,Indigo,Spring,3.4,No,Bank Transfer,Standard,No,19,Venmo,3,Low,0,Middle_Aged,0,1,0.28047125341790985,-2.004372553516334,Occasional Low-Engagement Buyers,1,Normal
36,Male,Hoodie,Clothing,63,New Mexico,M,Gray,Fall,4.0,No,Credit Card,Store Pickup,No,1,Bank Transfer,1,High,1,Adult,0,5,-1.3079475802595817,0.105767497031779,Premium Loyal Customers,1,Normal
21,Male,Dress,Clothing,52,North Carolina,L,Blue,Summer,4.7,No,Debit Card,Free Shipping,No,27,Debit Card,3,Medium,0,Youth,0,1,-0.291799163609988,-1.2146454522521926,Young Trend-Oriented Shoppers,1,Normal
33,Male,Sneakers,Footwear,43,Iowa,S,Cyan,Winter,3.9,No,Credit Card,Next Day Air,No,5,Credit Card,2,Medium,0,Young_Adult,0,1,-0.11626994377968027,-1.515578113404936,Young Trend-Oriented Shoppers,1,Normal
49,Male,T-shirt,Clothing,28,Louisiana,M,White,Summer,3.3,No,Credit Card,2-Day Shipping,No,20,Venmo,4,Low,0,Adult,0,1,0.2146915322950092,-1.9069267744652598,Occasional Low-Engagement Buyers,1,Normal
31,Male,T-shirt,Clothing,78,Oklahoma,L,Green,Summer,2.9,No,Debit Card,Express,No,50,PayPal,3,High,1,Young_Adult,0,7,-1.376707325830576,0.5199203520651478,Premium Loyal Customers,1,Normal
68,Male,Sweater,Clothing,31,Michigan,M,Silver,Spring,4.4,No,PayPal,Free Shipping,No,36,Cash,1,Low,0,Senior,0,1,0.15342927639021742,-1.7538530260863916,Occasional Low-Engagement Buyers,1,Normal
49,Male,Shirt,Clothing,23,Oregon,M,Blue,Winter,3.6,No,Cash,Next Day Air,No,12,Bank Transfer,5,Low,0,Adult,0,1,0.26415518012631684,-2.030768907676104,Occasional Low-Engagement Buyers,1,Normal
23,Male,Hat,Accessories,25,Idaho,M,Brown,Spring,4.5,No,PayPal,Store Pickup,No,23,Cash,6,Low,0,Youth,0,1,0.18048144336401434,-1.891438994038864,Occasional Low-Engagement Buyers,1,Normal
30,Male,Pants,Clothing,86,Indiana,S,Red,Summer,3.7,No,PayPal,Store Pickup,No,21,Venmo,2,Very_High,1,Young_Adult,0,5,-1.6045209026114673,0.6952152848213589,High-Value Premium Buyers,1,Normal
53,Male,Shoes,Footwear,88,New Mexico,M,Gold,Spring,2.8,No,Bank Transfer,Free Shipping,No,47,Venmo,2,Very_High,1,Middle_Aged,0,7,-1.5259203551722578,0.7355924681029927,High-Value Premium Buyers,1,Normal
65,Male,Gloves,Accessories,35,South Carolina,M,Silver,Spring,4.5,No,Credit Card,Free Shipping,No,38,Venmo,5,Low,0,Middle_Aged,0,1,0.07820407414135323,-1.6247532974715426,Occasional Low-Engagement Buyers,1,Normal
60,Male,Jewelry,Accessories,34,Vermont,M,Gray,Fall,4.4,No,Cash,Standard,No,40,Credit Card,7,Low,0,Middle_Aged,0,1,0.09163673087634361,-1.6422325988488684,Occasional Low-Engagement Buyers,1,Normal
46,Male,Pants,Clothing,75,Delaware,M,Black,Winter,3.3,No,PayPal,Standard,No,35,PayPal,4,High,1,Adult,0,7,-1.3763408195505513,0.4183143217101161,Premium Loyal Customers,1,Normal
54,Male,Hoodie,Clothing,46,North Dakota,XL,Beige,Winter,4.2,No,Debit Card,Express,No,4,Credit Card,4,Medium,0,Middle_Aged,0,1,-0.17758626862605792,-1.4609327288545326,Family-Oriented Value Buyers,1,Normal
59,Male,Jewelry,Accessories,31,California,L,Peach,Fall,2.7,No,Cash,Free Shipping,No,28,Venmo,7,Low,0,Middle_Aged,0,1,0.24009790777943968,-1.8523775984947484,Occasional Low-Engagement Buyers,1,Normal
52,Male,Socks,Clothing,93,Montana,L,Cyan,Spring,3.9,No,Cash,Store Pickup,No,36,Debit Card,7,Very_High,1,Middle_Aged,0,7,-1.6966425101008542,0.9090967763472353,High-Value Premium Buyers,1,Normal
41,Male,Sunglasses,Accessories,85,Missouri,XL,Pink,Spring,2.6,No,Credit Card,Free Shipping,No,15,Bank Transfer,3,Very_High,1,Adult,0,3,-1.5541345123109778,0.5844625025108819,High-Value Premium Buyers,1,Normal
43,Male,Belt,Accessories,68,Tennessee,M,Lavender,Fall,4.5,No,Credit Card,2-Day Shipping,No,7,Cash,1,High,1,Adult,0,5,-1.405595604676096,0.26764699077534965,Premium Loyal Customers,1,Normal
63,Male,Dress,Clothing,40,Virginia,M,Brown,Spring,2.7,No,Credit Card,Store Pickup,No,29,PayPal,7,Medium,0,Middle_Aged,0,1,0.07796076181597002,-1.6391236627595747,Family-Oriented Value Buyers,1,Normal
37,Male,Shirt,Clothing,51,Vermont,M,Magenta,Winter,2.9,No,Credit Card,Standard,No,12,Debit Card,3,Medium,0,Adult,0,1,-0.19549954928767838,-1.3845205381587566,Family-Oriented Value Buyers,1,Normal
44,Male,Scarf,Accessories,85,Rhode Island,M,Violet,Winter,3.4,No,Credit Card,Store Pickup,No,16,Bank Transfer,5,Very_High,1,Adult,0,3,-1.6046678361903528,0.6461261076806385,High-Value Premium Buyers,1,Normal
67,Male,Jacket,Outerwear,23,Kansas,M,Teal,Summer,2.9,No,PayPal,Express,No,50,Debit Card,5,Low,0,Senior,0,1,0.42551621232206943,-1.9939063552824112,Occasional Low-Engagement Buyers,1,Normal
27,Male,Dress,Clothing,28,Colorado,L,Brown,Summer,3.8,No,Bank Transfer,Free Shipping,No,11,Debit Card,3,Low,0,Young_Adult,0,1,0.1540183085075369,-1.8956341619792174,Occasional Low-Engagement Buyers,1,Normal
60,Male,Socks,Clothing,44,Georgia,M,Olive,Fall,4.2,No,Bank Transfer,2-Day Shipping,No,28,Debit Card,4,Medium,0,Middle_Aged,0,1,-0.11066638033121105,-1.4504604654143576,Family-Oriented Value Buyers,1,Normal
58,Male,Jewelry,Accessories,57,Nebraska,M,Indigo,Spring,3.5,No,Debit Card,Store Pickup,No,36,Venmo,5,Medium,0,Middle_Aged,0,1,-0.22874014130752646,-1.167916632151065,Family-Oriented Value Buyers,1,Normal
53,Male,Scarf,Accessories,98,Missouri,S,Red,Fall,3.1,No,Venmo,Next Day Air,No,38,PayPal,4,Very_High,1,Middle_Aged,0,7,-1.7404388366869132,1.0057561560622856,High-Value Premium Buyers,1,Normal
43,Male,Backpack,Accessories,68,Alaska,M,Olive,Winter,3.5,No,Credit Card,2-Day Shipping,No,32,Bank Transfer,6,High,1,Adult,0,3,-1.2863776083345617,0.277403492327095,Premium Loyal Customers,1,Normal
32,Male,Jacket,Outerwear,36,Virginia,L,Teal,Fall,4.0,No,PayPal,Express,No,42,Debit Card,2,Low,0,Young_Adult,0,1,0.07162335942064812,-1.6020118592424772,Occasional Low-Engagement Buyers,1,Normal
54,Male,Coat,Outerwear,71,Nebraska,L,Cyan,Spring,3.7,No,Cash,Express,No,22,Debit Card,5,High,1,Middle_Aged,0,3,-1.3118851431223073,0.3255342737875778,Premium Loyal Customers,1,Normal
47,Male,Skirt,Clothing,60,Rhode Island,M,Teal,Fall,4.2,No,Venmo,Next Day Air,No,22,Venmo,4,Medium,0,Adult,0,1,-0.4025998284123574,-1.0627069975432017,Premium Loyal Customers,1,Normal
57,Male,Coat,Outerwear,87,New Hampshire,M,Beige,Fall,4.8,No,Credit Card,Store Pickup,No,31,PayPal,4,Very_High,1,Middle_Aged,0,3,-1.6746484933193435,0.7962117465633357,High-Value Premium Buyers,1,Normal
63,Male,Shoes,Footwear,38,Alabama,XL,Magenta,Winter,4.1,No,PayPal,Express,No,28,Credit Card,6,Low,0,Middle_Aged,0,1,0.023167270179124233,-1.6051672064973563,Occasional Low-Engagement Buyers,1,Normal
70,Male,Boots,Footwear,45,North Carolina,M,Indigo,Spring,4.5,No,Credit Card,2-Day Shipping,No,40,Debit Card,2,Medium,0,Senior,0,1,-0.08162237187711542,-1.3745615827561177,Family-Oriented Value Buyers,1,Normal
62,Male,Coat,Outerwear,47,New Mexico,L,Cyan,Fall,2.7,No,PayPal,2-Day Shipping,No,21,PayPal,2,Medium,0,Middle_Aged,0,1,-0.04487699560027884,-1.5080253923714575,Family-Oriented Value Buyers,1,Normal
40,Male,Skirt,Clothing,57,Minnesota,L,Orange,Fall,2.8,No,Credit Card,Store Pickup,No,12,PayPal,7,Medium,0,Adult,0,1,-0.2873067771857344,-1.2499133475826552,Family-Oriented Value Buyers,1,Normal
25,Male,Backpack,Accessories,68,Arizona,L,Violet,Summer,3.7,No,Debit Card,Free Shipping,No,33,Credit Card,3,High,1,Youth,0,3,-1.2918803105736691,0.28388705613646936,Premium Loyal Customers,1,Normal
19,Male,Shorts,Clothing,52,Montana,M,Red,Fall,3.6,No,Credit Card,Express,No,9,Bank Transfer,1,Medium,0,Youth,0,1,-0.2963109627949115,-1.3103118189298475,Young Trend-Oriented Shoppers,1,Normal
25,Male,Skirt,Clothing,87,Vermont,M,Magenta,Fall,4.7,No,PayPal,2-Day Shipping,No,15,Debit Card,2,Very_High,1,Youth,0,5,-1.7557985673475112,0.7595294834479327,High-Value Premium Buyers,1,Normal
21,Male,Hat,Accessories,34,Maine,M,Olive,Summer,3.8,No,PayPal,Standard,No,13,Bank Transfer,3,Low,0,Youth,0,1,0.05438003772537486,-1.7520394924160039,Occasional Low-Engagement Buyers,1,Normal
55,Male,Sandals,Footwear,41,Virginia,XL,Maroon,Winter,2.9,No,Venmo,Standard,No,35,Credit Card,1,Medium,0,Middle_Aged,0,1,0.05540527253613349,-1.5741705438629654,Family-Oriented Value Buyers,1,Normal
34,Male,Sunglasses,Accessories,94,California,S,Yellow,Winter,4.6,No,Credit Card,Next Day Air,No,1,Debit Card,7,Very_High,1,Young_Adult,0,5,-1.8520503902028354,0.9185483851624563,High-Value Premium Buyers,1,Normal
47,Male,Sunglasses,Accessories,93,New York,M,Red,Summer,2.8,No,Bank Transfer,Standard,No,25,Bank Transfer,1,Very_High,1,Adult,0,3,-1.6453587203419415,0.7941273142112376,High-Value Premium Buyers,1,Normal
27,Male,Socks,Clothing,51,Indiana,XL,Purple,Winter,4.6,No,Bank Transfer,2-Day Shipping,No,20,Credit Card,7,Medium,0,Young_Adult,0,1,-0.3054470609683526,-1.2539303181918455,Young Trend-Oriented Shoppers,1,Normal
67,Male,Sweater,Clothing,42,Mississippi,M,Teal,Fall,2.8,No,Venmo,Next Day Air,No,36,Venmo,4,Medium,0,Senior,0,1,0.05806627447620043,-1.556552232931121,Family-Oriented Value Buyers,1,Normal
40,Male,Boots,Footwear,95,New York,M,Red,Winter,3.0,No,Credit Card,Free Shipping,No,33,Cash,2,Very_High,1,Adult,0,3,-1.7246705972999503,0.9054488713608326,High-Value Premium Buyers,1,Normal
53,Male,Handbag,Accessories,90,New Mexico,M,Brown,Fall,3.7,No,Cash,Standard,No,36,Cash,1,Very_High,1,Middle_Aged,0,7,-1.6471959642687344,0.8170567482066099,High-Value Premium Buyers,1,Normal
24,Male,Dress,Clothing,98,Kentucky,M,Peach,Winter,4.1,No,Credit Card,2-Day Shipping,No,32,PayPal,3,Very_High,1,Youth,0,5,-1.8829734107999112,1.0434003954950835,High-Value Premium Buyers,1,Normal
47,Male,Hat,Accessories,39,North Dakota,M,Maroon,Winter,4.3,No,Venmo,Next Day Air,No,21,Venmo,4,Low,0,Adult,0,1,-0.02351315363664981,-1.5613266833781798,Occasional Low-Engagement Buyers,1,Normal
53,Male,Sandals,Footwear,66,Arkansas,L,Red,Fall,3.8,No,Debit Card,Next Day Air,No,48,Venmo,5,High,1,Middle_Aged,0,7,-1.201419335091255,0.26503037497448056,Premium Loyal Customers,1,Normal
47,Male,Shoes,Footwear,23,Maryland,L,Orange,Winter,3.7,No,Cash,Free Shipping,No,25,PayPal,4,Low,0,Adult,0,1,0.2906318859602858,-1.9859823692588436,Occasional Low-Engagement Buyers,1,Normal
38,Male,Skirt,Clothing,73,Connecticut,S,White,Winter,4.8,No,Debit Card,Standard,No,32,PayPal,3,High,1,Adult,0,3,-1.4493278020927154,0.46877983873667495,Premium Loyal Customers,1,Normal
48,Male,Sunglasses,Accessories,23,Utah,XL,White,Summer,4.6,No,Debit Card,Standard,No,45,PayPal,7,Low,0,Adult,0,1,0.2952690526977981,-1.8902754318688746,Occasional Low-Engagement Buyers,1,Normal
47,Male,Skirt,Clothing,43,Missouri,S,Charcoal,Fall,4.8,No,PayPal,Standard,No,4,Cash,1,Medium,0,Adult,0,1,-0.17303648538595018,-1.4897542858269284,Family-Oriented Value Buyers,1,Normal
19,Male,T-shirt,Clothing,45,Nebraska,XL,Turquoise,Winter,4.6,No,PayPal,2-Day Shipping,No,19,PayPal,5,Medium,0,Youth,0,1,-0.2191670314584293,-1.4024602812552416,Young Trend-Oriented Shoppers,1,Normal
38,Male,Sandals,Footwear,21,Hawaii,L,Orange,Winter,4.0,No,Bank Transfer,Standard,No,1,Bank Transfer,2,Low,0,Adult,0,1,0.2657035035102935,-2.0931414271002717,Occasional Low-Engagement Buyers,1,Normal
57,Male,Shirt,Clothing,40,Illinois,M,Orange,Spring,2.6,No,PayPal,2-Day Shipping,No,12,Cash,2,Medium,0,Middle_Aged,0,1,0.043986097973688305,-1.7013854152633106,Family-Oriented Value Buyers,1,Normal
70,Male,Jeans,Clothing,58,Vermont,L,Brown,Fall,2.6,No,Venmo,2-Day Shipping,No,18,Venmo,6,Medium,0,Senior,0,1,-0.24148545050090736,-1.2457686198103475,Family-Oriented Value Buyers,-1,Anomaly
38,Male,Shorts,Clothing,48,New Jersey,L,Magenta,Summer,4.5,No,Bank Transfer,Next Day Air,No,43,Bank Transfer,5,Medium,0,Adult,0,1,-0.15571950173059157,-1.2995215118974042,Family-Oriented Value Buyers,1,Normal
35,Male,Shirt,Clothing,94,Kentucky,M,Violet,Fall,4.2,No,Credit Card,Free Shipping,No,31,PayPal,3,Very_High,1,Young_Adult,0,3,-1.820441892008907,0.945202952752681,High-Value Premium Buyers,1,Normal
46,Male,Scarf,Accessories,74,Wyoming,M,Violet,Spring,3.4,No,Debit Card,Store Pickup,No,33,Cash,7,High,1,Adult,0,3,-1.3483164162623247,0.4039552348069755,Premium Loyal Customers,1,Normal
32,Male,Handbag,Accessories,51,Hawaii,L,Yellow,Fall,3.7,No,Debit Card,Store Pickup,No,46,PayPal,6,Medium,0,Young_Adult,0,1,-0.16134638693248227,-1.2578902413277977,Young Trend-Oriented Shoppers,1,Normal
38,Male,Skirt,Clothing,83,Missouri,M,Maroon,Winter,3.6,No,PayPal,Next Day Air,No,41,Debit Card,5,Very_High,1,Adult,0,3,-1.535854121317266,0.6711583003015729,High-Value Premium Buyers,1,Normal
41,Male,Handbag,Accessories,68,Mississippi,L,Turquoise,Winter,4.0,No,Debit Card,Next Day Air,No,41,Venmo,1,High,1,Adult,0,3,-1.2476235327939031,0.31293003431181227,Premium Loyal Customers,1,Normal
19,Male,Gloves,Accessories,84,Massachusetts,XL,Olive,Spring,4.6,No,Credit Card,Standard,No,9,Bank Transfer,1,Very_High,1,Youth,0,5,-1.6772229676233699,0.6789719243732428,High-Value Premium Buyers,1,Normal
18,Male,Shirt,Clothing,58,Louisiana,M,Peach,Fall,3.0,No,PayPal,Free Shipping,No,34,Cash,3,Medium,0,Youth,0,1,-0.32749426578067414,-1.1494667648475547,Young Trend-Oriented Shoppers,1,Normal
45,Male,Blouse,Clothing,92,West Virginia,L,Charcoal,Winter,3.3,No,Bank Transfer,Express,No,21,PayPal,3,Very_High,1,Adult,0,3,-1.6978782103563008,0.8041641508281118,High-Value Premium Buyers,1,Normal
23,Male,Dress,Clothing,69,Washington,S,Peach,Summer,3.8,No,Credit Card,Express,No,5,Debit Card,1,High,1,Youth,0,5,-1.3766991335611882,0.27542433291313784,Premium Loyal Customers,1,Normal
60,Male,Shorts,Clothing,48,Oregon,S,Black,Summer,2.7,No,Credit Card,Free Shipping,No,32,PayPal,2,Medium,0,Middle_Aged,0,1,-0.05050022197242106,-1.4331726242407175,Family-Oriented Value Buyers,1,Normal
52,Male,Shoes,Footwear,60,New York,L,Gray,Spring,4.5,No,Bank Transfer,Express,No,44,Bank Transfer,6,Medium,0,Middle_Aged,0,1,-0.3448826356304803,-1.0023529067705321,Premium Loyal Customers,1,Normal
42,Male,Sandals,Footwear,20,Iowa,S,Olive,Winter,4.8,No,Venmo,Next Day Air,No,46,PayPal,5,Low,0,Adult,0,1,0.30619238690240286,-1.9154792900687256,Occasional Low-Engagement Buyers,1,Normal
29,Male,Pants,Clothing,55,Idaho,M,Turquoise,Summer,4.2,No,Bank Transfer,Express,No,42,Credit Card,7,Medium,0,Young_Adult,0,1,-0.27888617301539387,-1.1341197828924496,Young Trend-Oriented Shoppers,1,Normal
31,Male,Jacket,Outerwear,88,New Jersey,S,Purple,Spring,3.5,No,Venmo,Express,No,50,Credit Card,5,Very_High,1,Young_Adult,0,3,-1.5913254186275205,0.8228331250293497,High-Value Premium Buyers,1,Normal
30,Male,Skirt,Clothing,48,Ohio,L,Green,Winter,4.9,No,Venmo,Standard,No,33,Venmo,1,Medium,0,Young_Adult,0,1,-0.2192804853572914,-1.2713950383276402,Young Trend-Oriented Shoppers,1,Normal
23,Male,Handbag,Accessories,74,Connecticut,M,Beige,Spring,4.1,No,Bank Transfer,Next Day Air,No,32,Cash,4,High,1,Youth,0,5,-1.4217538341414728,0.4507743842343877,Premium Loyal Customers,1,Normal
31,Male,Coat,Outerwear,42,Florida,M,Brown,Fall,2.9,No,PayPal,Next Day Air,No,32,Bank Transfer,5,Medium,0,Young_Adult,0,1,0.002292711153319707,-1.562689233679746,Young Trend-Oriented Shoppers,1,Normal
40,Male,Sweater,Clothing,32,South Carolina,M,Turquoise,Fall,4.0,No,PayPal,Next Day Air,No,37,Venmo,7,Low,0,Adult,0,1,0.13301284694950563,-1.7237955368731182,Occasional Low-Engagement Buyers,1,Normal
39,Male,Shorts,Clothing,98,Missouri,M,Yellow,Summer,4.6,No,Credit Card,Store Pickup,No,9,Cash,1,Very_High,1,Adult,0,5,-1.9044764378344186,0.9982256977541203,High-Value Premium Buyers,1,Normal
28,Male,Skirt,Clothing,89,Rhode Island,S,Lavender,Fall,2.8,No,Bank Transfer,Store Pickup,No,6,PayPal,1,Very_High,1,Young_Adult,0,5,-1.6691408707024549,0.6816192508965699,High-Value Premium Buyers,1,Normal
23,Male,Gloves,Accessories,97,Delaware,S,Cyan,Summer,5.0,No,Cash,2-Day Shipping,No,36,Venmo,4,Very_High,1,Youth,0,5,-1.8651655980029103,1.1013522764657713,High-Value Premium Buyers,1,Normal
42,Male,Backpack,Accessories,49,Colorado,S,Olive,Spring,2.9,No,Cash,Store Pickup,No,1,Cash,3,Medium,0,Adult,0,1,-0.13903396818338948,-1.4587701616269064,Family-Oriented Value Buyers,1,Normal
68,Male,Dress,Clothing,50,Nebraska,M,Silver,Spring,3.3,No,Bank Transfer,Free Shipping,No,48,Credit Card,1,Medium,0,Senior,0,1,-0.08546967770133128,-1.3209276770724514,Family-Oriented Value Buyers,1,Normal
24,Male,Belt,Accessories,91,Vermont,S,Red,Winter,3.4,No,Venmo,2-Day Shipping,No,44,Debit Card,4,Very_High,1,Youth,0,3,-1.664614966578019,0.9016989431854261,High-Value Premium Buyers,1,Normal
24,Male,Gloves,Accessories,93,Montana,XL,Green,Winter,3.0,No,Bank Transfer,Express,No,9,PayPal,5,Very_High,1,Youth,0,5,-1.752554321233041,0.8074506473407068,High-Value Premium Buyers,1,Normal
21,Male,Jewelry,Accessories,98,Florida,M,Gold,Summer,4.7,No,Debit Card,Standard,No,32,Venmo,3,Very_High,1,Youth,0,5,-1.8662090552931276,1.058662263568164,High-Value Premium Buyers,1,Normal
49,Male,Socks,Clothing,82,Delaware,L,Lavender,Fall,2.9,No,Credit Card,Next Day Air,No,14,PayPal,6,Very_High,1,Adult,0,3,-1.5114600172641983,0.5051690501302601,High-Value Premium Buyers,1,Normal
41,Male,Coat,Outerwear,37,Connecticut,M,Yellow,Summer,4.1,No,Debit Card,Store Pickup,No,43,Cash,4,Low,0,Adult,0,1,0.07662377916743422,-1.598744107658683,Occasional Low-Engagement Buyers,1,Normal
22,Male,Handbag,Accessories,63,Hawaii,M,Black,Fall,3.2,No,Venmo,Free Shipping,No,32,Bank Transfer,5,High,1,Youth,0,3,-1.2213927125550381,0.15272349816696304,Premium Loyal Customers,1,Normal
42,Male,Blouse,Clothing,99,New Mexico,M,Maroon,Winter,2.7,No,Cash,Store Pickup,No,26,Venmo,5,Very_High,1,Adult,0,3,-1.7845806727408204,0.9616461410726221,High-Value Premium Buyers,1,Normal
30,Male,Shorts,Clothing,37,Kansas,M,Maroon,Spring,4.7,No,PayPal,Store Pickup,No,2,Cash,6,Low,0,Young_Adult,0,1,-0.08545869764813684,-1.6614482620337072,Occasional Low-Engagement Buyers,1,Normal
38,Male,Shoes,Footwear,34,Nevada,S,Gold,Spring,3.2,No,PayPal,Free Shipping,No,16,PayPal,7,Low,0,Adult,0,1,0.10204483913742457,-1.767059252616109,Occasional Low-Engagement Buyers,1,Normal
40,Male,Shorts,Clothing,32,North Carolina,M,Violet,Winter,2.5,No,Venmo,Express,No,50,Debit Card,7,Low,0,Adult,0,1,0.23805612273277643,-1.7421702419595952,Occasional Low-Engagement Buyers,1,Normal
55,Male,Sandals,Footwear,23,New Mexico,XL,Teal,Winter,4.3,No,Bank Transfer,Next Day Air,No,6,PayPal,7,Low,0,Middle_Aged,0,1,0.23070403723413146,-2.010131988873738,Occasional Low-Engagement Buyers,1,Normal
37,Male,Blouse,Clothing,78,Idaho,M,Violet,Spring,4.4,No,Venmo,Free Shipping,No,20,PayPal,3,High,1,Adult,0,5,-1.5578707449168692,0.5298739729321491,Premium Loyal Customers,1,Normal
41,Male,Coat,Outerwear,54,California,M,Brown,Winter,4.7,No,PayPal,Next Day Air,No,9,Credit Card,2,Medium,0,Adult,0,1,-0.3345471074706788,-1.2368132437358108,Family-Oriented Value Buyers,1,Normal
38,Male,Blouse,Clothing,94,Wisconsin,XL,Brown,Fall,4.0,No,PayPal,Express,No,47,Credit Card,5,Very_High,1,Adult,0,3,-1.7687354458208178,0.9743473878813064,High-Value Premium Buyers,1,Normal
42,Male,Belt,Accessories,75,Alaska,S,Maroon,Spring,4.6,No,Debit Card,Express,No,33,Credit Card,3,High,1,Adult,0,3,-1.4524592726131962,0.5175192801893185,Premium Loyal Customers,1,Normal
26,Male,Blouse,Clothing,69,Pennsylvania,S,Maroon,Summer,3.8,No,Venmo,Next Day Air,No,46,Cash,5,High,1,Young_Adult,0,3,-1.3078114648355905,0.37474402565551684,Premium Loyal Customers,1,Normal
41,Male,Scarf,Accessories,35,Virginia,L,Yellow,Winter,3.2,No,Bank Transfer,Next Day Air,No,9,Credit Card,6,Low,0,Adult,0,1,0.09313893935229209,-1.7730090207928368,Occasional Low-Engagement Buyers,1,Normal
27,Male,Shirt,Clothing,78,California,L,Turquoise,Spring,5.0,No,Bank Transfer,Express,No,8,PayPal,6,High,1,Young_Adult,0,5,-1.5909196710274838,0.5288136206722795,Premium Loyal Customers,1,Normal
61,Male,Socks,Clothing,29,Kentucky,M,Silver,Summer,3.5,No,Debit Card,Standard,No,48,Bank Transfer,4,Low,0,Middle_Aged,0,1,0.2703791490675618,-1.8349796097877265,Occasional Low-Engagement Buyers,1,Normal
58,Male,Jeans,Clothing,62,New York,M,Brown,Fall,3.7,No,Credit Card,Next Day Air,No,2,Cash,6,High,1,Middle_Aged,0,3,-1.2411306417318995,0.04251758718583913,Premium Loyal Customers,1,Normal
25,Male,Dress,Clothing,58,Vermont,M,Gray,Spring,4.8,No,Venmo,Next Day Air,No,31,PayPal,2,Medium,0,Youth,0,1,-0.39937177323612516,-1.0495234957338615,Young Trend-Oriented Shoppers,1,Normal
33,Male,Boots,Footwear,88,Pennsylvania,M,Indigo,Summer,3.7,No,PayPal,2-Day Shipping,No,40,Venmo,6,Very_High,1,Young_Adult,0,3,-1.6168712860307781,0.7800405064056489,High-Value Premium Buyers,1,Normal
57,Male,Scarf,Accessories,80,New York,L,Turquoise,Summer,3.5,No,Cash,Free Shipping,No,35,Venmo,6,High,1,Middle_Aged,0,7,-1.4244729162107077,0.5489915492051837,High-Value Premium Buyers,1,Normal
39,Male,Scarf,Accessories,47,North Carolina,M,Maroon,Summer,4.9,No,Bank Transfer,Store Pickup,No,40,Debit Card,6,Medium,0,Adult,0,1,-0.1631217932677536,-1.2877339399549068,Family-Oriented Value Buyers,1,Normal
60,Male,Gloves,Accessories,51,Wyoming,L,Charcoal,Summer,4.7,No,PayPal,Next Day Air,No,27,Debit Card,7,Medium,0,Middle_Aged,0,1,-0.19857126360123067,-1.2540271452384044,Family-Oriented Value Buyers,1,Normal
39,Male,Pants,Clothing,25,Ohio,L,Peach,Spring,4.9,No,Bank Transfer,2-Day Shipping,No,10,Venmo,3,Low,0,Adult,0,1,0.14996246822760456,-1.9202739606916186,Occasional Low-Engagement Buyers,1,Normal
42,Male,Dress,Clothing,36,Alabama,M,Red,Summer,4.3,No,PayPal,Next Day Air,No,23,Credit Card,2,Low,0,Adult,0,1,0.027674308073196104,-1.6588285518573556,Occasional Low-Engagement Buyers,1,Normal
53,Male,Dress,Clothing,79,Rhode Island,M,Indigo,Winter,3.1,No,Venmo,Free Shipping,No,32,Cash,4,High,1,Middle_Aged,0,7,-1.448141751501931,0.514647355606475,Premium Loyal Customers,1,Normal
20,Male,Jeans,Clothing,41,Oregon,S,Lavender,Winter,3.4,No,Venmo,2-Day Shipping,No,6,Debit Card,6,Medium,0,Youth,0,1,-0.08034394678160385,-1.575771442949389,Young Trend-Oriented Shoppers,1,Normal
46,Male,Sweater,Clothing,68,North Dakota,XL,Red,Fall,2.7,No,PayPal,Express,No,27,PayPal,2,High,1,Adult,0,3,-1.2376901636865114,0.20169884181923614,Premium Loyal Customers,1,Normal
46,Male,Sandals,Footwear,51,Illinois,L,Green,Spring,2.6,No,PayPal,Store Pickup,No,25,Bank Transfer,1,Medium,0,Adult,0,1,-0.10857815771458,-1.3874868585304398,Family-Oriented Value Buyers,1,Normal
69,Male,Handbag,Accessories,38,New Mexico,M,Gray,Fall,2.9,No,Debit Card,Next Day Air,No,11,Credit Card,3,Low,0,Senior,0,1,0.07517473101378556,-1.735278812129598,Occasional Low-Engagement Buyers,1,Normal
28,Male,Scarf,Accessories,46,Colorado,XL,Violet,Summer,2.7,No,Debit Card,2-Day Shipping,No,23,PayPal,6,Medium,0,Young_Adult,0,1,-0.05841510803709653,-1.5039641095159992,Young Trend-Oriented Shoppers,1,Normal
42,Male,Sandals,Footwear,20,Utah,XL,Beige,Summer,4.5,No,Credit Card,2-Day Shipping,No,44,Bank Transfer,4,Low,0,Adult,0,1,0.316054846494378,-1.9565916580699751,Occasional Low-Engagement Buyers,1,Normal
30,Male,Sunglasses,Accessories,25,Virginia,M,Orange,Summer,3.1,No,Venmo,Store Pickup,No,35,PayPal,1,Low,0,Young_Adult,0,1,0.3066886351600744,-1.9372443168062055,Occasional Low-Engagement Buyers,1,Normal
50,Male,Sweater,Clothing,89,Maine,L,Purple,Winter,3.2,No,PayPal,Free Shipping,No,45,Debit Card,7,Very_High,1,Adult,0,7,-1.5820861069985173,0.7946981894626503,High-Value Premium Buyers,1,Normal
59,Male,Pants,Clothing,77,Nebraska,M,Brown,Winter,3.3,No,PayPal,Next Day Air,No,22,Bank Transfer,4,High,1,Middle_Aged,0,7,-1.4202499787657012,0.4287949884029221,Premium Loyal Customers,1,Normal
54,Male,Hat,Accessories,94,Hawaii,M,Maroon,Fall,2.9,No,Credit Card,Express,No,18,Debit Card,4,Very_High,1,Middle_Aged,0,3,-1.7078552112850953,0.8424347774256394,High-Value Premium Buyers,1,Normal
50,Male,Belt,Accessories,100,Idaho,L,Gold,Fall,4.1,No,Cash,Standard,No,20,Debit Card,2,Very_High,1,Adult,0,3,-1.8646392610513696,1.0497690338020946,High-Value Premium Buyers,1,Normal
25,Male,Sandals,Footwear,96,West Virginia,M,Indigo,Winter,2.7,No,Debit Card,Express,No,28,Credit Card,1,Very_High,1,Youth,0,3,-1.7299344750704004,0.8937839406935791,High-Value Premium Buyers,-1,Anomaly
41,Male,Pants,Clothing,36,Vermont,XL,Silver,Winter,4.0,No,Credit Card,Store Pickup,No,15,Venmo,5,Low,0,Adult,0,1,0.011997236206949237,-1.670275838121311,Occasional Low-Engagement Buyers,1,Normal
35,Male,Jewelry,Accessories,27,Indiana,XL,Red,Fall,2.6,No,Bank Transfer,Store Pickup,No,42,Bank Transfer,1,Low,0,Young_Adult,0,1,0.31395672256668217,-1.8948948605285987,Occasional Low-Engagement Buyers,1,Normal
67,Male,Sunglasses,Accessories,67,Idaho,M,Magenta,Winter,3.5,No,Cash,Store Pickup,No,20,Debit Card,4,High,1,Senior,0,7,-1.2436407195124215,0.2133151500302796,Premium Loyal Customers,1,Normal
33,Male,Blouse,Clothing,91,Minnesota,S,Purple,Fall,2.8,No,PayPal,Store Pickup,No,16,Bank Transfer,1,Very_High,1,Young_Adult,0,5,-1.6812753678876775,0.7533898352849971,High-Value Premium Buyers,1,Normal
19,Male,Belt,Accessories,62,Wyoming,XL,Beige,Fall,4.5,No,Cash,Store Pickup,No,47,Cash,3,High,1,Youth,0,3,-1.2388469074501403,0.25889752648087305,Premium Loyal Customers,1,Normal
25,Male,Shorts,Clothing,88,Kansas,XL,White,Fall,3.0,No,Debit Card,Free Shipping,No,34,Credit Card,3,Very_High,1,Youth,0,3,-1.635701722051049,0.7383518213149279,High-Value Premium Buyers,1,Normal
32,Male,Pants,Clothing,66,Georgia,M,Teal,Summer,4.4,No,PayPal,Store Pickup,No,30,Credit Card,2,High,1,Young_Adult,0,3,-1.304532432664182,0.2642001390146252,Premium Loyal Customers,1,Normal
30,Male,Sandals,Footwear,65,Kansas,M,Gray,Fall,4.7,No,Credit Card,Next Day Air,No,5,PayPal,4,High,1,Young_Adult,0,5,-1.386489373319948,0.199721985701976,Premium Loyal Customers,1,Normal
18,Male,Gloves,Accessories,25,Nebraska,L,Charcoal,Winter,4.3,No,Credit Card,Standard,No,38,Cash,4,Low,0,Youth,0,1,0.213990057901641,-1.8394924639945136,Occasional Low-Engagement Buyers,1,Normal
38,Male,Belt,Accessories,64,Washington,S,Olive,Spring,4.8,No,Credit Card,Free Shipping,No,18,Credit Card,3,High,1,Adult,0,5,-1.3227621760560553,0.23252498013599388,Premium Loyal Customers,1,Normal
22,Male,Shirt,Clothing,72,Missouri,L,Blue,Spring,4.8,No,Credit Card,Store Pickup,No,28,Cash,3,High,1,Youth,0,5,-1.4539804110409091,0.4439964122628819,Premium Loyal Customers,1,Normal
40,Male,Scarf,Accessories,74,Washington,S,Gray,Summer,4.4,No,Venmo,Next Day Air,No,42,Credit Card,1,High,1,Adult,0,3,-1.3965606428649182,0.518891608526355,Premium Loyal Customers,1,Normal
54,Male,Gloves,Accessories,50,Kansas,M,Green,Fall,3.7,No,Debit Card,Free Shipping,No,5,Credit Card,2,Medium,0,Middle_Aged,0,1,-0.22824214961407624,-1.4012767508577197,Family-Oriented Value Buyers,1,Normal
70,Male,Pants,Clothing,97,Minnesota,M,Silver,Fall,3.9,No,Bank Transfer,Express,No,50,Venmo,6,Very_High,1,Senior,0,7,-1.7354587475981078,1.0197184775634525,High-Value Premium Buyers,1,Normal
52,Male,Sneakers,Footwear,36,Colorado,S,Teal,Spring,3.8,No,Debit Card,Express,No,33,Venmo,1,Low,0,Middle_Aged,0,1,0.11410531320402105,-1.6442077561191872,Occasional Low-Engagement Buyers,1,Normal
34,Male,Jacket,Outerwear,49,Utah,M,Beige,Fall,4.1,No,Cash,Store Pickup,No,1,Credit Card,2,Medium,0,Young_Adult,0,1,-0.24742913934877464,-1.3968799791944888,Young Trend-Oriented Shoppers,1,Normal
65,Male,Shoes,Footwear,64,North Carolina,L,Lavender,Spring,4.0,No,Bank Transfer,Store Pickup,No,14,Cash,1,High,1,Middle_Aged,0,3,-1.2156192537862298,0.13099619333996443,Premium Loyal Customers,1,Normal
38,Male,Blouse,Clothing,31,Florida,XL,Gray,Summer,4.5,No,Credit Card,Express,No,48,Credit Card,6,Low,0,Adult,0,1,0.12077161866895011,-1.6773623270918443,Occasional Low-Engagement Buyers,1,Normal
35,Male,Boots,Footwear,66,New Hampshire,S,Yellow,Winter,4.0,No,Cash,Express,No,26,Cash,2,High,1,Young_Adult,0,3,-1.2831529769107832,0.26477639559523414,Premium Loyal Customers,1,Normal
40,Male,Socks,Clothing,82,Illinois,M,Gray,Spring,4.5,No,Credit Card,2-Day Shipping,No,44,Credit Card,3,Very_High,1,Adult,0,3,-1.588977450458619,0.6989715221190211,High-Value Premium Buyers,1,Normal
23,Male,T-shirt,Clothing,88,Louisiana,M,Yellow,Winter,2.7,No,Venmo,Standard,No,18,Debit Card,1,Very_High,1,Youth,0,5,-1.6215961357642497,0.692916516015999,High-Value Premium Buyers,1,Normal
45,Male,Sandals,Footwear,34,Alabama,S,Black,Summer,3.8,No,Bank Transfer,Next Day Air,No,31,Venmo,7,Low,0,Adult,0,1,0.13312002492901212,-1.7032299172402097,Occasional Low-Engagement Buyers,1,Normal
40,Male,Sneakers,Footwear,84,Florida,L,Beige,Winter,3.8,No,Credit Card,Standard,No,18,Debit Card,2,Very_High,1,Adult,0,3,-1.5765359010096318,0.646500516164998,High-Value Premium Buyers,1,Normal
42,Male,Jewelry,Accessories,96,Alabama,L,Indigo,Summer,3.8,No,Bank Transfer,2-Day Shipping,No,41,Credit Card,7,Very_High,1,Adult,0,3,-1.7365939002314164,0.9765989912841342,High-Value Premium Buyers,1,Normal
57,Male,Sandals,Footwear,71,California,L,Green,Winter,4.3,No,Credit Card,Next Day Air,No,18,Debit Card,7,High,1,Middle_Aged,0,3,-1.3753847389530798,0.3586244551783256,Premium Loyal Customers,1,Normal
18,Male,Jacket,Outerwear,77,Maryland,M,Purple,Summer,3.5,No,Bank Transfer,Free Shipping,No,3,Bank Transfer,5,High,1,Youth,0,5,-1.5091373140717397,0.4004342602962986,Premium Loyal Customers,1,Normal
18,Male,Skirt,Clothing,66,Nevada,M,Orange,Spring,3.8,No,PayPal,Next Day Air,No,5,Credit Card,5,High,1,Youth,0,5,-1.3461311562566518,0.1726418498582939,Premium Loyal Customers,1,Normal
56,Male,Shirt,Clothing,21,Massachusetts,M,Teal,Winter,3.7,No,Cash,2-Day Shipping,No,13,Debit Card,3,Low,0,Middle_Aged,0,1,0.29669060085148496,-2.057736799005136,Occasional Low-Engagement Buyers,1,Normal
35,Male,Shorts,Clothing,37,South Carolina,M,Gold,Summer,4.8,No,Credit Card,2-Day Shipping,No,22,PayPal,3,Low,0,Young_Adult,0,1,-0.057930937358359205,-1.5940793159408397,Occasional Low-Engagement Buyers,1,Normal
49,Male,Socks,Clothing,90,Delaware,L,Gray,Fall,4.9,No,Venmo,Free Shipping,No,45,PayPal,1,Very_High,1,Adult,0,7,-1.730805710253369,0.9162561107194953,High-Value Premium Buyers,1,Normal
49,Male,Jacket,Outerwear,96,Hawaii,M,Cyan,Fall,4.3,No,Cash,Store Pickup,No,39,PayPal,7,Very_High,1,Adult,0,7,-1.7868742098185513,1.0079236678939147,High-Value Premium Buyers,1,Normal
34,Male,Jewelry,Accessories,37,Florida,L,Teal,Summer,4.4,No,PayPal,Next Day Air,No,18,Venmo,3,Low,0,Young_Adult,0,1,0.01546852263033581,-1.6356636389062207,Occasional Low-Engagement Buyers,1,Normal
63,Male,T-shirt,Clothing,66,Rhode Island,M,Violet,Winter,3.4,No,Cash,Free Shipping,No,19,PayPal,1,High,1,Middle_Aged,0,7,-1.2497486347182194,0.17035517116181015,Premium Loyal Customers,1,Normal
42,Male,Gloves,Accessories,45,Wyoming,XL,Indigo,Spring,4.3,No,Bank Transfer,Next Day Air,No,29,Debit Card,2,Medium,0,Adult,0,1,-0.09623784710073953,-1.4039951953445147,Family-Oriented Value Buyers,1,Normal
41,Male,Shoes,Footwear,89,Colorado,L,Pink,Summer,4.6,No,Venmo,Store Pickup,No,19,Credit Card,2,Very_High,1,Adult,0,5,-1.7136381496605413,0.80277618770629,High-Value Premium Buyers,1,Normal
26,Male,Shoes,Footwear,94,Virginia,L,Gold,Fall,3.8,No,PayPal,Free Shipping,No,22,Debit Card,6,Very_High,1,Young_Adult,0,5,-1.7915207881826278,0.9029804861096727,High-Value Premium Buyers,1,Normal
48,Male,Shoes,Footwear,96,Nebraska,S,Maroon,Summer,3.9,No,Venmo,Express,No,21,Bank Transfer,3,Very_High,1,Adult,0,3,-1.7893810238576415,0.9519270733909935,High-Value Premium Buyers,1,Normal
62,Male,Hoodie,Clothing,31,Oklahoma,M,Brown,Spring,2.6,No,Credit Card,Store Pickup,No,22,PayPal,6,Low,0,Middle_Aged,0,1,0.23179699701444273,-1.8924358206850003,Occasional Low-Engagement Buyers,1,Normal
24,Male,Belt,Accessories,79,North Dakota,M,Gold,Winter,4.2,No,Venmo,Store Pickup,No,44,PayPal,7,High,1,Youth,0,3,-1.5114553885029651,0.6383921812134131,Premium Loyal Customers,1,Normal
48,Male,Coat,Outerwear,39,Michigan,L,Teal,Spring,4.6,No,Venmo,Store Pickup,No,42,Bank Transfer,4,Low,0,Adult,0,1,0.014652688377635219,-1.500628220937951,Occasional Low-Engagement Buyers,1,Normal
31,Male,Blouse,Clothing,22,California,M,Turquoise,Fall,5.0,No,Debit Card,Standard,No,33,Credit Card,4,Low,0,Young_Adult,0,1,0.20048618952945635,-1.9178497544225217,Occasional Low-Engagement Buyers,1,Normal
41,Male,Skirt,Clothing,32,Tennessee,L,Olive,Fall,4.2,No,PayPal,Standard,No,6,Bank Transfer,3,Low,0,Adult,0,1,0.0471891666476949,-1.8067214475465363,Occasional Low-Engagement Buyers,1,Normal
24,Male,T-shirt,Clothing,71,Ohio,L,Cyan,Winter,4.3,No,Bank Transfer,Store Pickup,No,44,Credit Card,7,High,1,Youth,0,3,-1.3780287942590936,0.4437134858520079,Premium Loyal Customers,1,Normal
60,Male,Jeans,Clothing,96,Florida,XL,Beige,Spring,3.3,No,Venmo,Free Shipping,No,24,Cash,3,Very_High,1,Middle_Aged,0,7,-1.7474965083223146,0.9061733881686511,High-Value Premium Buyers,1,Normal
38,Male,Scarf,Accessories,82,Missouri,M,Blue,Fall,4.9,No,Venmo,Express,No,16,PayPal,4,Very_High,1,Adult,0,5,-1.654033882923456,0.663147080433028,High-Value Premium Buyers,1,Normal
58,Male,Backpack,Accessories,76,South Carolina,L,Gold,Spring,4.4,No,Cash,Standard,No,12,Bank Transfer,1,High,1,Middle_Aged,0,3,-1.4534906850946543,0.4463820543887048,Premium Loyal Customers,1,Normal
53,Male,Backpack,Accessories,22,Arizona,M,Green,Winter,3.1,No,Venmo,2-Day Shipping,No,50,PayPal,6,Low,0,Middle_Aged,0,1,0.3819538382215588,-1.9717061111991543,Occasional Low-Engagement Buyers,1,Normal
44,Male,Scarf,Accessories,40,Indiana,XL,Green,Winter,3.5,No,PayPal,Store Pickup,No,42,Cash,4,Medium,0,Adult,0,1,0.03540594718270178,-1.5239606782889572,Family-Oriented Value Buyers,1,Normal
51,Male,Hat,Accessories,92,North Dakota,M,Turquoise,Summer,3.9,No,Bank Transfer,2-Day Shipping,No,50,PayPal,6,Very_High,1,Middle_Aged,0,7,-1.6540313784892435,0.9034232769193875,High-Value Premium Buyers,1,Normal
36,Male,Coat,Outerwear,94,Montana,XL,Yellow,Fall,3.9,No,Bank Transfer,Store Pickup,No,10,PayPal,4,Very_High,1,Adult,0,5,-1.7979793664737218,0.8610636458367967,High-Value Premium Buyers,1,Normal
20,Male,Dress,Clothing,44,Missouri,M,Yellow,Fall,4.3,No,Bank Transfer,Store Pickup,No,32,Debit Card,2,Medium,0,Youth,0,1,-0.14007635628279097,-1.3969623773876518,Young Trend-Oriented Shoppers,1,Normal
32,Male,Gloves,Accessories,49,Kentucky,S,Blue,Spring,3.8,No,Venmo,Express,No,37,Venmo,2,Medium,0,Young_Adult,0,1,-0.13782349336591393,-1.2962331016803088,Young Trend-Oriented Shoppers,1,Normal
66,Male,Sweater,Clothing,26,Georgia,L,Charcoal,Spring,2.7,No,Credit Card,2-Day Shipping,No,15,Bank Transfer,6,Low,0,Senior,0,1,0.3091548113406244,-2.0251121968787134,Occasional Low-Engagement Buyers,1,Normal
49,Male,Skirt,Clothing,38,Kentucky,M,Yellow,Fall,4.4,No,Credit Card,Store Pickup,No,27,Credit Card,3,Low,0,Adult,0,1,-0.03985926993552277,-1.5762463705984706,Occasional Low-Engagement Buyers,1,Normal
27,Male,Blouse,Clothing,72,Georgia,L,Purple,Spring,3.5,No,Debit Card,Express,No,7,Venmo,2,High,1,Young_Adult,0,5,-1.3872670283364137,0.2878180540314066,Premium Loyal Customers,1,Normal
29,Male,Dress,Clothing,99,Alaska,M,Green,Summer,3.4,No,Cash,Free Shipping,No,49,PayPal,4,Very_High,1,Young_Adult,0,3,-1.8014687641222855,1.0740139939270426,High-Value Premium Buyers,1,Normal
29,Male,Jacket,Outerwear,38,Maine,L,Charcoal,Spring,4.0,No,Venmo,Standard,No,44,PayPal,6,Low,0,Young_Adult,0,1,0.05270994248546516,-1.5652872521800554,Occasional Low-Engagement Buyers,1,Normal
55,Male,Coat,Outerwear,96,New Mexico,L,Silver,Winter,4.8,No,Credit Card,Express,No,13,PayPal,5,Very_High,1,Middle_Aged,0,3,-1.8511961386268077,0.9634576034037956,High-Value Premium Buyers,1,Normal
57,Male,Dress,Clothing,27,New York,L,Turquoise,Spring,4.5,No,Cash,Next Day Air,No,38,PayPal,1,Low,0,Middle_Aged,0,1,0.2355614120853733,-1.8246305979244404,Occasional Low-Engagement Buyers,1,Normal
29,Male,Shorts,Clothing,24,Oklahoma,M,Gray,Winter,4.4,No,PayPal,Standard,No,10,Debit Card,2,Low,0,Young_Adult,0,1,0.1744565821574905,-1.9515989800271594,Occasional Low-Engagement Buyers,1,Normal
31,Male,Jeans,Clothing,82,Wyoming,L,Red,Summer,4.1,No,Bank Transfer,2-Day Shipping,No,25,Debit Card,2,Very_High,1,Young_Adult,0,5,-1.560681232176572,0.6259451314587317,High-Value Premium Buyers,1,Normal
25,Male,Hat,Accessories,56,Alabama,M,Beige,Summer,4.6,No,Bank Transfer,Next Day Air,No,18,Credit Card,4,Medium,0,Youth,0,1,-0.35842866607058954,-1.145936633245063,Young Trend-Oriented Shoppers,1,Normal
61,Male,Gloves,Accessories,25,Maryland,M,Maroon,Fall,3.8,No,Cash,Store Pickup,No,6,Cash,7,Low,0,Middle_Aged,0,1,0.22454883953646793,-1.9877488240358423,Occasional Low-Engagement Buyers,1,Normal
53,Male,Sneakers,Footwear,67,West Virginia,L,Indigo,Spring,2.9,No,Bank Transfer,Free Shipping,No,35,Bank Transfer,4,High,1,Middle_Aged,0,7,-1.1817083344413963,0.20267813093138864,Premium Loyal Customers,1,Normal
22,Male,Shoes,Footwear,21,Kentucky,M,Red,Summer,2.8,No,Bank Transfer,Standard,No,31,Credit Card,1,Low,0,Youth,0,1,0.38170391589341895,-2.075564841596221,Occasional Low-Engagement Buyers,-1,Anomaly
28,Male,Hoodie,Clothing,27,Kansas,XL,Maroon,Summer,3.0,No,Bank Transfer,Store Pickup,No,41,Bank Transfer,3,Low,0,Young_Adult,0,1,0.2750814293896213,-1.8932986726455878,Occasional Low-Engagement Buyers,1,Normal
18,Male,Sneakers,Footwear,97,Idaho,S,Red,Fall,4.2,No,Debit Card,2-Day Shipping,No,8,Credit Card,3,Very_High,1,Youth,0,5,-1.9075415763150028,0.9716436955334904,High-Value Premium Buyers,1,Normal
44,Male,Handbag,Accessories,45,Ohio,S,Black,Winter,4.1,No,Cash,Free Shipping,No,34,Credit Card,1,Medium,0,Adult,0,1,-0.1034365752591677,-1.3856179312699317,Family-Oriented Value Buyers,1,Normal
32,Male,Blouse,Clothing,63,Iowa,XL,Black,Fall,4.1,No,Cash,Express,No,20,Venmo,3,High,1,Young_Adult,0,5,-1.2780492639388632,0.16777372667620896,Premium Loyal Customers,1,Normal
34,Male,Belt,Accessories,100,Michigan,L,Pink,Summer,4.6,No,Cash,2-Day Shipping,No,38,PayPal,7,Very_High,1,Young_Adult,0,3,-1.8803129020172857,1.1257623982928906,High-Value Premium Buyers,1,Normal
67,Male,Socks,Clothing,38,South Dakota,L,Blue,Spring,2.5,No,PayPal,Store Pickup,No,35,Venmo,4,Low,0,Senior,0,1,0.164810631889584,-1.7059230752185217,Occasional Low-Engagement Buyers,1,Normal
66,Male,Blouse,Clothing,45,Nebraska,L,Green,Summer,3.0,No,PayPal,Store Pickup,No,6,Debit Card,3,Medium,0,Senior,0,1,-0.05017475704473805,-1.5701680774373423,Family-Oriented Value Buyers,1,Normal
28,Male,Jewelry,Accessories,91,California,M,Orange,Fall,3.8,No,Credit Card,Next Day Air,No,50,PayPal,2,Very_High,1,Young_Adult,0,3,-1.6773385607554239,0.9051973612897314,High-Value Premium Buyers,1,Normal
70,Male,Shorts,Clothing,82,Nevada,M,Orange,Fall,4.1,No,PayPal,Free Shipping,No,47,Venmo,2,Very_High,1,Senior,0,7,-1.5105756016924665,0.6641126171945817,High-Value Premium Buyers,1,Normal
37,Male,Boots,Footwear,48,Kansas,L,Magenta,Winter,3.3,No,Venmo,Standard,No,23,PayPal,4,Medium,0,Adult,0,1,-0.129846629372381,-1.410407561905959,Family-Oriented Value Buyers,1,Normal
28,Male,Coat,Outerwear,30,Ohio,M,Indigo,Spring,5.0,No,PayPal,2-Day Shipping,No,13,Credit Card,4,Low,0,Young_Adult,0,1,0.047169291466427246,-1.7810596133721996,Occasional Low-Engagement Buyers,1,Normal
43,Male,T-shirt,Clothing,34,Vermont,S,Beige,Spring,3.8,No,Debit Card,Next Day Air,No,31,Debit Card,6,Low,0,Adult,0,1,0.11991325251454948,-1.691582788860004,Occasional Low-Engagement Buyers,1,Normal
37,Male,Sweater,Clothing,68,Georgia,L,Green,Fall,3.3,No,PayPal,Express,No,16,Debit Card,7,High,1,Adult,0,3,-1.3029891493898105,0.2293545005981297,Premium Loyal Customers,1,Normal
54,Male,Sunglasses,Accessories,95,Maryland,M,Red,Winter,5.0,No,Venmo,Express,No,40,Debit Card,3,Very_High,1,Middle_Aged,0,7,-1.8062582141048746,1.0503717395941434,High-Value Premium Buyers,1,Normal
50,Male,Hat,Accessories,22,Connecticut,L,Beige,Spring,2.9,No,Credit Card,2-Day Shipping,No,45,PayPal,4,Low,0,Adult,0,1,0.40983196411666306,-2.01164882549815,Occasional Low-Engagement Buyers,1,Normal
46,Male,Gloves,Accessories,88,Washington,M,Green,Fall,2.5,No,PayPal,Next Day Air,No,50,Venmo,7,Very_High,1,Adult,0,7,-1.5180925416939632,0.7470849642782134,High-Value Premium Buyers,-1,Anomaly
60,Male,Socks,Clothing,83,California,M,Orange,Summer,4.7,No,PayPal,Standard,No,1,Bank Transfer,4,Very_High,1,Middle_Aged,0,5,-1.6458642398658665,0.5830595897167055,High-Value Premium Buyers,1,Normal
40,Male,Handbag,Accessories,87,Montana,L,Cyan,Spring,2.9,No,PayPal,2-Day Shipping,No,10,Cash,7,Very_High,1,Adult,0,3,-1.5962042074255907,0.6210299034556009,High-Value Premium Buyers,1,Normal
64,Male,Coat,Outerwear,57,Idaho,M,Violet,Summer,3.7,No,Debit Card,Store Pickup,No,48,Credit Card,7,Medium,0,Middle_Aged,0,1,-0.20895034782051097,-1.1328010057781468,Family-Oriented Value Buyers,1,Normal
18,Male,Coat,Outerwear,88,Pennsylvania,XL,Lavender,Summer,4.4,No,Venmo,2-Day Shipping,No,38,Credit Card,6,Very_High,1,Youth,0,5,-1.6861658690991785,0.8382868301277799,High-Value Premium Buyers,1,Normal
37,Male,Pants,Clothing,20,Maine,L,Turquoise,Winter,2.9,No,Debit Card,Next Day Air,No,21,Debit Card,3,Low,0,Adult,0,1,0.39426615966030676,-2.1212165408884793,Occasional Low-Engagement Buyers,1,Normal
36,Male,Belt,Accessories,39,Montana,L,Pink,Summer,3.6,No,Cash,Store Pickup,No,38,Venmo,6,Low,0,Adult,0,1,0.0633610505978846,-1.5723419747442737,Occasional Low-Engagement Buyers,1,Normal
51,Male,Sunglasses,Accessories,71,New Jersey,S,Beige,Spring,4.8,No,Bank Transfer,2-Day Shipping,No,31,Credit Card,1,High,1,Middle_Aged,0,3,-1.3872213542760692,0.4196885344997675,Premium Loyal Customers,1,Normal
26,Male,Hoodie,Clothing,73,Louisiana,L,Silver,Winter,4.7,No,Bank Transfer,Free Shipping,No,9,Debit Card,1,High,1,Young_Adult,0,5,-1.490352909578503,0.4092309464518116,Premium Loyal Customers,1,Normal
68,Male,Handbag,Accessories,63,Maine,M,Gold,Summer,2.6,No,Cash,Free Shipping,No,47,Cash,2,High,1,Senior,0,7,-1.0607477876617963,0.10622407824119832,Premium Loyal Customers,-1,Anomaly
27,Male,Gloves,Accessories,78,Florida,L,Silver,Winter,3.4,No,Cash,Standard,No,8,Cash,5,High,1,Young_Adult,0,5,-1.4879403007273426,0.44970783469155234,Premium Loyal Customers,1,Normal
28,Male,Skirt,Clothing,96,Missouri,L,Green,Fall,3.5,No,Bank Transfer,Next Day Air,No,30,Debit Card,3,Very_High,1,Young_Adult,0,3,-1.7821115157909426,0.9597113434281528,High-Value Premium Buyers,1,Normal
49,Male,Sunglasses,Accessories,81,North Dakota,M,Teal,Winter,3.4,No,Bank Transfer,2-Day Shipping,No,22,Bank Transfer,4,High,1,Adult,0,3,-1.5128008912342543,0.5525366440518159,High-Value Premium Buyers,1,Normal
70,Male,Dress,Clothing,95,Connecticut,S,Gold,Fall,5.0,No,Cash,2-Day Shipping,No,3,Bank Transfer,4,Very_High,1,Senior,0,3,-1.8831737950471648,0.9325218276757283,High-Value Premium Buyers,-1,Anomaly
30,Male,Gloves,Accessories,68,Virginia,M,Cyan,Spring,4.6,No,Credit Card,Standard,No,15,PayPal,6,High,1,Young_Adult,0,5,-1.3857134480693984,0.29092902374825036,Premium Loyal Customers,1,Normal
27,Male,Sneakers,Footwear,28,Montana,L,Gold,Spring,4.8,No,PayPal,2-Day Shipping,No,10,Bank Transfer,7,Low,0,Young_Adult,0,1,0.08897244268646938,-1.8418104434553333,Occasional Low-Engagement Buyers,1,Normal
19,Male,T-shirt,Clothing,30,Vermont,L,Violet,Summer,3.7,No,PayPal,Free Shipping,No,19,Cash,7,Low,0,Youth,0,1,0.12407098171152023,-1.8314487134171866,Occasional Low-Engagement Buyers,1,Normal
64,Male,Dress,Clothing,31,Georgia,M,Black,Summer,4.7,No,Venmo,Next Day Air,No,36,Bank Transfer,1,Low,0,Middle_Aged,0,1,0.13923799218285812,-1.720630956675451,Occasional Low-Engagement Buyers,1,Normal
42,Male,Handbag,Accessories,95,Virginia,XL,Brown,Winter,4.4,No,Venmo,Express,No,12,Bank Transfer,7,Very_High,1,Adult,0,5,-1.8419394118339232,0.9390930408035734,High-Value Premium Buyers,1,Normal
69,Male,Socks,Clothing,79,Vermont,M,Indigo,Winter,3.5,No,Cash,2-Day Shipping,No,49,Debit Card,4,High,1,Senior,0,7,-1.4113439878756866,0.5702354121500518,Premium Loyal Customers,1,Normal
28,Male,Sneakers,Footwear,39,Montana,L,Yellow,Winter,3.8,No,Credit Card,Standard,No,7,Debit Card,3,Low,0,Young_Adult,0,1,-0.04131447454265939,-1.6235008017531758,Occasional Low-Engagement Buyers,1,Normal
47,Male,Jacket,Outerwear,34,New Jersey,M,Purple,Summer,4.7,No,Debit Card,Next Day Air,No,28,Bank Transfer,6,Low,0,Adult,0,1,0.07254728543805115,-1.6894076979255392,Occasional Low-Engagement Buyers,1,Normal
69,Male,Hoodie,Clothing,28,Wyoming,L,White,Spring,3.1,No,PayPal,Store Pickup,No,30,Credit Card,3,Low,0,Senior,0,1,0.28949109342255924,-1.9160425960148797,Occasional Low-Engagement Buyers,1,Normal
56,Male,Sandals,Footwear,38,Maine,XL,Turquoise,Winter,5.0,No,Debit Card,Free Shipping,No,29,PayPal,6,Low,0,Middle_Aged,0,1,-0.037587984125873,-1.5597128915081817,Occasional Low-Engagement Buyers,1,Normal
28,Male,Shoes,Footwear,55,New Mexico,M,Olive,Spring,3.7,No,Credit Card,Free Shipping,No,9,Debit Card,7,Medium,0,Young_Adult,0,1,-0.3212553072492018,-1.233768164818112,Young Trend-Oriented Shoppers,1,Normal
50,Male,Sandals,Footwear,31,Colorado,M,Beige,Winter,3.0,No,PayPal,Next Day Air,No,27,Debit Card,1,Low,0,Adult,0,1,0.21759717162675768,-1.8356515883245046,Occasional Low-Engagement Buyers,1,Normal
39,Male,Coat,Outerwear,84,Connecticut,S,Lavender,Spring,4.5,No,Cash,Store Pickup,No,21,Venmo,1,Very_High,1,Adult,0,5,-1.5980082699506275,0.6917233269872555,High-Value Premium Buyers,1,Normal
35,Male,Gloves,Accessories,93,Maryland,L,White,Winter,4.7,No,Bank Transfer,Express,No,36,Credit Card,6,Very_High,1,Young_Adult,0,3,-1.7705658118949648,0.9687285343607407,High-Value Premium Buyers,1,Normal
59,Male,Coat,Outerwear,28,Oregon,L,Brown,Winter,3.5,No,Debit Card,Free Shipping,No,19,Debit Card,3,Low,0,Middle_Aged,0,1,0.23899328783916873,-1.9145388196139606,Occasional Low-Engagement Buyers,1,Normal
44,Male,Boots,Footwear,55,New York,M,Charcoal,Summer,4.4,No,Debit Card,2-Day Shipping,No,47,Cash,2,Medium,0,Adult,0,1,-0.2585988969185224,-1.1238677848677345,Family-Oriented Value Buyers,1,Normal
66,Male,Skirt,Clothing,63,Oklahoma,L,Maroon,Winter,2.6,No,Cash,Standard,No,38,Bank Transfer,3,High,1,Senior,0,7,-1.0858455494754624,0.08944885489649029,Premium Loyal Customers,1,Normal
20,Male,Skirt,Clothing,94,Alabama,M,Red,Winter,4.2,No,Credit Card,2-Day Shipping,No,22,Venmo,5,Very_High,1,Youth,0,5,-1.8409211306773108,0.9334886998534248,High-Value Premium Buyers,1,Normal
45,Male,Pants,Clothing,36,North Dakota,M,Maroon,Fall,2.6,No,Credit Card,Express,No,29,Venmo,5,Low,0,Adult,0,1,0.11299498334130542,-1.7162548244546796,Occasional Low-Engagement Buyers,1,Normal
49,Male,Hat,Accessories,97,Nebraska,S,Teal,Spring,4.8,No,Venmo,Free Shipping,No,42,Bank Transfer,3,Very_High,1,Adult,0,3,-1.8282994336382612,1.0969807356970298,High-Value Premium Buyers,1,Normal
60,Male,Backpack,Accessories,63,Arizona,L,Orange,Summer,2.9,No,Venmo,Store Pickup,No,47,PayPal,7,High,1,Middle_Aged,0,7,-1.073386027415385,0.14592274185553888,Premium Loyal Customers,1,Normal
61,Male,Scarf,Accessories,77,Illinois,S,Olive,Spring,4.3,No,Credit Card,2-Day Shipping,No,10,Credit Card,5,High,1,Middle_Aged,0,3,-1.5067140718935792,0.48144475594742997,Premium Loyal Customers,1,Normal
36,Male,Scarf,Accessories,53,South Carolina,XL,Olive,Fall,2.6,No,Credit Card,Store Pickup,No,10,Venmo,6,Medium,0,Adult,0,1,-0.20157376174623454,-1.3512273477327224,Family-Oriented Value Buyers,1,Normal
33,Male,Shirt,Clothing,77,Kansas,M,Beige,Spring,3.8,No,Cash,Next Day Air,No,1,PayPal,7,High,1,Young_Adult,0,5,-1.5132305043777676,0.41692745575460455,Premium Loyal Customers,1,Normal
49,Male,Boots,Footwear,79,Kansas,L,Green,Summer,4.2,No,Credit Card,Standard,No,7,Credit Card,6,High,1,Adult,0,5,-1.5370005103227873,0.49673443886887664,Premium Loyal Customers,1,Normal
31,Male,Coat,Outerwear,37,Idaho,M,Black,Summer,3.9,No,Venmo,Store Pickup,No,10,Venmo,1,Low,0,Young_Adult,0,1,0.018708167534683864,-1.6791423439445439,Occasional Low-Engagement Buyers,1,Normal
19,Male,Belt,Accessories,94,California,M,Green,Winter,3.1,No,Cash,Free Shipping,No,11,Credit Card,2,Very_High,1,Youth,0,5,-1.7767525413342065,0.8433880637616904,High-Value Premium Buyers,1,Normal
39,Male,Boots,Footwear,76,North Dakota,S,Violet,Fall,3.6,No,PayPal,Store Pickup,No,5,Cash,3,High,1,Adult,0,5,-1.484356311536467,0.41567648192264883,Premium Loyal Customers,1,Normal
66,Male,Sneakers,Footwear,68,Georgia,S,Silver,Fall,4.0,No,PayPal,Express,No,21,PayPal,4,High,1,Senior,0,7,-1.2997028179875443,0.262791004658097,Premium Loyal Customers,1,Normal
25,Male,Shirt,Clothing,65,Illinois,L,Maroon,Spring,3.4,No,Cash,Next Day Air,No,24,Bank Transfer,4,High,1,Youth,0,5,-1.237939228570639,0.17647795863196564,Premium Loyal Customers,1,Normal
63,Male,Blouse,Clothing,24,Delaware,M,Cyan,Summer,2.6,No,Venmo,Standard,No,37,Credit Card,1,Low,0,Middle_Aged,0,1,0.38744997766359274,-2.0191647475531145,Occasional Low-Engagement Buyers,-1,Anomaly
56,Male,Jacket,Outerwear,31,Connecticut,L,Teal,Summer,4.5,No,Cash,Express,No,22,Venmo,7,Low,0,Middle_Aged,0,1,0.14634814949643274,-1.776188986153997,Occasional Low-Engagement Buyers,1,Normal
20,Male,Skirt,Clothing,89,Tennessee,M,Olive,Fall,4.9,No,Credit Card,Standard,No,16,Debit Card,1,Very_High,1,Youth,0,5,-1.8007847059003215,0.8409689129426174,High-Value Premium Buyers,1,Normal
58,Male,Socks,Clothing,49,Maryland,M,Red,Summer,4.4,No,Venmo,2-Day Shipping,No,44,PayPal,6,Medium,0,Middle_Aged,0,1,-0.16304960553287962,-1.2909572424503197,Family-Oriented Value Buyers,1,Normal
34,Male,Sandals,Footwear,92,Rhode Island,XL,Lavender,Fall,3.5,No,Credit Card,Express,No,14,Venmo,5,Very_High,1,Young_Adult,0,5,-1.7534922578676349,0.819408538086551,High-Value Premium Buyers,1,Normal
28,Male,T-shirt,Clothing,32,New York,S,Orange,Winter,3.3,No,Bank Transfer,Express,No,23,Bank Transfer,7,Low,0,Young_Adult,0,1,0.12231647077818036,-1.765182560381519,Occasional Low-Engagement Buyers,1,Normal
22,Male,Jacket,Outerwear,67,New Mexico,L,Brown,Winter,3.1,No,Bank Transfer,Standard,No,46,Debit Card,1,High,1,Youth,0,3,-1.199791996768006,0.264790664059978,Premium Loyal Customers,1,Normal
37,Male,Belt,Accessories,64,California,S,Gray,Fall,4.2,No,Credit Card,Express,No,46,Cash,7,High,1,Adult,0,3,-1.2427059719758737,0.2899033551767538,Premium Loyal Customers,1,Normal
54,Male,Shoes,Footwear,84,Maine,M,Orange,Spring,4.9,No,PayPal,Next Day Air,No,16,PayPal,7,Very_High,1,Middle_Aged,0,3,-1.6442192133004445,0.6748751727383938,High-Value Premium Buyers,1,Normal
65,Male,Blouse,Clothing,34,New York,M,Orange,Fall,3.9,No,Venmo,Standard,No,40,Credit Card,7,Low,0,Middle_Aged,0,1,0.10746353851758833,-1.6762792426390447,Occasional Low-Engagement Buyers,1,Normal
57,Male,Shoes,Footwear,26,Hawaii,M,Turquoise,Winter,4.2,No,Bank Transfer,Free Shipping,No,21,Cash,3,Low,0,Middle_Aged,0,1,0.2014430701923463,-1.9078839519909525,Occasional Low-Engagement Buyers,1,Normal
38,Male,Sweater,Clothing,50,New Hampshire,S,Cyan,Fall,4.9,No,Credit Card,Store Pickup,No,25,PayPal,5,Medium,0,Adult,0,1,-0.28912816485058185,-1.2346541821596888,Family-Oriented Value Buyers,1,Normal
70,Male,Boots,Footwear,46,Nebraska,M,Yellow,Fall,2.8,No,Credit Card,Store Pickup,No,25,Bank Transfer,4,Medium,0,Senior,0,1,-0.0421700045964149,-1.4899477225429407,Family-Oriented Value Buyers,1,Normal
56,Male,Handbag,Accessories,71,Montana,M,White,Fall,4.1,No,Credit Card,Standard,No,25,Debit Card,7,High,1,Middle_Aged,0,3,-1.3688420787931963,0.36677166339280337,Premium Loyal Customers,1,Normal
56,Male,Blouse,Clothing,78,Wisconsin,M,Blue,Summer,4.8,No,Cash,Next Day Air,No,27,Venmo,6,High,1,Middle_Aged,0,3,-1.5053537303357218,0.5474920186014913,Premium Loyal Customers,1,Normal
22,Male,Skirt,Clothing,35,Tennessee,S,Purple,Winter,4.1,No,PayPal,Next Day Air,No,12,Cash,6,Low,0,Youth,0,1,-0.0021377442697463056,-1.688819049229084,Occasional Low-Engagement Buyers,1,Normal
57,Male,Backpack,Accessories,58,Montana,M,Gray,Summer,3.0,No,Bank Transfer,Free Shipping,No,27,Debit Card,4,Medium,0,Middle_Aged,0,1,-0.2495013612039354,-1.1817091991403557,Family-Oriented Value Buyers,1,Normal
53,Male,Shirt,Clothing,67,Michigan,L,Cyan,Fall,4.2,No,Bank Transfer,2-Day Shipping,No,40,Credit Card,5,High,1,Middle_Aged,0,7,-1.301439426471962,0.3054521206623896,Premium Loyal Customers,1,Normal
53,Male,Sweater,Clothing,93,Texas,L,Pink,Spring,3.8,No,Bank Transfer,Standard,No,38,Credit Card,4,Very_High,1,Middle_Aged,0,7,-1.6911908529400936,0.8856553823225368,High-Value Premium Buyers,1,Normal
19,Male,Scarf,Accessories,81,Pennsylvania,S,Gold,Spring,3.3,No,Venmo,2-Day Shipping,No,44,Bank Transfer,7,High,1,Youth,0,3,-1.4919350147459824,0.646010382338965,High-Value Premium Buyers,1,Normal
49,Male,Handbag,Accessories,80,New York,L,Silver,Fall,4.7,No,Debit Card,2-Day Shipping,No,27,Venmo,7,High,1,Adult,0,3,-1.547930686642447,0.6019760088449165,High-Value Premium Buyers,1,Normal
44,Male,Scarf,Accessories,64,Alabama,M,Gray,Spring,4.3,No,Cash,2-Day Shipping,No,30,Credit Card,7,High,1,Adult,0,3,-1.2581208110183468,0.21982425068541597,Premium Loyal Customers,1,Normal
27,Male,Jeans,Clothing,41,Virginia,M,Brown,Fall,2.7,No,Venmo,Standard,No,24,Credit Card,6,Medium,0,Young_Adult,0,1,-0.009818743185865592,-1.6027611714540704,Young Trend-Oriented Shoppers,1,Normal
60,Male,Socks,Clothing,79,Pennsylvania,XL,Pink,Winter,4.2,No,PayPal,Express,No,38,Cash,5,High,1,Middle_Aged,0,7,-1.5036487169466413,0.586168379873816,Premium Loyal Customers,1,Normal
62,Male,Sunglasses,Accessories,60,Mississippi,L,Maroon,Winter,4.2,No,Credit Card,Free Shipping,No,4,PayPal,4,Medium,0,Middle_Aged,0,1,-0.41141952709030916,-1.126218709428978,Premium Loyal Customers,1,Normal
52,Male,Sneakers,Footwear,91,Wyoming,S,Peach,Winter,2.5,No,Cash,Next Day Air,No,32,Venmo,6,Very_High,1,Middle_Aged,0,7,-1.5730094037466043,0.7739973932967866,High-Value Premium Buyers,1,Normal
30,Male,Shoes,Footwear,66,New Mexico,L,Brown,Winter,3.6,No,PayPal,Express,No,32,Credit Card,1,High,1,Young_Adult,0,3,-1.253029555123769,0.23571454622308527,Premium Loyal Customers,1,Normal
66,Male,Socks,Clothing,85,North Dakota,L,Green,Winter,3.4,No,Bank Transfer,Standard,No,28,Bank Transfer,5,Very_High,1,Senior,0,7,-1.55012283073294,0.6433636873663905,High-Value Premium Buyers,1,Normal
29,Male,Sunglasses,Accessories,38,New Jersey,M,Lavender,Summer,3.3,No,Credit Card,Standard,No,6,Debit Card,7,Low,0,Young_Adult,0,1,0.012619166504394451,-1.688350289214469,Occasional Low-Engagement Buyers,1,Normal
24,Male,Sweater,Clothing,23,Vermont,M,Cyan,Winter,4.6,No,Debit Card,Standard,No,24,PayPal,6,Low,0,Youth,0,1,0.2031964669602888,-1.9424551979321556,Occasional Low-Engagement Buyers,1,Normal
51,Male,Shoes,Footwear,71,Alaska,M,Black,Spring,3.9,No,Debit Card,Store Pickup,No,38,Venmo,2,High,1,Middle_Aged,0,7,-1.307631806871572,0.3639408770775123,Premium Loyal Customers,1,Normal
67,Male,Socks,Clothing,25,Indiana,M,Charcoal,Winter,3.7,No,PayPal,Next Day Air,No,28,Debit Card,3,Low,0,Senior,0,1,0.2840055843200526,-1.9445169988077913,Occasional Low-Engagement Buyers,1,Normal
50,Male,Boots,Footwear,39,Alabama,XL,Silver,Spring,3.1,No,Debit Card,Express,No,9,PayPal,1,Low,0,Adult,0,1,0.04591400198035553,-1.6957718252597993,Occasional Low-Engagement Buyers,1,Normal
37,Male,Hoodie,Clothing,20,Michigan,M,Gray,Spring,4.9,No,Bank Transfer,Express,No,21,Debit Card,7,Low,0,Adult,0,1,0.2463860647783892,-1.9869278772697496,Occasional Low-Engagement Buyers,1,Normal
69,Male,Gloves,Accessories,73,Washington,L,Peach,Winter,4.7,No,Cash,Standard,No,31,Debit Card,6,High,1,Senior,0,7,-1.3841225174917549,0.45187356374890847,Premium Loyal Customers,1,Normal
60,Male,Backpack,Accessories,63,Virginia,L,Peach,Fall,2.9,No,PayPal,Next Day Air,No,18,Credit Card,4,High,1,Middle_Aged,0,7,-1.1498046693284247,0.05729728805498057,Premium Loyal Customers,1,Normal
21,Male,Gloves,Accessories,94,Tennessee,XL,Cyan,Spring,4.1,No,Venmo,Express,No,5,Cash,2,Very_High,1,Youth,0,5,-1.8301938479020523,0.8865525081307619,High-Value Premium Buyers,1,Normal
44,Male,Blouse,Clothing,94,South Dakota,L,Magenta,Fall,4.0,No,Venmo,Next Day Air,No,22,Cash,3,Very_High,1,Adult,0,3,-1.7874650646188919,0.8964601112023038,High-Value Premium Buyers,1,Normal
26,Male,Scarf,Accessories,71,New Hampshire,L,Teal,Summer,2.7,No,Debit Card,Store Pickup,No,37,PayPal,5,High,1,Young_Adult,0,3,-1.2573997696716415,0.3062210001765277,Premium Loyal Customers,1,Normal
40,Male,Hat,Accessories,77,South Dakota,M,Peach,Spring,4.0,No,Credit Card,2-Day Shipping,No,22,Debit Card,6,High,1,Adult,0,3,-1.4827328454762196,0.4992965341760119,Premium Loyal Customers,1,Normal
41,Male,Scarf,Accessories,66,Pennsylvania,M,Black,Fall,2.5,No,Credit Card,Next Day Air,No,36,PayPal,1,High,1,Adult,0,7,-1.1759191589770646,0.17923581038583872,Premium Loyal Customers,-1,Anomaly
62,Male,Sandals,Footwear,23,Wisconsin,M,Teal,Summer,4.5,No,Bank Transfer,Free Shipping,No,23,PayPal,3,Low,0,Middle_Aged,0,1,0.2542433202138168,-1.9765792286052972,Occasional Low-Engagement Buyers,1,Normal
39,Male,Sweater,Clothing,60,California,M,Turquoise,Spring,3.9,No,Debit Card,Express,No,44,Debit Card,2,Medium,0,Adult,0,1,-0.31601460902974393,-1.0332602554500563,Premium Loyal Customers,1,Normal
53,Male,Backpack,Accessories,72,Rhode Island,L,Gold,Spring,4.9,No,Cash,2-Day Shipping,No,25,Bank Transfer,3,High,1,Middle_Aged,0,3,-1.4201033866096056,0.4221482390448274,Premium Loyal Customers,1,Normal
24,Male,Blouse,Clothing,35,Alabama,L,Green,Winter,3.3,No,Debit Card,2-Day Shipping,No,40,PayPal,4,Low,0,Youth,0,1,0.09252871006197363,-1.6760507699420493,Occasional Low-Engagement Buyers,1,Normal
41,Male,Scarf,Accessories,31,Oklahoma,M,Brown,Fall,3.8,No,Venmo,Express,No,12,PayPal,2,Low,0,Adult,0,1,0.10195123619416761,-1.8147026748620165,Occasional Low-Engagement Buyers,1,Normal
19,Male,Socks,Clothing,33,Illinois,L,Blue,Summer,2.9,No,Credit Card,Standard,No,14,Venmo,6,Low,0,Youth,0,1,0.127565142661611,-1.831083894252928,Occasional Low-Engagement Buyers,1,Normal
36,Male,Hat,Accessories,95,Tennessee,M,Gold,Summer,4.0,No,Credit Card,2-Day Shipping,No,14,Debit Card,6,Very_High,1,Adult,0,5,-1.8114920718597478,0.9144449641001692,High-Value Premium Buyers,1,Normal
21,Male,Dress,Clothing,68,Alabama,M,Peach,Fall,4.1,No,Credit Card,Store Pickup,No,10,Debit Card,3,High,1,Youth,0,5,-1.405766055489663,0.27517294793209934,Premium Loyal Customers,1,Normal
25,Male,Coat,Outerwear,87,Kansas,M,Violet,Spring,3.1,No,Cash,Store Pickup,No,17,Bank Transfer,7,Very_High,1,Youth,0,5,-1.6078693230493153,0.6669759795017698,High-Value Premium Buyers,1,Normal
65,Male,Shirt,Clothing,64,Arizona,XL,Yellow,Winter,4.6,No,Debit Card,Express,No,24,Debit Card,1,High,1,Middle_Aged,0,3,-1.2618005636325162,0.21532849691234393,Premium Loyal Customers,1,Normal
42,Male,Shirt,Clothing,74,Michigan,M,Black,Winter,4.6,No,PayPal,Next Day Air,No,31,Bank Transfer,4,High,1,Adult,0,3,-1.4612083044496313,0.4744457219151079,Premium Loyal Customers,1,Normal
40,Male,Jeans,Clothing,62,Missouri,L,Silver,Spring,2.6,No,Cash,2-Day Shipping,No,36,Cash,3,High,1,Adult,0,7,-1.0964484297722221,0.07512466183632543,Premium Loyal Customers,1,Normal
58,Male,Socks,Clothing,97,Louisiana,M,Brown,Winter,5.0,No,Debit Card,2-Day Shipping,No,38,PayPal,7,Very_High,1,Middle_Aged,0,7,-1.8586147545311236,1.0490018346234584,High-Value Premium Buyers,-1,Anomaly
40,Male,Sandals,Footwear,47,Connecticut,L,Peach,Fall,2.9,No,Cash,2-Day Shipping,No,23,Debit Card,1,Medium,0,Adult,0,1,-0.08638263099035891,-1.4564199519933028,Family-Oriented Value Buyers,1,Normal
62,Male,Blouse,Clothing,83,Connecticut,M,Cyan,Winter,3.5,No,Debit Card,2-Day Shipping,No,47,PayPal,5,Very_High,1,Middle_Aged,0,7,-1.5076868622510278,0.64538696362942,High-Value Premium Buyers,1,Normal
38,Male,Shirt,Clothing,82,Oregon,M,Olive,Spring,3.7,No,Credit Card,2-Day Shipping,No,20,Venmo,2,Very_High,1,Adult,0,3,-1.5575667101797983,0.5828999081471358,High-Value Premium Buyers,1,Normal
37,Male,Sunglasses,Accessories,26,West Virginia,L,Black,Fall,2.9,No,Bank Transfer,Store Pickup,No,41,Venmo,6,Low,0,Adult,0,1,0.3193888611010336,-1.9143121637462595,Occasional Low-Engagement Buyers,1,Normal
65,Male,Jacket,Outerwear,81,Florida,M,Orange,Winter,4.3,No,PayPal,Free Shipping,No,44,Bank Transfer,1,High,1,Middle_Aged,0,7,-1.4978115380445336,0.6354701459724769,High-Value Premium Buyers,1,Normal
55,Male,Dress,Clothing,44,New Hampshire,L,Beige,Spring,3.2,No,Debit Card,Store Pickup,No,31,Cash,6,Medium,0,Middle_Aged,0,1,-0.00015025415933328512,-1.5146902357575909,Family-Oriented Value Buyers,1,Normal
43,Male,Sunglasses,Accessories,88,Oregon,M,Peach,Winter,4.2,No,PayPal,Next Day Air,No,11,Credit Card,5,Very_High,1,Adult,0,5,-1.7075484886005796,0.7343457882570233,High-Value Premium Buyers,1,Normal
43,Male,Boots,Footwear,76,Oregon,M,Pink,Winter,4.2,No,Cash,Standard,No,25,PayPal,5,High,1,Adult,0,3,-1.4762883060420595,0.48802728353573627,Premium Loyal Customers,1,Normal
45,Male,Scarf,Accessories,89,Utah,M,Brown,Winter,3.8,No,PayPal,Free Shipping,No,31,Cash,2,Very_High,1,Adult,0,3,-1.6632362699548164,0.7873261291773866,High-Value Premium Buyers,1,Normal
64,Male,Shorts,Clothing,22,Missouri,M,Magenta,Fall,4.4,No,Bank Transfer,Standard,No,40,Debit Card,2,Low,0,Middle_Aged,0,1,0.30515591629845185,-1.9434133621388094,Occasional Low-Engagement Buyers,1,Normal
28,Male,Shorts,Clothing,33,West Virginia,L,Cyan,Winter,3.1,No,Venmo,2-Day Shipping,No,23,Credit Card,5,Low,0,Young_Adult,0,1,0.10745435056853328,-1.7610647419989405,Occasional Low-Engagement Buyers,1,Normal
69,Male,Jeans,Clothing,97,California,XL,Silver,Fall,5.0,No,Venmo,Standard,No,5,Debit Card,4,Very_High,1,Senior,0,3,-1.899145226753432,0.9863766835371477,High-Value Premium Buyers,1,Normal
54,Male,Scarf,Accessories,57,California,M,Indigo,Winter,4.7,No,Venmo,Standard,No,26,PayPal,2,Medium,0,Middle_Aged,0,1,-0.345003728969722,-1.1102076214401366,Family-Oriented Value Buyers,1,Normal
52,Male,Shorts,Clothing,38,Illinois,M,Beige,Summer,3.0,No,Credit Card,Express,No,11,Credit Card,5,Low,0,Middle_Aged,0,1,0.040271715957208555,-1.7069493461541272,Occasional Low-Engagement Buyers,1,Normal
23,Male,Sneakers,Footwear,55,Hawaii,XL,Black,Fall,4.2,No,PayPal,Next Day Air,No,44,Debit Card,7,Medium,0,Youth,0,1,-0.28451041103442826,-1.1037383828753058,Young Trend-Oriented Shoppers,1,Normal
26,Male,Jewelry,Accessories,37,Washington,L,Yellow,Spring,3.0,No,Credit Card,Store Pickup,No,47,Cash,7,Low,0,Young_Adult,0,1,0.12727509710640664,-1.6130579741257338,Occasional Low-Engagement Buyers,1,Normal
48,Male,Shoes,Footwear,43,Wisconsin,M,Maroon,Summer,3.7,No,Venmo,Free Shipping,No,46,PayPal,6,Medium,0,Adult,0,1,-0.016933784055528894,-1.4576693846159827,Family-Oriented Value Buyers,1,Normal
49,Male,Hoodie,Clothing,96,Virginia,M,Cyan,Summer,2.7,No,Debit Card,Free Shipping,No,35,Cash,7,Very_High,1,Adult,0,7,-1.692572793820708,0.8855175316868815,High-Value Premium Buyers,1,Normal
53,Male,Jacket,Outerwear,51,Oregon,M,Pink,Winter,4.3,No,Debit Card,2-Day Shipping,No,8,Bank Transfer,5,Medium,0,Middle_Aged,0,1,-0.2675423861548174,-1.3455424214868932,Family-Oriented Value Buyers,1,Normal
69,Male,Shorts,Clothing,95,Pennsylvania,XL,Violet,Fall,2.7,No,Bank Transfer,2-Day Shipping,No,30,Bank Transfer,2,Very_High,1,Senior,0,7,-1.6858464227629155,0.8545332681460409,High-Value Premium Buyers,-1,Anomaly
26,Male,Socks,Clothing,26,Virginia,M,Lavender,Summer,3.7,No,PayPal,Next Day Air,No,14,Credit Card,5,Low,0,Young_Adult,0,1,0.18463715042500128,-1.9529251960311698,Occasional Low-Engagement Buyers,1,Normal
21,Male,Coat,Outerwear,34,Hawaii,XL,Lavender,Fall,4.3,No,Cash,Standard,No,30,Bank Transfer,2,Low,0,Youth,0,1,0.04865149525336125,-1.6594199510070382,Occasional Low-Engagement Buyers,1,Normal
59,Male,Sandals,Footwear,83,Nebraska,S,Black,Summer,4.0,No,Cash,Next Day Air,No,26,Credit Card,7,Very_High,1,Middle_Aged,0,3,-1.5324723611043038,0.6398483638826501,High-Value Premium Buyers,1,Normal
21,Male,Backpack,Accessories,24,Alaska,M,Olive,Fall,3.3,No,Bank Transfer,Standard,No,32,Venmo,1,Low,0,Youth,0,1,0.2862359831244663,-1.953673596925393,Occasional Low-Engagement Buyers,1,Normal
22,Male,Pants,Clothing,69,Michigan,S,Indigo,Fall,4.0,No,Bank Transfer,Next Day Air,No,47,Cash,7,High,1,Youth,0,3,-1.3223330290587685,0.3916330280796654,Premium Loyal Customers,1,Normal
26,Male,Sweater,Clothing,40,North Carolina,M,Blue,Fall,2.7,No,Venmo,Next Day Air,No,11,Credit Card,7,Medium,0,Young_Adult,0,1,-0.008527690880557035,-1.6579133851733803,Young Trend-Oriented Shoppers,1,Normal
41,Male,Jacket,Outerwear,87,North Carolina,S,Green,Winter,4.2,No,PayPal,Free Shipping,No,28,PayPal,3,Very_High,1,Adult,0,3,-1.6643424505096744,0.7638239918676293,High-Value Premium Buyers,1,Normal
37,Male,Sneakers,Footwear,46,Minnesota,L,Pink,Spring,4.6,No,PayPal,Standard,No,2,Debit Card,7,Medium,0,Adult,0,1,-0.19351110138056066,-1.4436565758659576,Family-Oriented Value Buyers,1,Normal
30,Male,Jewelry,Accessories,82,Georgia,M,Peach,Winter,4.8,No,Credit Card,Store Pickup,No,45,Credit Card,2,Very_High,1,Young_Adult,0,3,-1.5934594861525568,0.7377506939886511,High-Value Premium Buyers,1,Normal
49,Male,Backpack,Accessories,81,West Virginia,M,Purple,Summer,2.8,No,PayPal,Free Shipping,No,7,Credit Card,7,High,1,Adult,0,3,-1.4874622577013124,0.463443897587033,High-Value Premium Buyers,1,Normal
49,Male,Jewelry,Accessories,57,Delaware,M,Peach,Winter,4.5,No,Debit Card,Next Day Air,No,28,Bank Transfer,5,Medium,0,Adult,0,1,-0.3358066363183313,-1.1199624709720413,Family-Oriented Value Buyers,1,Normal
58,Male,Shoes,Footwear,49,North Dakota,S,Olive,Summer,3.0,No,Venmo,2-Day Shipping,No,34,Bank Transfer,4,Medium,0,Middle_Aged,0,1,-0.08009663149942141,-1.3697700594131184,Family-Oriented Value Buyers,1,Normal
70,Male,Jacket,Outerwear,42,Florida,M,Olive,Fall,4.6,No,Venmo,Free Shipping,No,26,Debit Card,7,Medium,0,Senior,0,1,-0.07483641673080259,-1.481333730659831,Family-Oriented Value Buyers,-1,Anomaly
27,Male,Jacket,Outerwear,26,Oregon,M,Purple,Spring,3.3,No,Debit Card,Standard,No,45,Cash,4,Low,0,Young_Adult,0,1,0.3001769377894801,-1.8994816584035048,Occasional Low-Engagement Buyers,1,Normal
65,Male,T-shirt,Clothing,38,Idaho,M,Violet,Spring,4.4,No,PayPal,Next Day Air,No,34,Debit Card,3,Low,0,Middle_Aged,0,1,0.02630841785205127,-1.573111471183221,Occasional Low-Engagement Buyers,1,Normal
57,Male,Sneakers,Footwear,57,Virginia,XL,Maroon,Summer,4.4,No,PayPal,Standard,No,47,Credit Card,1,Medium,0,Middle_Aged,0,1,-0.2703271830006442,-1.0827266911423579,Family-Oriented Value Buyers,1,Normal
20,Male,Jacket,Outerwear,100,North Dakota,XL,White,Summer,4.3,No,Cash,Express,No,42,Cash,4,Very_High,1,Youth,0,3,-1.866166328257132,1.1366744330289185,High-Value Premium Buyers,1,Normal
34,Male,Hoodie,Clothing,73,Alabama,S,Olive,Fall,3.4,No,Cash,Express,No,27,Bank Transfer,7,High,1,Young_Adult,0,3,-1.3823522409093463,0.39654781419037616,Premium Loyal Customers,1,Normal
59,Male,Jacket,Outerwear,66,Hawaii,M,Peach,Winter,2.8,No,PayPal,Store Pickup,No,43,Venmo,6,High,1,Middle_Aged,0,7,-1.1381176473081767,0.1791060713256874,Premium Loyal Customers,1,Normal
54,Male,T-shirt,Clothing,73,Oregon,M,Blue,Spring,3.4,No,Cash,Standard,No,16,Cash,5,High,1,Middle_Aged,0,3,-1.3723851565239453,0.32478138334887413,Premium Loyal Customers,1,Normal
36,Male,Gloves,Accessories,45,Utah,M,Brown,Spring,5.0,No,Cash,Store Pickup,No,40,Credit Card,6,Medium,0,Adult,0,1,-0.14963610476289063,-1.3276842391090584,Family-Oriented Value Buyers,1,Normal
21,Male,Sneakers,Footwear,27,Hawaii,S,Black,Fall,4.5,No,Cash,Free Shipping,No,29,Cash,5,Low,0,Youth,0,1,0.1273028455877987,-1.7916494270702017,Occasional Low-Engagement Buyers,1,Normal
52,Male,T-shirt,Clothing,24,Connecticut,M,Yellow,Fall,2.7,No,Credit Card,Store Pickup,No,38,Credit Card,4,Low,0,Middle_Aged,0,1,0.33430731298609234,-1.9854297957324574,Occasional Low-Engagement Buyers,1,Normal
43,Male,Sneakers,Footwear,59,Wyoming,XL,Magenta,Winter,3.4,No,Credit Card,Store Pickup,No,34,Credit Card,2,Medium,0,Adult,0,1,-0.30411917357343393,-1.0982230043743406,Family-Oriented Value Buyers,1,Normal
32,Male,Jeans,Clothing,20,Delaware,S,Cyan,Winter,3.4,No,Cash,Express,No,30,Venmo,2,Low,0,Young_Adult,0,1,0.3616312340596927,-2.033464468012279,Occasional Low-Engagement Buyers,1,Normal
55,Male,Handbag,Accessories,44,Arkansas,M,Maroon,Summer,2.8,No,Cash,Standard,No,45,Bank Transfer,3,Medium,0,Middle_Aged,0,1,0.04767019363747571,-1.4985452575435307,Family-Oriented Value Buyers,1,Normal
31,Male,Socks,Clothing,90,Indiana,M,Red,Spring,4.7,No,Bank Transfer,Standard,No,47,Bank Transfer,3,Very_High,1,Young_Adult,0,3,-1.7152732706449125,0.9047554923022347,High-Value Premium Buyers,1,Normal
45,Male,Jewelry,Accessories,36,California,M,Black,Fall,4.7,No,Credit Card,Free Shipping,No,5,Credit Card,6,Low,0,Adult,0,1,-0.06592067323215085,-1.6646002960982993,Occasional Low-Engagement Buyers,1,Normal
53,Male,Blouse,Clothing,95,Wyoming,L,Violet,Winter,4.7,No,PayPal,Free Shipping,No,50,Debit Card,5,Very_High,1,Middle_Aged,0,7,-1.788099817290628,1.043967903517447,High-Value Premium Buyers,1,Normal
24,Male,Backpack,Accessories,30,South Dakota,M,Green,Spring,3.4,No,Venmo,2-Day Shipping,No,24,Bank Transfer,5,Low,0,Youth,0,1,0.1427587566285491,-1.8141631633889912,Occasional Low-Engagement Buyers,1,Normal
47,Male,Scarf,Accessories,65,West Virginia,S,Gold,Fall,3.7,No,Cash,Express,No,15,Debit Card,5,High,1,Adult,0,3,-1.2679338667324112,0.20224923695731478,Premium Loyal Customers,1,Normal
63,Male,Scarf,Accessories,96,Tennessee,M,Brown,Summer,4.1,No,PayPal,Store Pickup,No,50,Cash,2,Very_High,1,Middle_Aged,0,7,-1.7208972647138614,1.00430655317511,High-Value Premium Buyers,1,Normal
38,Male,Shirt,Clothing,65,Alaska,L,Peach,Spring,2.9,No,Cash,2-Day Shipping,No,7,Credit Card,6,High,1,Adult,0,5,-1.2382924557596613,0.08798314468718166,Premium Loyal Customers,1,Normal
59,Male,Pants,Clothing,47,South Dakota,L,Peach,Fall,3.2,No,Venmo,Store Pickup,No,10,Venmo,1,Medium,0,Middle_Aged,0,1,-0.10466370520352207,-1.4836394089399936,Family-Oriented Value Buyers,1,Normal
54,Male,Hat,Accessories,25,Tennessee,S,Violet,Fall,3.0,No,Bank Transfer,Free Shipping,No,38,PayPal,5,Low,0,Middle_Aged,0,1,0.31173298532827204,-1.9330097945844338,Occasional Low-Engagement Buyers,1,Normal
26,Male,Coat,Outerwear,56,Alabama,S,Violet,Fall,4.1,No,Debit Card,Express,No,31,Venmo,1,Medium,0,Young_Adult,0,1,-0.30252467190026694,-1.13066484487472,Young Trend-Oriented Shoppers,1,Normal
68,Male,T-shirt,Clothing,76,North Carolina,M,Magenta,Fall,4.5,No,Venmo,Standard,No,7,Venmo,4,High,1,Senior,0,3,-1.509983635675732,0.4413650282006421,Premium Loyal Customers,1,Normal
41,Male,Socks,Clothing,60,Oklahoma,M,Purple,Fall,3.4,No,Debit Card,Store Pickup,No,27,Venmo,6,Medium,0,Adult,0,1,-0.34272183028560504,-1.1155846602209774,Premium Loyal Customers,1,Normal
68,Male,Shirt,Clothing,67,New York,L,Purple,Winter,4.1,No,Venmo,Express,No,45,Bank Transfer,7,High,1,Senior,0,7,-1.2416954341427366,0.31551071781276047,Premium Loyal Customers,1,Normal
21,Male,Sweater,Clothing,95,Iowa,XL,Cyan,Spring,4.6,No,PayPal,Store Pickup,No,13,Cash,3,Very_High,1,Youth,0,5,-1.8685416034629554,0.9474097402455834,High-Value Premium Buyers,1,Normal
32,Male,Gloves,Accessories,72,Alaska,M,Magenta,Winter,4.6,No,Bank Transfer,Express,No,33,Venmo,3,High,1,Young_Adult,0,3,-1.4223880494081003,0.4474121961471057,Premium Loyal Customers,1,Normal
20,Male,Belt,Accessories,98,Alaska,L,Lavender,Spring,3.4,No,PayPal,Express,No,25,Cash,7,Very_High,1,Youth,0,5,-1.8081375992177169,0.9832425313595716,High-Value Premium Buyers,-1,Anomaly
59,Male,Jeans,Clothing,83,Nebraska,M,Green,Winter,3.3,No,Credit Card,2-Day Shipping,No,5,PayPal,6,Very_High,1,Middle_Aged,0,3,-1.5793821503591474,0.5390181407911794,High-Value Premium Buyers,1,Normal
53,Male,Handbag,Accessories,37,Delaware,M,Maroon,Fall,3.6,No,PayPal,2-Day Shipping,No,23,Cash,4,Low,0,Middle_Aged,0,1,0.0378016764973219,-1.6738325615258205,Occasional Low-Engagement Buyers,1,Normal
66,Male,T-shirt,Clothing,85,Texas,L,Turquoise,Fall,4.6,No,Bank Transfer,Free Shipping,No,17,Bank Transfer,2,Very_High,1,Senior,0,3,-1.6516624843510748,0.6815997993887284,High-Value Premium Buyers,1,Normal
47,Male,Socks,Clothing,36,Missouri,L,Violet,Fall,4.3,No,PayPal,2-Day Shipping,No,14,Cash,2,Low,0,Adult,0,1,-0.011293699827924067,-1.682704489185654,Occasional Low-Engagement Buyers,1,Normal
58,Male,Jeans,Clothing,36,Maine,S,Lavender,Winter,4.0,No,Venmo,Store Pickup,No,28,Credit Card,3,Low,0,Middle_Aged,0,1,0.052424055382144216,-1.6308375410333011,Occasional Low-Engagement Buyers,1,Normal
28,Male,Scarf,Accessories,86,Pennsylvania,L,Red,Summer,4.8,No,PayPal,Next Day Air,No,19,Credit Card,2,Very_High,1,Young_Adult,0,5,-1.676989902395924,0.7445066120212747,High-Value Premium Buyers,1,Normal
68,Male,Pants,Clothing,99,Missouri,XL,Orange,Spring,4.3,No,Venmo,Standard,No,31,Bank Transfer,5,Very_High,1,Senior,0,7,-1.8322970398206584,1.0543383571668945,High-Value Premium Buyers,1,Normal
60,Male,Blouse,Clothing,21,Mississippi,XL,Indigo,Summer,3.3,No,Bank Transfer,Standard,No,25,Cash,5,Low,0,Middle_Aged,0,1,0.3657421287977872,-2.0862845835194808,Occasional Low-Engagement Buyers,1,Normal
47,Male,Jacket,Outerwear,84,Hawaii,L,Teal,Winter,2.8,No,Debit Card,Express,No,4,Cash,5,Very_High,1,Adult,0,3,-1.5368175240117252,0.5229121682003681,High-Value Premium Buyers,1,Normal
18,Male,Sandals,Footwear,63,Texas,M,Brown,Spring,4.4,No,Cash,Free Shipping,No,20,Bank Transfer,2,High,1,Youth,0,5,-1.3003087484207791,0.17442195318997541,Premium Loyal Customers,1,Normal
32,Male,Shorts,Clothing,84,South Dakota,S,Pink,Summer,3.7,No,Cash,Express,No,37,Cash,3,Very_High,1,Young_Adult,0,3,-1.5641576076321015,0.6999741300954239,High-Value Premium Buyers,1,Normal
27,Male,Shorts,Clothing,72,New Jersey,M,Lavender,Spring,3.6,No,Debit Card,Express,No,28,Credit Card,3,High,1,Young_Adult,0,5,-1.3768742604785862,0.35757103113532457,Premium Loyal Customers,1,Normal
65,Male,Skirt,Clothing,21,Connecticut,L,Cyan,Winter,3.7,No,Credit Card,2-Day Shipping,No,6,Venmo,2,Low,0,Middle_Aged,0,1,0.3062567551582372,-2.107321438729782,Occasional Low-Engagement Buyers,1,Normal
68,Male,Sandals,Footwear,92,Maryland,M,Yellow,Fall,5.0,No,Cash,Standard,No,27,PayPal,3,Very_High,1,Senior,0,7,-1.770922091690277,0.8985998830342744,High-Value Premium Buyers,1,Normal
55,Male,Blouse,Clothing,72,Arizona,XL,Pink,Fall,2.7,No,Cash,Next Day Air,No,29,Credit Card,1,High,1,Middle_Aged,0,7,-1.3028401033719512,0.30715226702072684,Premium Loyal Customers,1,Normal
30,Male,Sandals,Footwear,83,Oklahoma,M,Gray,Spring,4.3,No,Cash,Store Pickup,No,1,Cash,3,Very_High,1,Young_Adult,0,5,-1.6527936474584328,0.6007700432558178,High-Value Premium Buyers,1,Normal
24,Male,Shirt,Clothing,73,Utah,M,Peach,Summer,4.1,No,Bank Transfer,Standard,No,31,Credit Card,3,High,1,Youth,0,5,-1.4242917014622383,0.41845598183068794,Premium Loyal Customers,1,Normal
57,Male,Socks,Clothing,98,Arkansas,M,Red,Winter,2.6,No,Cash,Next Day Air,No,28,Cash,4,Very_High,1,Middle_Aged,0,7,-1.7295218994030221,0.9202585203894225,High-Value Premium Buyers,1,Normal
23,Male,T-shirt,Clothing,76,North Carolina,M,Olive,Fall,3.2,No,Cash,Store Pickup,No,19,Bank Transfer,4,High,1,Youth,0,5,-1.4613785575759153,0.43279056190575393,Premium Loyal Customers,1,Normal
69,Male,Dress,Clothing,43,California,S,Lavender,Summer,3.5,No,Bank Transfer,Next Day Air,No,36,Venmo,6,Medium,0,Senior,0,1,0.029883765166076104,-1.5035258759956853,Family-Oriented Value Buyers,1,Normal
60,Male,Hat,Accessories,60,Colorado,M,Turquoise,Summer,3.7,No,Debit Card,Next Day Air,No,28,Cash,6,Medium,0,Middle_Aged,0,1,-0.2942763783122129,-1.117001868895248,Premium Loyal Customers,1,Normal
25,Male,Gloves,Accessories,40,California,L,Turquoise,Spring,3.8,No,Debit Card,2-Day Shipping,No,29,PayPal,2,Medium,0,Youth,0,1,-0.0022794118085289056,-1.570002027541589,Young Trend-Oriented Shoppers,1,Normal
18,Male,Socks,Clothing,93,Vermont,S,Maroon,Winter,4.8,No,Cash,2-Day Shipping,No,9,Bank Transfer,7,Very_High,1,Youth,0,5,-1.8793971862707617,0.9182744091513697,High-Value Premium Buyers,-1,Anomaly
37,Male,Dress,Clothing,98,Kansas,S,Olive,Fall,4.2,No,Venmo,Standard,No,26,Credit Card,7,Very_High,1,Adult,0,3,-1.8733062473107476,1.0433092050432888,High-Value Premium Buyers,1,Normal
61,Male,Socks,Clothing,91,Ohio,XL,Maroon,Summer,2.9,No,Debit Card,Next Day Air,No,7,Credit Card,1,Very_High,1,Middle_Aged,0,3,-1.6425015715512792,0.6862061373210592,High-Value Premium Buyers,1,Normal
41,Male,Belt,Accessories,92,New Jersey,XL,Cyan,Fall,2.9,No,Venmo,Free Shipping,No,35,Debit Card,2,Very_High,1,Adult,0,3,-1.657048440772119,0.8463437636974656,High-Value Premium Buyers,1,Normal
69,Male,Handbag,Accessories,87,Arizona,S,Peach,Winter,4.8,No,PayPal,Next Day Air,No,46,Credit Card,7,Very_High,1,Senior,0,7,-1.6214611795426783,0.840239482183899,High-Value Premium Buyers,1,Normal
32,Male,Skirt,Clothing,96,Arizona,S,Teal,Fall,2.9,No,PayPal,Standard,No,8,Debit Card,6,Very_High,1,Young_Adult,0,5,-1.790315290663411,0.8664496714200541,High-Value Premium Buyers,1,Normal
60,Male,Hoodie,Clothing,97,New Hampshire,M,Green,Summer,4.8,No,Bank Transfer,2-Day Shipping,No,50,Cash,7,Very_High,1,Middle_Aged,0,7,-1.807431845115719,1.0790906252089143,High-Value Premium Buyers,1,Normal
43,Male,Blouse,Clothing,55,Louisiana,M,Beige,Spring,4.6,No,Credit Card,2-Day Shipping,No,37,Bank Transfer,3,Medium,0,Adult,0,1,-0.3270310536504348,-1.1315663635091426,Family-Oriented Value Buyers,1,Normal
61,Male,Jeans,Clothing,58,Texas,L,Magenta,Spring,4.4,No,Credit Card,Store Pickup,No,6,Credit Card,1,Medium,0,Middle_Aged,0,1,-0.37312344085753,-1.1651591913732142,Family-Oriented Value Buyers,1,Normal
57,Male,Boots,Footwear,21,Montana,L,Violet,Spring,3.0,No,PayPal,Next Day Air,No,16,PayPal,5,Low,0,Middle_Aged,0,1,0.37912145080154525,-2.12394670691942,Occasional Low-Engagement Buyers,1,Normal
56,Male,Handbag,Accessories,82,New Hampshire,XL,Charcoal,Summer,4.4,No,Credit Card,Express,No,30,PayPal,6,Very_High,1,Middle_Aged,0,3,-1.5476857588437145,0.6473047033369793,High-Value Premium Buyers,1,Normal
66,Male,Coat,Outerwear,34,South Dakota,M,Green,Winter,3.9,No,Credit Card,Express,No,50,Venmo,4,Low,0,Senior,0,1,0.1578595455254409,-1.6437395185744894,Occasional Low-Engagement Buyers,1,Normal
52,Male,Blouse,Clothing,78,Montana,M,Gray,Spring,4.0,No,PayPal,Free Shipping,No,5,Cash,7,High,1,Middle_Aged,0,5,-1.5396182146972963,0.4478139294947402,Premium Loyal Customers,1,Normal
63,Male,Handbag,Accessories,47,North Carolina,M,Magenta,Spring,2.5,No,Debit Card,Express,No,15,Bank Transfer,6,Medium,0,Middle_Aged,0,1,-0.0346339374930717,-1.5383048353059388,Family-Oriented Value Buyers,1,Normal
50,Male,Sunglasses,Accessories,96,South Dakota,S,Silver,Summer,4.1,No,Venmo,Next Day Air,No,34,Bank Transfer,5,Very_High,1,Adult,0,3,-1.7653112018768835,0.9958023451636436,High-Value Premium Buyers,1,Normal
21,Male,Socks,Clothing,23,Maine,S,Beige,Fall,4.8,No,Cash,2-Day Shipping,No,6,Venmo,7,Low,0,Youth,0,1,0.13345396120073502,-1.9432972458543571,Occasional Low-Engagement Buyers,1,Normal
42,Male,Shoes,Footwear,27,Oklahoma,S,Peach,Winter,2.6,No,PayPal,Store Pickup,No,26,Debit Card,3,Low,0,Adult,0,1,0.29071424236416227,-1.9318362383009522,Occasional Low-Engagement Buyers,1,Normal
40,Male,Backpack,Accessories,37,Nebraska,XL,Orange,Spring,3.1,No,Bank Transfer,Free Shipping,No,34,Credit Card,7,Low,0,Adult,0,1,0.09710121143937978,-1.6531789780156783,Occasional Low-Engagement Buyers,1,Normal
67,Male,Scarf,Accessories,79,Illinois,S,Yellow,Summer,3.2,No,Bank Transfer,Store Pickup,No,37,Credit Card,2,High,1,Senior,0,7,-1.3807379311850652,0.5207430883034456,Premium Loyal Customers,1,Normal
35,Male,Backpack,Accessories,40,Colorado,M,Violet,Summer,4.2,No,Bank Transfer,Standard,No,28,Bank Transfer,3,Medium,0,Young_Adult,0,1,-0.029305539778744116,-1.5470772051269568,Family-Oriented Value Buyers,1,Normal
18,Male,Coat,Outerwear,39,Massachusetts,S,Green,Fall,2.6,No,Cash,Next Day Air,No,38,Cash,1,Low,0,Youth,0,1,0.08503779832449464,-1.593013740424539,Occasional Low-Engagement Buyers,-1,Anomaly
52,Male,Hoodie,Clothing,73,Louisiana,L,Pink,Summer,3.1,No,Debit Card,Next Day Air,No,2,Cash,4,High,1,Middle_Aged,0,3,-1.3538455774529887,0.24969780170056266,Premium Loyal Customers,1,Normal
59,Male,Gloves,Accessories,84,Massachusetts,M,Violet,Fall,2.9,No,Credit Card,Store Pickup,No,32,Cash,5,Very_High,1,Middle_Aged,0,7,-1.513516004088983,0.6276579715850273,High-Value Premium Buyers,1,Normal
49,Male,Shorts,Clothing,94,West Virginia,M,Violet,Fall,4.6,No,Cash,Free Shipping,No,30,Venmo,5,Very_High,1,Adult,0,3,-1.817961775258487,0.9677604631953768,High-Value Premium Buyers,1,Normal
46,Male,Skirt,Clothing,47,Idaho,L,Pink,Spring,4.1,No,Cash,Standard,No,17,PayPal,7,Medium,0,Adult,0,1,-0.15793986540684157,-1.4205740491205274,Family-Oriented Value Buyers,1,Normal
69,Male,Boots,Footwear,77,Ohio,M,Violet,Summer,2.5,No,PayPal,Store Pickup,No,5,Debit Card,5,High,1,Senior,0,7,-1.3742900795161062,0.3384683204693427,Premium Loyal Customers,-1,Anomaly
56,Male,Shorts,Clothing,94,Rhode Island,M,Turquoise,Winter,4.0,No,Credit Card,Store Pickup,No,31,Cash,5,Very_High,1,Middle_Aged,0,7,-1.7597533823457057,0.9256654650382264,High-Value Premium Buyers,1,Normal
27,Male,Handbag,Accessories,75,Illinois,M,Cyan,Summer,3.5,No,PayPal,Express,No,43,PayPal,4,High,1,Young_Adult,0,3,-1.3829863087357075,0.46840489951131087,Premium Loyal Customers,1,Normal
57,Male,Dress,Clothing,82,New York,XL,Orange,Spring,4.4,No,Debit Card,Free Shipping,No,19,Venmo,3,Very_High,1,Middle_Aged,0,3,-1.5789070564538052,0.6095290527010218,High-Value Premium Buyers,1,Normal
58,Male,Shoes,Footwear,36,Louisiana,M,Cyan,Fall,2.9,No,PayPal,Store Pickup,No,32,Credit Card,7,Low,0,Middle_Aged,0,1,0.12789301909885137,-1.7087431599463174,Occasional Low-Engagement Buyers,1,Normal
23,Male,Sneakers,Footwear,90,California,XL,Indigo,Spring,3.1,No,Cash,2-Day Shipping,No,5,Debit Card,5,Very_High,1,Youth,0,5,-1.6951114996676733,0.7281160611684275,High-Value Premium Buyers,1,Normal
19,Male,Socks,Clothing,48,Washington,M,Black,Spring,4.4,No,PayPal,Free Shipping,No,9,Bank Transfer,4,Medium,0,Youth,0,1,-0.27197534887658326,-1.3841566601275361,Young Trend-Oriented Shoppers,1,Normal
40,Male,Jacket,Outerwear,42,South Dakota,L,Purple,Winter,4.4,No,Cash,Standard,No,48,Credit Card,2,Medium,0,Adult,0,1,-0.026317509337626235,-1.430581425063699,Family-Oriented Value Buyers,1,Normal
54,Male,Backpack,Accessories,33,Idaho,M,Cyan,Summer,2.7,No,Debit Card,Store Pickup,No,1,PayPal,4,Low,0,Middle_Aged,0,1,0.16296912459055876,-1.89284100325107,Occasional Low-Engagement Buyers,1,Normal
50,Male,Socks,Clothing,63,North Dakota,M,Green,Summer,4.9,No,Credit Card,Free Shipping,No,20,Credit Card,6,High,1,Adult,0,3,-1.313209823414861,0.18979506270934296,Premium Loyal Customers,1,Normal
69,Male,Handbag,Accessories,53,Washington,L,Teal,Winter,3.5,No,Debit Card,2-Day Shipping,No,42,Cash,3,Medium,0,Senior,0,1,-0.1512644701643009,-1.2497699851619342,Family-Oriented Value Buyers,1,Normal
42,Male,Hat,Accessories,37,Alaska,L,Teal,Spring,4.8,No,Debit Card,Free Shipping,No,45,PayPal,5,Low,0,Adult,0,1,0.018593113093797506,-1.5300843341795944,Occasional Low-Engagement Buyers,1,Normal
37,Male,Blouse,Clothing,92,Kansas,M,Magenta,Summer,4.2,No,Bank Transfer,2-Day Shipping,No,41,Cash,6,Very_High,1,Adult,0,3,-1.735445932010547,0.8930565977767159,High-Value Premium Buyers,1,Normal
46,Male,Shorts,Clothing,73,Utah,XL,Brown,Spring,4.6,No,Bank Transfer,Standard,No,36,Debit Card,4,High,1,Adult,0,3,-1.4112288038787175,0.467869731386522,Premium Loyal Customers,1,Normal
64,Male,Shirt,Clothing,38,Wyoming,L,Orange,Spring,2.9,No,Credit Card,Standard,No,10,Venmo,3,Low,0,Middle_Aged,0,1,0.0854163090626834,-1.7351004586853167,Occasional Low-Engagement Buyers,1,Normal
20,Male,Boots,Footwear,51,Maine,XL,Blue,Fall,4.0,No,PayPal,Store Pickup,No,31,Venmo,3,Medium,0,Youth,0,1,-0.24321704196604654,-1.2586811282185597,Young Trend-Oriented Shoppers,1,Normal
40,Male,Jacket,Outerwear,90,Michigan,L,Magenta,Spring,4.9,No,Credit Card,Standard,No,21,Credit Card,4,Very_High,1,Adult,0,5,-1.7504805984585403,0.8395037708312024,High-Value Premium Buyers,1,Normal
64,Male,Jacket,Outerwear,56,Illinois,L,Magenta,Summer,3.1,No,Bank Transfer,Next Day Air,No,16,Cash,7,Medium,0,Middle_Aged,0,1,-0.20181545080931707,-1.292018573605848,Family-Oriented Value Buyers,1,Normal
29,Male,Handbag,Accessories,33,Minnesota,M,Magenta,Fall,4.4,No,Debit Card,Standard,No,18,PayPal,7,Low,0,Young_Adult,0,1,0.03555775773093479,-1.7324345871973048,Occasional Low-Engagement Buyers,1,Normal
20,Male,Belt,Accessories,53,Massachusetts,S,Olive,Winter,2.5,No,Cash,2-Day Shipping,No,20,Debit Card,2,Medium,0,Youth,0,1,-0.18417165925934842,-1.3010003081707717,Young Trend-Oriented Shoppers,-1,Anomaly
43,Male,Handbag,Accessories,24,New Jersey,S,Cyan,Spring,3.4,No,Cash,Express,No,21,Bank Transfer,3,Low,0,Adult,0,1,0.29284711655764606,-1.9778292621873554,Occasional Low-Engagement Buyers,1,Normal
60,Male,Coat,Outerwear,59,Kansas,M,Purple,Spring,3.7,No,Venmo,Express,No,23,Credit Card,4,Medium,0,Middle_Aged,0,1,-0.31227941273036025,-1.1352522373220295,Family-Oriented Value Buyers,1,Normal
39,Male,Sweater,Clothing,72,Kentucky,M,Purple,Winter,4.2,No,PayPal,Standard,No,20,PayPal,2,High,1,Adult,0,5,-1.4121065255745886,0.3595211009269048,Premium Loyal Customers,1,Normal
47,Male,Shorts,Clothing,28,Rhode Island,S,Peach,Spring,3.4,No,Bank Transfer,Express,No,30,PayPal,5,Low,0,Adult,0,1,0.22657862979543314,-1.867407807942208,Occasional Low-Engagement Buyers,1,Normal
19,Male,Pants,Clothing,36,Illinois,M,Gold,Fall,3.6,No,Cash,Express,No,33,Bank Transfer,7,Low,0,Youth,0,1,0.029969385683973233,-1.6279592011375756,Occasional Low-Engagement Buyers,1,Normal
52,Male,Jewelry,Accessories,47,Alabama,S,Peach,Fall,4.7,No,Bank Transfer,2-Day Shipping,No,31,Debit Card,6,Medium,0,Middle_Aged,0,1,-0.1777577494524505,-1.3169902872980546,Family-Oriented Value Buyers,1,Normal
34,Male,Gloves,Accessories,62,Tennessee,M,Magenta,Spring,4.7,No,Cash,Next Day Air,No,48,Bank Transfer,6,High,1,Young_Adult,0,3,-1.2098963255499335,0.24001759538214984,Premium Loyal Customers,1,Normal
25,Male,Skirt,Clothing,98,Massachusetts,S,Cyan,Spring,3.6,No,Debit Card,Free Shipping,No,28,Debit Card,2,Very_High,1,Youth,0,5,-1.8205626404369109,1.011561815036511,High-Value Premium Buyers,1,Normal
43,Male,Sandals,Footwear,28,Texas,M,Violet,Summer,4.6,No,PayPal,Free Shipping,No,7,Cash,7,Low,0,Adult,0,1,0.10193634320163183,-1.876973535112508,Occasional Low-Engagement Buyers,1,Normal
55,Male,Socks,Clothing,86,Nebraska,S,Charcoal,Summer,2.6,No,PayPal,Next Day Air,No,4,Debit Card,2,Very_High,1,Middle_Aged,0,3,-1.5418582936474556,0.5646188167047559,High-Value Premium Buyers,1,Normal
66,Male,Jewelry,Accessories,46,Pennsylvania,S,Blue,Summer,3.1,No,Venmo,Standard,No,49,Cash,5,Medium,0,Senior,0,1,0.01208609236484582,-1.4031882171320913,Family-Oriented Value Buyers,1,Normal
41,Male,Sunglasses,Accessories,42,Virginia,XL,Red,Fall,3.2,No,PayPal,Free Shipping,No,22,Cash,2,Medium,0,Adult,0,1,-0.03640677848978542,-1.5638540011291042,Family-Oriented Value Buyers,1,Normal
47,Male,Coat,Outerwear,80,Vermont,S,Purple,Winter,3.9,No,Bank Transfer,Express,No,39,Bank Transfer,1,High,1,Adult,0,7,-1.4669510936187207,0.6097556899366242,High-Value Premium Buyers,1,Normal
51,Male,Belt,Accessories,39,Oklahoma,L,Gray,Spring,4.9,No,Bank Transfer,Express,No,45,PayPal,7,Low,0,Middle_Aged,0,1,0.0008326765812789599,-1.4796941636135705,Occasional Low-Engagement Buyers,1,Normal
44,Male,Coat,Outerwear,49,Maine,M,Purple,Summer,4.1,No,Debit Card,2-Day Shipping,No,30,PayPal,1,Medium,0,Adult,0,1,-0.15572436348567292,-1.3505546780186952,Family-Oriented Value Buyers,1,Normal
18,Male,Scarf,Accessories,32,New Jersey,M,Silver,Summer,4.2,No,Venmo,Next Day Air,No,33,Credit Card,5,Low,0,Youth,0,1,0.09305868225250849,-1.7016123225276008,Occasional Low-Engagement Buyers,1,Normal
33,Male,Sandals,Footwear,73,Massachusetts,M,Purple,Fall,4.1,No,PayPal,Next Day Air,No,24,Cash,5,High,1,Young_Adult,0,5,-1.4389466024604365,0.40719458805330494,Premium Loyal Customers,1,Normal
24,Male,Belt,Accessories,42,New Jersey,M,Charcoal,Summer,3.9,No,PayPal,Free Shipping,No,11,Debit Card,4,Medium,0,Youth,0,1,-0.09711073869051336,-1.5409356588963927,Young Trend-Oriented Shoppers,1,Normal
33,Male,Scarf,Accessories,58,Washington,M,Silver,Spring,2.7,No,Venmo,Next Day Air,No,13,Venmo,7,Medium,0,Young_Adult,0,1,-0.2678594320421907,-1.224126398547952,Young Trend-Oriented Shoppers,1,Normal
61,Male,Jewelry,Accessories,22,Arkansas,M,White,Winter,3.7,No,PayPal,Express,No,27,PayPal,3,Low,0,Middle_Aged,0,1,0.3272607717174831,-2.015610045943218,Occasional Low-Engagement Buyers,1,Normal
27,Male,Scarf,Accessories,56,West Virginia,L,Peach,Spring,2.7,No,Debit Card,Next Day Air,No,30,PayPal,5,Medium,0,Young_Adult,0,1,-0.20758925842471404,-1.2389310979511745,Young Trend-Oriented Shoppers,1,Normal
46,Male,Pants,Clothing,70,Delaware,M,Red,Spring,2.5,No,Cash,Next Day Air,No,39,Venmo,4,High,1,Adult,0,7,-1.2047588051692122,0.2698067233064717,Premium Loyal Customers,1,Normal
38,Male,Shoes,Footwear,50,Texas,L,Olive,Spring,3.9,No,Bank Transfer,Free Shipping,No,10,Debit Card,3,Medium,0,Adult,0,1,-0.21839337207718273,-1.3617590996718922,Family-Oriented Value Buyers,1,Normal
63,Male,Boots,Footwear,21,Texas,L,Gray,Summer,3.0,No,Venmo,Express,No,4,Credit Card,4,Low,0,Middle_Aged,0,1,0.3583673416430893,-2.1407480493566293,Occasional Low-Engagement Buyers,1,Normal
47,Male,Jacket,Outerwear,97,Mississippi,M,Beige,Summer,3.2,No,Bank Transfer,2-Day Shipping,No,16,Cash,2,Very_High,1,Adult,0,3,-1.7628731634355013,0.8799444019344027,High-Value Premium Buyers,1,Normal
42,Male,Backpack,Accessories,63,Texas,L,Pink,Winter,3.8,No,Credit Card,Standard,No,34,Credit Card,6,High,1,Adult,0,3,-1.2012637162718127,0.17319319595720897,Premium Loyal Customers,1,Normal
41,Male,Jacket,Outerwear,60,Virginia,M,Red,Fall,2.7,No,Credit Card,Standard,No,11,Debit Card,7,Medium,0,Adult,0,1,-0.32481400887638545,-1.186510440051636,Premium Loyal Customers,1,Normal
53,Male,Boots,Footwear,52,New Hampshire,XL,Peach,Fall,3.0,No,Credit Card,Store Pickup,No,30,Debit Card,1,Medium,0,Middle_Aged,0,1,-0.1584263004811302,-1.2951809146820006,Family-Oriented Value Buyers,1,Normal
29,Male,Shoes,Footwear,32,Minnesota,M,Maroon,Winter,4.1,No,Cash,Next Day Air,No,40,Debit Card,3,Low,0,Young_Adult,0,1,0.12156502734428115,-1.681475123797647,Occasional Low-Engagement Buyers,1,Normal
61,Male,Belt,Accessories,48,Maryland,XL,Purple,Spring,3.2,No,Cash,2-Day Shipping,No,13,Credit Card,3,Medium,0,Middle_Aged,0,1,-0.11216905448444599,-1.4542686513484444,Family-Oriented Value Buyers,1,Normal
69,Male,Jewelry,Accessories,25,Vermont,M,Maroon,Summer,4.5,No,Cash,Store Pickup,No,28,Venmo,7,Low,0,Senior,0,1,0.26462121771218655,-1.9026161872565444,Occasional Low-Engagement Buyers,-1,Anomaly
51,Male,Jewelry,Accessories,68,Kansas,M,Gray,Summer,4.3,No,Bank Transfer,Store Pickup,No,49,Debit Card,5,High,1,Middle_Aged,0,7,-1.2700125177550572,0.3611728088335995,Premium Loyal Customers,1,Normal
24,Male,Pants,Clothing,74,Idaho,M,Gray,Fall,3.5,No,PayPal,Standard,No,23,Credit Card,2,High,1,Youth,0,5,-1.4359103338753203,0.39253447937944924,Premium Loyal Customers,1,Normal
24,Male,T-shirt,Clothing,88,Montana,XL,Magenta,Fall,3.1,No,PayPal,Standard,No,4,Bank Transfer,4,Very_High,1,Youth,0,5,-1.6944819200879573,0.658504370062945,High-Value Premium Buyers,1,Normal
70,Male,Shorts,Clothing,23,Oklahoma,L,Cyan,Spring,3.9,No,Venmo,Standard,No,17,PayPal,1,Low,0,Senior,0,1,0.30823696631102737,-2.022517452762486,Occasional Low-Engagement Buyers,1,Normal
49,Male,Hoodie,Clothing,32,California,M,Silver,Fall,2.7,No,Cash,Express,No,24,PayPal,1,Low,0,Adult,0,1,0.19067284623117306,-1.8389622710609796,Occasional Low-Engagement Buyers,1,Normal
48,Male,Belt,Accessories,71,Mississippi,S,Green,Winter,4.0,No,Venmo,Free Shipping,No,21,Debit Card,7,High,1,Adult,0,3,-1.3767613652935733,0.3841472511907405,Premium Loyal Customers,1,Normal
58,Male,Boots,Footwear,62,California,M,Violet,Spring,2.7,No,Debit Card,Next Day Air,No,17,Debit Card,5,High,1,Middle_Aged,0,3,-1.1115670594664124,0.024139507504711052,Premium Loyal Customers,1,Normal
32,Male,Hoodie,Clothing,20,New York,L,Magenta,Spring,2.7,No,Credit Card,Free Shipping,No,22,Debit Card,4,Low,0,Young_Adult,0,1,0.3810171532065355,-2.1184521306786,Occasional Low-Engagement Buyers,1,Normal
57,Male,Shorts,Clothing,62,Arizona,XL,Yellow,Spring,4.7,No,Debit Card,Standard,No,27,Cash,1,High,1,Middle_Aged,0,3,-1.2267342176099894,0.1595602973770488,Premium Loyal Customers,1,Normal
69,Male,Backpack,Accessories,81,Massachusetts,XL,Gray,Winter,4.5,No,PayPal,Standard,No,1,Venmo,7,High,1,Senior,0,3,-1.5765703867016485,0.5466549709913114,High-Value Premium Buyers,1,Normal
42,Male,Scarf,Accessories,90,Kentucky,L,Indigo,Winter,3.0,No,Debit Card,2-Day Shipping,No,27,Bank Transfer,2,Very_High,1,Adult,0,3,-1.6145892450578594,0.7441948907913836,High-Value Premium Buyers,1,Normal
30,Male,Socks,Clothing,43,Vermont,S,Indigo,Fall,3.6,No,Debit Card,Store Pickup,No,8,Venmo,4,Medium,0,Young_Adult,0,1,-0.1064300949075332,-1.5475163630140418,Young Trend-Oriented Shoppers,1,Normal
35,Male,Handbag,Accessories,38,Missouri,S,Yellow,Fall,3.3,No,Credit Card,Standard,No,43,PayPal,4,Low,0,Young_Adult,0,1,0.06802045109043206,-1.5778306821468333,Occasional Low-Engagement Buyers,1,Normal
19,Male,Sunglasses,Accessories,25,Michigan,XL,Gold,Spring,4.3,No,Venmo,Store Pickup,No,24,Cash,1,Low,0,Youth,0,1,0.18969443887397258,-1.8767661266488733,Occasional Low-Engagement Buyers,1,Normal
52,Male,T-shirt,Clothing,98,Texas,XL,Green,Winter,4.3,No,Cash,Express,No,29,PayPal,1,Very_High,1,Middle_Aged,0,3,-1.8512941409481691,1.0473552341958519,High-Value Premium Buyers,1,Normal
42,Male,Dress,Clothing,75,New York,M,Charcoal,Spring,4.8,No,Debit Card,Free Shipping,No,10,Bank Transfer,5,High,1,Adult,0,5,-1.532457699921804,0.44914016311949667,Premium Loyal Customers,1,Normal
36,Male,Sneakers,Footwear,27,New Mexico,XL,Olive,Spring,4.0,No,Bank Transfer,Store Pickup,No,12,PayPal,1,Low,0,Adult,0,1,0.18548006034735867,-1.9073912057947926,Occasional Low-Engagement Buyers,1,Normal
45,Male,Sunglasses,Accessories,27,Mississippi,L,Black,Winter,3.5,No,Credit Card,Standard,No,48,Cash,1,Low,0,Adult,0,1,0.28698936412961656,-1.8363741010177193,Occasional Low-Engagement Buyers,1,Normal
54,Male,Blouse,Clothing,42,Washington,M,Silver,Fall,3.9,No,Debit Card,Next Day Air,No,40,Bank Transfer,4,Medium,0,Middle_Aged,0,1,-0.029838226837326565,-1.4935470487930849,Family-Oriented Value Buyers,1,Normal
54,Male,T-shirt,Clothing,90,New Mexico,M,Red,Summer,4.4,No,Bank Transfer,Store Pickup,No,1,Bank Transfer,3,Very_High,1,Middle_Aged,0,5,-1.754571784763714,0.7536098005441081,High-Value Premium Buyers,1,Normal
27,Male,Hat,Accessories,63,Florida,M,Brown,Summer,4.6,No,Credit Card,2-Day Shipping,No,26,Credit Card,1,High,1,Young_Adult,0,5,-1.2828989306295957,0.20679508048986808,Premium Loyal Customers,1,Normal
53,Male,Shorts,Clothing,96,Minnesota,M,Silver,Fall,4.0,No,Cash,Express,No,9,PayPal,3,Very_High,1,Middle_Aged,0,3,-1.8361892693272208,0.9043624933902225,High-Value Premium Buyers,1,Normal
20,Male,Hoodie,Clothing,40,New Hampshire,M,Silver,Winter,4.2,No,PayPal,Free Shipping,No,19,Debit Card,4,Medium,0,Youth,0,1,-0.09335558446370225,-1.5450268713639883,Young Trend-Oriented Shoppers,1,Normal
52,Male,Socks,Clothing,39,Minnesota,L,Black,Fall,4.5,No,Debit Card,Next Day Air,No,37,Bank Transfer,6,Low,0,Middle_Aged,0,1,-0.008425411058560262,-1.5473992381752266,Occasional Low-Engagement Buyers,1,Normal
54,Male,Sunglasses,Accessories,48,Vermont,M,Purple,Fall,3.9,No,Bank Transfer,Free Shipping,No,3,Cash,4,Medium,0,Middle_Aged,0,1,-0.2088864749845024,-1.4369308135795968,Family-Oriented Value Buyers,1,Normal
65,Male,Blouse,Clothing,20,Minnesota,M,Purple,Summer,3.7,No,Venmo,Express,No,40,Venmo,2,Low,0,Middle_Aged,0,1,0.4002319856598752,-2.039026535862334,Occasional Low-Engagement Buyers,1,Normal
43,Male,Jeans,Clothing,29,Massachusetts,S,Turquoise,Summer,3.6,No,Cash,Store Pickup,No,13,Bank Transfer,4,Low,0,Adult,0,1,0.18143393409524908,-1.8672877271527877,Occasional Low-Engagement Buyers,1,Normal
57,Male,Dress,Clothing,81,Wyoming,M,Gold,Winter,4.7,No,Bank Transfer,Express,No,48,Credit Card,6,High,1,Middle_Aged,0,7,-1.5417516315053212,0.6942940503291855,High-Value Premium Buyers,1,Normal
19,Male,Dress,Clothing,98,South Dakota,S,Indigo,Fall,3.6,No,Venmo,2-Day Shipping,No,4,Venmo,7,Very_High,1,Youth,0,5,-1.8979156875633743,0.9630036311518526,High-Value Premium Buyers,-1,Anomaly
69,Male,Jeans,Clothing,93,Oklahoma,M,Lavender,Fall,2.5,No,Bank Transfer,Next Day Air,No,9,Cash,2,Very_High,1,Senior,0,7,-1.6588101426866795,0.725622582466734,High-Value Premium Buyers,-1,Anomaly
26,Male,Socks,Clothing,30,Florida,L,Blue,Summer,2.9,No,PayPal,Store Pickup,No,26,Bank Transfer,5,Low,0,Young_Adult,0,1,0.2030089717432415,-1.8760366585414237,Occasional Low-Engagement Buyers,1,Normal
57,Male,Sunglasses,Accessories,37,Wisconsin,L,Maroon,Fall,4.4,No,Venmo,Free Shipping,No,19,Debit Card,2,Low,0,Middle_Aged,0,1,0.0013250039044173656,-1.6177469992552693,Occasional Low-Engagement Buyers,1,Normal
20,Male,Coat,Outerwear,28,Maine,L,Yellow,Winter,4.6,No,Venmo,Express,No,1,Credit Card,7,Low,0,Youth,0,1,0.08003749037154184,-1.857498606389981,Occasional Low-Engagement Buyers,1,Normal
55,Male,Scarf,Accessories,29,Connecticut,M,Purple,Winter,3.7,No,PayPal,Express,No,29,PayPal,7,Low,0,Middle_Aged,0,1,0.20266348246416732,-1.840068614265978,Occasional Low-Engagement Buyers,1,Normal
44,Male,Backpack,Accessories,49,Delaware,M,Peach,Summer,3.2,No,Venmo,Free Shipping,No,38,Venmo,5,Medium,0,Adult,0,1,-0.10316295298557963,-1.353256596805844,Family-Oriented Value Buyers,1,Normal
52,Male,Pants,Clothing,53,North Dakota,M,Silver,Winter,4.9,No,Bank Transfer,2-Day Shipping,No,31,PayPal,3,Medium,0,Middle_Aged,0,1,-0.30337026208472434,-1.1861017927133863,Family-Oriented Value Buyers,1,Normal
57,Male,Gloves,Accessories,66,California,M,Turquoise,Summer,5.0,No,PayPal,Free Shipping,No,35,Venmo,3,High,1,Middle_Aged,0,3,-1.2958397849605392,0.2938027181146158,Premium Loyal Customers,1,Normal
40,Male,Jacket,Outerwear,61,New Mexico,S,Olive,Spring,3.3,No,Debit Card,Express,No,40,Cash,4,High,1,Adult,0,3,-1.102290875585309,0.10675267295681976,Premium Loyal Customers,1,Normal
23,Male,Shorts,Clothing,23,Iowa,XL,Peach,Summer,4.4,No,Cash,Store Pickup,No,13,Venmo,4,Low,0,Youth,0,1,0.20696390275978693,-1.9617362996190673,Occasional Low-Engagement Buyers,1,Normal
36,Male,Pants,Clothing,36,Colorado,S,Indigo,Fall,4.7,No,Debit Card,Store Pickup,No,9,Bank Transfer,7,Low,0,Adult,0,1,-0.045575249369566626,-1.6448796400162846,Occasional Low-Engagement Buyers,1,Normal
59,Male,Skirt,Clothing,81,Montana,L,Indigo,Fall,3.6,No,Credit Card,Free Shipping,No,25,Cash,7,High,1,Middle_Aged,0,7,-1.52176278187823,0.5603836542179481,High-Value Premium Buyers,1,Normal
29,Male,Blouse,Clothing,56,Iowa,XL,Maroon,Summer,3.2,No,Credit Card,Free Shipping,No,3,Bank Transfer,5,Medium,0,Young_Adult,0,1,-0.3385106221085808,-1.2703724843724913,Young Trend-Oriented Shoppers,1,Normal
63,Male,Shirt,Clothing,78,Louisiana,L,Black,Spring,3.0,No,Venmo,Next Day Air,No,35,Credit Card,6,High,1,Middle_Aged,0,7,-1.3701490149167361,0.46799944617295924,Premium Loyal Customers,1,Normal
60,Male,Jewelry,Accessories,25,Alabama,XL,Teal,Summer,4.4,No,Bank Transfer,Store Pickup,No,13,Venmo,5,Low,0,Middle_Aged,0,1,0.22538943587114696,-1.940544123655748,Occasional Low-Engagement Buyers,1,Normal
64,Male,Backpack,Accessories,86,Nevada,XL,Olive,Fall,3.3,No,Credit Card,Express,No,31,Debit Card,3,Very_High,1,Middle_Aged,0,7,-1.5560220987700144,0.7046880372890537,High-Value Premium Buyers,1,Normal
63,Male,Jewelry,Accessories,99,Vermont,M,Gold,Winter,3.4,No,Credit Card,Express,No,48,Credit Card,6,Very_High,1,Middle_Aged,0,7,-1.7560258496081589,1.0519860721414804,High-Value Premium Buyers,1,Normal
21,Male,Belt,Accessories,83,New York,M,Gray,Fall,3.9,No,Debit Card,Express,No,6,Bank Transfer,5,Very_High,1,Youth,0,5,-1.6516684051152655,0.6027087319872028,High-Value Premium Buyers,1,Normal
61,Male,Dress,Clothing,33,Mississippi,L,Orange,Winter,2.9,No,PayPal,Store Pickup,No,43,Cash,6,Low,0,Middle_Aged,0,1,0.22235710044644047,-1.75658496744091,Occasional Low-Engagement Buyers,1,Normal
65,Male,Coat,Outerwear,44,South Carolina,M,Black,Fall,2.9,No,Venmo,Free Shipping,No,1,Venmo,4,Medium,0,Middle_Aged,0,1,-0.05164315069938731,-1.607150769285349,Family-Oriented Value Buyers,1,Normal
69,Male,Dress,Clothing,58,Washington,M,Teal,Spring,2.7,No,Debit Card,2-Day Shipping,No,8,Cash,3,Medium,0,Senior,0,1,-0.2649778255026317,-1.2759146724880859,Family-Oriented Value Buyers,1,Normal
47,Male,Sweater,Clothing,54,Colorado,M,Beige,Spring,3.4,No,Credit Card,Store Pickup,No,6,Debit Card,2,Medium,0,Adult,0,1,-0.2538708618327842,-1.3057113489193217,Family-Oriented Value Buyers,1,Normal
41,Male,Hoodie,Clothing,93,Nevada,M,White,Spring,3.7,No,Debit Card,2-Day Shipping,No,32,Venmo,1,Very_High,1,Adult,0,3,-1.7084632680579976,0.8757113377998141,High-Value Premium Buyers,1,Normal
68,Male,Shoes,Footwear,98,Nevada,L,Turquoise,Spring,4.7,No,Bank Transfer,Standard,No,46,Bank Transfer,5,Very_High,1,Senior,0,7,-1.790966127443341,1.0779018456757945,High-Value Premium Buyers,1,Normal
41,Male,Shoes,Footwear,36,Oklahoma,XL,Teal,Spring,3.1,No,Bank Transfer,Express,No,38,PayPal,7,Low,0,Adult,0,1,0.13039617301496503,-1.6682059700566003,Occasional Low-Engagement Buyers,1,Normal
42,Male,Jacket,Outerwear,68,Mississippi,L,Orange,Fall,4.2,No,PayPal,2-Day Shipping,No,48,Credit Card,1,High,1,Adult,0,7,-1.286866277557113,0.3429470943546088,Premium Loyal Customers,1,Normal
66,Male,Backpack,Accessories,95,Arkansas,M,Black,Summer,3.0,No,Credit Card,Store Pickup,No,18,Debit Card,5,Very_High,1,Senior,0,7,-1.6961960740180893,0.8501138315184936,High-Value Premium Buyers,1,Normal
66,Male,Jeans,Clothing,93,West Virginia,M,Violet,Spring,3.1,No,Bank Transfer,Express,No,25,Cash,4,Very_High,1,Senior,0,7,-1.6661175792568184,0.8165371366986902,High-Value Premium Buyers,1,Normal
33,Male,Jacket,Outerwear,99,Michigan,L,Maroon,Fall,4.2,No,Cash,2-Day Shipping,No,4,Cash,1,Very_High,1,Young_Adult,0,5,-1.9165182300055248,0.9821123535851363,High-Value Premium Buyers,1,Normal
55,Male,Sunglasses,Accessories,22,Louisiana,M,Turquoise,Winter,3.8,No,Cash,Next Day Air,No,27,Venmo,4,Low,0,Middle_Aged,0,1,0.33332707008944845,-2.0036669875769038,Occasional Low-Engagement Buyers,1,Normal
58,Male,Gloves,Accessories,88,South Dakota,M,Gold,Fall,2.9,No,Cash,Express,No,14,Bank Transfer,6,Very_High,1,Middle_Aged,0,3,-1.6073338653013967,0.6650520391288705,High-Value Premium Buyers,1,Normal
18,Male,Jacket,Outerwear,65,North Dakota,M,Turquoise,Spring,4.2,No,Credit Card,Express,No,36,Bank Transfer,1,High,1,Youth,0,5,-1.2731532652045074,0.25742148219033134,Premium Loyal Customers,1,Normal
49,Male,T-shirt,Clothing,62,Arizona,M,Maroon,Fall,3.1,No,Venmo,2-Day Shipping,No,6,Debit Card,4,High,1,Adult,0,3,-1.221841689902434,0.04521207465277225,Premium Loyal Customers,1,Normal
61,Male,Sandals,Footwear,55,Georgia,XL,Purple,Spring,3.6,No,Bank Transfer,Express,No,46,Cash,3,Medium,0,Middle_Aged,0,1,-0.19479513708125357,-1.1768205393018716,Family-Oriented Value Buyers,1,Normal
31,Male,Shorts,Clothing,97,Idaho,S,Maroon,Spring,4.8,No,Bank Transfer,Standard,No,29,Bank Transfer,3,Very_High,1,Young_Adult,0,5,-1.8749040944696245,1.0474769983873786,High-Value Premium Buyers,1,Normal
70,Male,Handbag,Accessories,77,Louisiana,L,Brown,Fall,4.1,No,Credit Card,Express,No,12,Venmo,6,High,1,Senior,0,3,-1.467883874278836,0.4493980870545511,Premium Loyal Customers,1,Normal
68,Male,Pants,Clothing,40,Connecticut,L,Indigo,Winter,3.9,No,Credit Card,Free Shipping,No,47,Credit Card,2,Medium,0,Senior,0,1,0.043065950337178784,-1.5233365172670228,Family-Oriented Value Buyers,1,Normal
27,Male,Blouse,Clothing,23,Ohio,S,Lavender,Winter,3.0,No,Venmo,Standard,No,28,Debit Card,3,Low,0,Young_Adult,0,1,0.3055524332460465,-1.984946796757973,Occasional Low-Engagement Buyers,1,Normal
48,Male,Shoes,Footwear,46,Maine,M,Beige,Winter,3.0,No,PayPal,Express,No,21,Bank Transfer,3,Medium,0,Adult,0,1,-0.07912774212791944,-1.4881668225599756,Family-Oriented Value Buyers,1,Normal
63,Male,Backpack,Accessories,75,New Hampshire,M,Yellow,Spring,4.9,No,Venmo,2-Day Shipping,No,15,Credit Card,3,High,1,Middle_Aged,0,3,-1.4941573412393634,0.46484500963829073,Premium Loyal Customers,1,Normal
49,Male,Shoes,Footwear,76,Massachusetts,M,Gold,Fall,4.8,No,Cash,Next Day Air,No,38,Cash,3,High,1,Adult,0,3,-1.4847386582521658,0.5605971623725714,Premium Loyal Customers,1,Normal
19,Male,Dress,Clothing,59,South Dakota,M,Indigo,Summer,3.3,No,Debit Card,Standard,No,19,Credit Card,3,Medium,0,Youth,0,1,-0.34642904164946,-1.1642351619228977,Young Trend-Oriented Shoppers,1,Normal
30,Male,Skirt,Clothing,51,Colorado,L,Cyan,Summer,2.7,No,Bank Transfer,Standard,No,31,Credit Card,2,Medium,0,Young_Adult,0,1,-0.12030534019535911,-1.3680814888891224,Young Trend-Oriented Shoppers,1,Normal
50,Male,Jacket,Outerwear,46,Rhode Island,XL,Silver,Fall,4.2,No,Bank Transfer,Express,No,30,Credit Card,7,Medium,0,Adult,0,1,-0.13029256034669484,-1.3947820131535897,Family-Oriented Value Buyers,1,Normal
66,Male,Shirt,Clothing,26,Missouri,L,Silver,Fall,3.6,No,PayPal,Next Day Air,No,40,Bank Transfer,4,Low,0,Senior,0,1,0.2957569483605834,-1.9024384498187128,Occasional Low-Engagement Buyers,1,Normal
25,Male,Hoodie,Clothing,51,Wyoming,M,Silver,Summer,3.8,No,Venmo,Next Day Air,No,42,Credit Card,5,Medium,0,Youth,0,1,-0.19307442654567564,-1.2503405741304714,Young Trend-Oriented Shoppers,1,Normal
61,Male,Scarf,Accessories,44,New Hampshire,M,Peach,Winter,3.8,No,Venmo,Free Shipping,No,25,Venmo,3,Medium,0,Middle_Aged,0,1,-0.07216642463396265,-1.4762027584931414,Family-Oriented Value Buyers,1,Normal
29,Male,Skirt,Clothing,82,Maine,S,Pink,Spring,4.2,No,Bank Transfer,Free Shipping,No,20,Cash,4,Very_High,1,Young_Adult,0,5,-1.6126498050466538,0.6281187372589566,High-Value Premium Buyers,1,Normal
53,Male,Skirt,Clothing,44,Connecticut,S,Violet,Summer,2.7,No,PayPal,Express,No,3,Cash,2,Medium,0,Middle_Aged,0,1,-0.03611342435213445,-1.6129171095289354,Family-Oriented Value Buyers,1,Normal
24,Male,Scarf,Accessories,27,Alaska,M,Black,Fall,5.0,No,Venmo,Next Day Air,No,14,Cash,3,Low,0,Youth,0,1,0.07452746651755028,-1.8173186409991544,Occasional Low-Engagement Buyers,1,Normal
51,Male,Sunglasses,Accessories,90,Alaska,M,Purple,Fall,4.7,No,PayPal,Next Day Air,No,32,Credit Card,1,Very_High,1,Middle_Aged,0,3,-1.7245633138424619,0.8709112768447907,High-Value Premium Buyers,1,Normal
26,Male,Sandals,Footwear,58,North Carolina,S,Black,Summer,3.2,No,Cash,Store Pickup,No,20,PayPal,7,Medium,0,Young_Adult,0,1,-0.30005025176850364,-1.166393660394029,Young Trend-Oriented Shoppers,1,Normal
59,Male,Hoodie,Clothing,80,Colorado,XL,Peach,Spring,2.9,No,PayPal,2-Day Shipping,No,34,PayPal,1,High,1,Middle_Aged,0,7,-1.4183956630019392,0.49734733854513763,High-Value Premium Buyers,1,Normal
41,Male,Jacket,Outerwear,40,Utah,S,Magenta,Winter,4.2,No,PayPal,Store Pickup,No,6,Venmo,3,Medium,0,Adult,0,1,-0.0657359791714071,-1.5981123590816502,Family-Oriented Value Buyers,1,Normal
20,Male,Pants,Clothing,23,Alabama,M,Magenta,Spring,3.7,No,Credit Card,Store Pickup,No,2,PayPal,3,Low,0,Youth,0,1,0.2056559458168264,-2.0440582784154895,Occasional Low-Engagement Buyers,1,Normal
22,Male,Shirt,Clothing,34,Hawaii,S,Black,Spring,4.2,No,PayPal,Store Pickup,No,35,Credit Card,3,Low,0,Youth,0,1,0.05517524356919827,-1.6438226170739578,Occasional Low-Engagement Buyers,1,Normal
18,Male,Blouse,Clothing,35,New Hampshire,XL,Pink,Winter,2.6,No,Debit Card,Free Shipping,No,33,Debit Card,4,Low,0,Youth,0,1,0.11049285994384242,-1.7189718128888798,Occasional Low-Engagement Buyers,1,Normal
30,Male,Skirt,Clothing,75,Indiana,L,Olive,Summer,4.0,No,Debit Card,Store Pickup,No,45,Venmo,5,High,1,Young_Adult,0,3,-1.3899811999552338,0.49666567521051624,Premium Loyal Customers,1,Normal
25,Male,Sunglasses,Accessories,60,Vermont,XL,Olive,Winter,2.7,No,Debit Card,Next Day Air,No,20,Bank Transfer,7,Medium,0,Youth,0,1,-0.3087838091390719,-1.1565804981791656,Premium Loyal Customers,1,Normal
39,Male,Belt,Accessories,87,Iowa,L,Peach,Summer,4.0,No,Debit Card,Store Pickup,No,48,Bank Transfer,3,Very_High,1,Adult,0,7,-1.5766528543321168,0.7895125385460653,High-Value Premium Buyers,1,Normal
49,Male,Gloves,Accessories,41,Maryland,S,Silver,Spring,2.9,No,Credit Card,Next Day Air,No,37,Cash,6,Medium,0,Adult,0,1,0.07661242977495153,-1.5633312540052613,Family-Oriented Value Buyers,1,Normal
25,Male,Pants,Clothing,83,New Mexico,M,Turquoise,Spring,3.3,No,PayPal,Standard,No,4,Bank Transfer,7,Very_High,1,Youth,0,5,-1.586018358435937,0.5377254202754216,High-Value Premium Buyers,1,Normal
23,Male,Scarf,Accessories,81,Louisiana,L,Olive,Spring,4.0,No,Bank Transfer,Store Pickup,No,24,Bank Transfer,5,High,1,Youth,0,5,-1.5485589548737473,0.5995249740547813,High-Value Premium Buyers,1,Normal
33,Male,T-shirt,Clothing,56,New Mexico,S,Lavender,Summer,3.9,No,Cash,Next Day Air,No,4,Debit Card,7,Medium,0,Young_Adult,0,1,-0.33187460166402477,-1.2042000037747267,Young Trend-Oriented Shoppers,1,Normal
60,Male,Shoes,Footwear,58,South Carolina,M,Red,Summer,3.3,No,Debit Card,2-Day Shipping,No,25,Debit Card,3,Medium,0,Middle_Aged,0,1,-0.2611340298673566,-1.183774197474202,Family-Oriented Value Buyers,1,Normal
51,Male,Pants,Clothing,84,Illinois,M,Gray,Spring,3.9,No,Venmo,Next Day Air,No,14,PayPal,5,Very_High,1,Middle_Aged,0,3,-1.605370507636621,0.6256446282454248,High-Value Premium Buyers,1,Normal
23,Male,Gloves,Accessories,21,Minnesota,M,Magenta,Fall,3.9,No,Credit Card,Store Pickup,No,14,Bank Transfer,1,Low,0,Youth,0,1,0.25106705765560927,-2.0336284058148095,Occasional Low-Engagement Buyers,1,Normal
20,Male,Socks,Clothing,35,Oregon,L,Maroon,Summer,4.2,No,PayPal,Standard,No,46,Credit Card,7,Low,0,Youth,0,1,0.06960433206114341,-1.6177563812679479,Occasional Low-Engagement Buyers,1,Normal
51,Male,Sneakers,Footwear,43,Tennessee,M,Cyan,Summer,4.6,No,Venmo,Store Pickup,No,27,PayPal,4,Medium,0,Middle_Aged,0,1,-0.09587734945641326,-1.446748082966059,Family-Oriented Value Buyers,1,Normal
23,Female,Shorts,Clothing,20,Maryland,L,Cyan,Summer,3.3,No,Debit Card,2-Day Shipping,No,46,Credit Card,6,Low,0,Youth,0,1,0.006865393447813006,-2.303943389052539,Occasional Low-Engagement Buyers,1,Normal
67,Female,Blouse,Clothing,36,Wisconsin,L,Lavender,Fall,4.8,No,Credit Card,Express,No,24,Venmo,7,Low,0,Senior,0,1,-0.37783556971558,-1.8888361784021557,Occasional Low-Engagement Buyers,1,Normal
23,Female,Coat,Outerwear,70,Idaho,S,Pink,Fall,4.1,No,Debit Card,Next Day Air,No,4,PayPal,3,High,1,Youth,0,5,-1.7981416860947177,0.012280158539636633,Premium Loyal Customers,1,Normal
26,Female,Sunglasses,Accessories,83,Wyoming,M,Gray,Summer,3.4,No,Credit Card,Standard,No,2,Credit Card,1,Very_High,1,Young_Adult,0,5,-1.9768564030215943,0.2815215124580105,High-Value Premium Buyers,1,Normal
52,Female,Shorts,Clothing,76,Indiana,L,Yellow,Winter,3.6,No,Bank Transfer,Express,No,29,Bank Transfer,1,High,1,Middle_Aged,0,3,-1.7840906616280723,0.1863122186100712,Premium Loyal Customers,1,Normal
52,Female,Dress,Clothing,81,Texas,M,Pink,Summer,2.7,No,PayPal,Express,No,7,Credit Card,1,High,1,Middle_Aged,0,3,-1.868004359658665,0.17918749683352883,High-Value Premium Buyers,1,Normal
52,Female,Handbag,Accessories,47,Ohio,XL,Indigo,Summer,3.2,No,Bank Transfer,Next Day Air,No,39,PayPal,6,Medium,0,Middle_Aged,0,1,-0.4151731477475727,-1.6922820177039581,Family-Oriented Value Buyers,1,Normal
35,Female,Boots,Footwear,35,Kansas,L,Gray,Summer,4.4,No,Bank Transfer,2-Day Shipping,No,46,Credit Card,1,Low,0,Young_Adult,0,1,-0.30756061082898656,-1.8710199353880281,Occasional Low-Engagement Buyers,1,Normal
24,Female,Pants,Clothing,85,South Carolina,L,Yellow,Spring,4.9,No,Debit Card,Express,No,44,Venmo,3,Very_High,1,Youth,0,3,-2.013018467351773,0.5281122473599524,High-Value Premium Buyers,1,Normal
43,Female,Boots,Footwear,96,Michigan,XL,Olive,Fall,4.8,No,Debit Card,Express,No,20,Bank Transfer,3,Very_High,1,Adult,0,5,-2.2554092111447956,0.7267921862316304,High-Value Premium Buyers,1,Normal
25,Female,Skirt,Clothing,98,Nebraska,M,Cyan,Summer,2.8,No,PayPal,2-Day Shipping,No,44,PayPal,1,Very_High,1,Youth,0,3,-2.1309239349494518,0.7080336710987893,High-Value Premium Buyers,-1,Anomaly
46,Female,Sneakers,Footwear,52,Wisconsin,L,Silver,Fall,2.9,No,Credit Card,Free Shipping,No,23,Bank Transfer,3,Medium,0,Adult,0,1,-0.5591621053426273,-1.6103007545549028,Family-Oriented Value Buyers,1,Normal
22,Female,Jewelry,Accessories,84,Illinois,L,Silver,Winter,3.2,No,Debit Card,Store Pickup,No,37,PayPal,2,Very_High,1,Youth,0,3,-1.9015099026948143,0.382814640521839,High-Value Premium Buyers,1,Normal
70,Female,T-shirt,Clothing,71,Louisiana,L,Red,Winter,3.5,No,Venmo,Store Pickup,No,4,Venmo,2,High,1,Senior,0,3,-1.7151454294372062,-0.01807975746833984,Premium Loyal Customers,1,Normal
49,Female,Sandals,Footwear,95,Ohio,S,Brown,Winter,4.1,No,Bank Transfer,Store Pickup,No,14,Venmo,1,Very_High,1,Adult,0,3,-2.1720923606203963,0.6450291030526946,High-Value Premium Buyers,1,Normal
48,Female,Boots,Footwear,47,Maryland,M,Orange,Summer,4.1,No,Venmo,Free Shipping,No,31,Cash,1,Medium,0,Adult,0,1,-0.5162455841370357,-1.6361715786473368,Family-Oriented Value Buyers,1,Normal
59,Female,Coat,Outerwear,75,Texas,M,Black,Summer,4.8,No,Venmo,Next Day Air,No,9,PayPal,4,High,1,Middle_Aged,0,3,-1.8607178515339453,0.1580315667628738,Premium Loyal Customers,1,Normal
39,Female,Belt,Accessories,28,Illinois,L,Teal,Spring,2.8,No,PayPal,Free Shipping,No,31,Credit Card,2,Low,0,Adult,0,1,-0.10741852752541171,-2.1795816028025827,Occasional Low-Engagement Buyers,1,Normal
30,Female,Sunglasses,Accessories,44,Pennsylvania,M,Yellow,Fall,4.7,No,Venmo,Express,No,26,Bank Transfer,5,Medium,0,Young_Adult,0,1,-0.5647514800636365,-1.6553268645750083,Young Trend-Oriented Shoppers,1,Normal
37,Female,Sandals,Footwear,64,Alabama,XL,Gray,Winter,4.8,No,Cash,2-Day Shipping,No,41,PayPal,7,High,1,Adult,0,3,-1.6702672844208086,0.017102951837414764,Premium Loyal Customers,1,Normal
56,Female,Boots,Footwear,28,West Virginia,M,Maroon,Spring,2.9,No,Debit Card,Standard,No,13,Cash,3,Low,0,Middle_Aged,0,1,-0.1289323950813831,-2.2403190753845594,Occasional Low-Engagement Buyers,1,Normal
67,Female,Hoodie,Clothing,21,Nevada,M,Olive,Summer,2.6,No,Cash,2-Day Shipping,No,4,Cash,6,Low,0,Senior,0,1,7.905564323640313e-05,-2.4576980860572784,Occasional Low-Engagement Buyers,-1,Anomaly
40,Female,Hat,Accessories,41,Florida,S,Charcoal,Fall,3.3,No,Debit Card,Express,No,15,Cash,7,Medium,0,Adult,0,1,-0.40061532953801365,-1.849775269311948,Family-Oriented Value Buyers,1,Normal
24,Female,Shorts,Clothing,38,Virginia,M,Peach,Winter,3.4,No,Cash,Free Shipping,No,38,Cash,5,Low,0,Youth,0,1,-0.3667781781284347,-1.856010028287923,Occasional Low-Engagement Buyers,1,Normal
43,Female,Backpack,Accessories,77,Kentucky,M,Maroon,Spring,3.6,No,Venmo,Free Shipping,No,3,Cash,1,High,1,Adult,0,5,-1.8679454504020387,0.14409653986322074,Premium Loyal Customers,1,Normal
45,Female,Shorts,Clothing,43,Connecticut,L,Olive,Spring,3.8,No,Debit Card,Next Day Air,No,6,PayPal,7,Medium,0,Adult,0,1,-0.4576992767990714,-1.8469153877810298,Family-Oriented Value Buyers,1,Normal
33,Female,Belt,Accessories,91,Montana,M,Magenta,Spring,3.4,No,Cash,2-Day Shipping,No,34,Credit Card,5,Very_High,1,Young_Adult,0,3,-2.0628035111067695,0.5613621787960974,High-Value Premium Buyers,1,Normal
53,Female,Shorts,Clothing,68,Montana,S,Yellow,Spring,3.8,No,Debit Card,Express,No,7,Debit Card,4,High,1,Middle_Aged,0,3,-1.6981943321634165,-0.04473538379911332,Premium Loyal Customers,1,Normal
44,Female,Socks,Clothing,37,Nebraska,L,Indigo,Fall,3.3,No,PayPal,Next Day Air,No,21,Venmo,3,Low,0,Adult,0,1,-0.3184651214486347,-1.9723097867304287,Occasional Low-Engagement Buyers,1,Normal
23,Female,Shoes,Footwear,23,Massachusetts,L,Olive,Summer,4.8,No,Bank Transfer,Standard,No,17,Debit Card,6,Low,0,Youth,0,1,-0.17277700072026347,-2.2073637194920206,Occasional Low-Engagement Buyers,1,Normal
59,Female,Sneakers,Footwear,65,North Carolina,L,Maroon,Winter,3.9,No,Venmo,2-Day Shipping,No,5,Venmo,7,High,1,Middle_Aged,0,3,-1.651009076588162,-0.12458750998203721,Premium Loyal Customers,1,Normal
68,Female,Backpack,Accessories,30,Montana,M,Indigo,Summer,4.2,No,Cash,Next Day Air,No,21,Cash,1,Low,0,Senior,0,1,-0.1965335011795692,-2.0918877544393952,Occasional Low-Engagement Buyers,1,Normal
46,Female,Dress,Clothing,45,Washington,M,Gray,Summer,4.7,No,Venmo,Free Shipping,No,42,Credit Card,5,Medium,0,Adult,0,1,-0.530460307947758,-1.6101313394262804,Family-Oriented Value Buyers,1,Normal
56,Female,Boots,Footwear,25,Virginia,M,Gray,Winter,2.7,No,Venmo,Express,No,49,Credit Card,4,Low,0,Middle_Aged,0,1,-0.02321207169416281,-2.187484650484718,Occasional Low-Engagement Buyers,1,Normal
40,Female,Socks,Clothing,72,Georgia,M,Black,Winter,3.8,No,Venmo,2-Day Shipping,No,33,Cash,1,High,1,Adult,0,3,-1.7670608113564004,0.11920716047428576,Premium Loyal Customers,1,Normal
61,Female,Dress,Clothing,75,Delaware,M,White,Fall,3.6,No,Cash,2-Day Shipping,No,12,Debit Card,5,High,1,Middle_Aged,0,3,-1.8239519115662324,0.12913279647109477,Premium Loyal Customers,1,Normal
53,Female,Handbag,Accessories,63,West Virginia,XL,Turquoise,Spring,2.9,No,Cash,2-Day Shipping,No,18,Credit Card,7,High,1,Middle_Aged,0,3,-1.5345796371389386,-0.1989576454538302,Premium Loyal Customers,1,Normal
29,Female,Blouse,Clothing,35,Wyoming,M,Orange,Fall,3.9,No,Credit Card,Standard,No,47,PayPal,4,Low,0,Young_Adult,0,1,-0.3263210535726316,-1.884295851917511,Occasional Low-Engagement Buyers,1,Normal
44,Female,Belt,Accessories,32,New Mexico,L,Yellow,Summer,4.7,No,Venmo,Free Shipping,No,18,Bank Transfer,2,Low,0,Adult,0,1,-0.31140814986024196,-2.00137634133904,Occasional Low-Engagement Buyers,1,Normal
43,Female,Pants,Clothing,25,Nebraska,L,Blue,Winter,3.3,No,Bank Transfer,2-Day Shipping,No,48,Cash,6,Low,0,Adult,0,1,-0.06513000670493967,-2.1790684491146353,Occasional Low-Engagement Buyers,1,Normal
40,Female,Sneakers,Footwear,90,Washington,XL,Violet,Spring,4.2,No,Venmo,Free Shipping,No,18,Debit Card,7,Very_High,1,Adult,0,5,-2.107115986684465,0.5609222611807866,High-Value Premium Buyers,1,Normal
55,Female,Boots,Footwear,70,Hawaii,L,Lavender,Summer,2.6,No,Debit Card,Standard,No,46,Cash,4,High,1,Middle_Aged,0,7,-1.5578785581957026,0.006063108696189645,Premium Loyal Customers,1,Normal
66,Female,Sunglasses,Accessories,27,Louisiana,M,Olive,Spring,4.9,No,Venmo,Express,No,34,Credit Card,7,Low,0,Senior,0,1,-0.1920754584030867,-2.069734582623089,Occasional Low-Engagement Buyers,-1,Anomaly
50,Female,Hat,Accessories,92,Tennessee,M,Orange,Fall,3.6,No,Debit Card,Standard,No,10,PayPal,5,Very_High,1,Adult,0,3,-2.1185652740383265,0.5142557646101722,High-Value Premium Buyers,1,Normal
57,Female,Coat,Outerwear,20,South Dakota,M,White,Spring,4.7,No,Credit Card,Free Shipping,No,12,Debit Card,6,Low,0,Middle_Aged,0,1,-0.10967875283424412,-2.3104262687499615,Occasional Low-Engagement Buyers,1,Normal
42,Female,Jacket,Outerwear,52,Delaware,L,Red,Winter,3.2,No,Credit Card,Standard,No,36,Bank Transfer,4,Medium,0,Adult,0,1,-0.5332853275273421,-1.5637982060169016,Family-Oriented Value Buyers,1,Normal
55,Female,Hoodie,Clothing,57,Virginia,M,Magenta,Summer,3.6,No,Venmo,Store Pickup,No,34,Venmo,4,Medium,0,Middle_Aged,0,1,-0.6394106955358881,-1.42772765286354,Family-Oriented Value Buyers,1,Normal
25,Female,Boots,Footwear,96,Utah,M,Violet,Fall,3.6,No,Venmo,2-Day Shipping,No,49,Debit Card,3,Very_High,1,Youth,0,3,-2.1596339621531024,0.7674022756914035,High-Value Premium Buyers,1,Normal
22,Female,T-shirt,Clothing,68,California,XL,Olive,Winter,3.2,No,Bank Transfer,Standard,No,36,Cash,2,High,1,Youth,0,3,-1.6556478082124055,0.002647803996088896,Premium Loyal Customers,1,Normal
49,Female,Sweater,Clothing,30,Idaho,L,Silver,Summer,2.8,No,Bank Transfer,Store Pickup,No,18,Bank Transfer,1,Low,0,Adult,0,1,-0.13677248268091224,-2.183554014368183,Occasional Low-Engagement Buyers,1,Normal
70,Female,Shoes,Footwear,37,Texas,L,Gray,Fall,4.0,No,PayPal,Next Day Air,No,39,Debit Card,1,Low,0,Senior,0,1,-0.2909133242912307,-1.8727055562872668,Occasional Low-Engagement Buyers,1,Normal
56,Female,Scarf,Accessories,42,Tennessee,XL,Olive,Winter,4.4,No,Bank Transfer,Free Shipping,No,34,PayPal,2,Medium,0,Middle_Aged,0,1,-0.4411304188254008,-1.7386393214117064,Family-Oriented Value Buyers,1,Normal
52,Female,Dress,Clothing,54,Tennessee,L,Beige,Spring,3.4,No,Credit Card,Next Day Air,No,35,Debit Card,2,Medium,0,Middle_Aged,0,1,-0.5655764247347238,-1.4968775512954853,Family-Oriented Value Buyers,1,Normal
65,Female,Jacket,Outerwear,81,Washington,S,Turquoise,Spring,5.0,No,Debit Card,Store Pickup,No,1,Credit Card,5,High,1,Middle_Aged,0,3,-1.9864943720749826,0.29721921231429993,High-Value Premium Buyers,1,Normal
24,Female,Shoes,Footwear,40,Alabama,S,Blue,Spring,3.1,No,Bank Transfer,Express,No,48,Debit Card,4,Medium,0,Youth,0,1,-0.3183954946606864,-1.786090472072238,Young Trend-Oriented Shoppers,1,Normal
32,Female,Backpack,Accessories,88,Nebraska,M,Pink,Fall,4.2,No,Cash,Standard,No,19,Cash,2,Very_High,1,Young_Adult,0,5,-2.0877768519849402,0.4966746132562295,High-Value Premium Buyers,1,Normal
57,Female,Dress,Clothing,94,Alabama,M,Teal,Summer,3.3,No,Debit Card,Store Pickup,No,44,Debit Card,2,Very_High,1,Middle_Aged,0,7,-2.032602996105837,0.6354823358982218,High-Value Premium Buyers,1,Normal
35,Female,Shirt,Clothing,54,Illinois,S,Cyan,Winter,2.9,No,Debit Card,Standard,No,9,Credit Card,5,Medium,0,Young_Adult,0,1,-0.6349234318970504,-1.58334545230287,Family-Oriented Value Buyers,1,Normal
69,Female,Jacket,Outerwear,51,Wisconsin,L,Purple,Summer,4.7,No,Debit Card,Standard,No,3,Bank Transfer,1,Medium,0,Senior,0,1,-0.6095601336053864,-1.633009936033072,Family-Oriented Value Buyers,1,Normal
30,Female,Sunglasses,Accessories,22,Nebraska,L,Red,Spring,4.0,No,Credit Card,Standard,No,50,Venmo,6,Low,0,Young_Adult,0,1,-0.04057933624461314,-2.1920096121304145,Occasional Low-Engagement Buyers,1,Normal
37,Female,Jacket,Outerwear,95,North Dakota,L,Brown,Fall,4.6,No,Credit Card,Standard,No,7,Debit Card,4,Very_High,1,Adult,0,5,-2.2424581150749257,0.6549558713096159,High-Value Premium Buyers,1,Normal
19,Female,Coat,Outerwear,57,Mississippi,M,Magenta,Fall,3.8,No,PayPal,2-Day Shipping,No,20,Debit Card,3,Medium,0,Youth,0,1,-0.7404139379978673,-1.4304927866887451,Young Trend-Oriented Shoppers,1,Normal
53,Female,Sweater,Clothing,45,Iowa,S,Olive,Winter,3.6,No,Debit Card,Store Pickup,No,16,Credit Card,5,Medium,0,Middle_Aged,0,1,-0.4771293868066696,-1.7493452702326486,Family-Oriented Value Buyers,1,Normal
25,Female,Sneakers,Footwear,92,Mississippi,XL,Pink,Winter,4.1,No,Debit Card,Express,No,29,PayPal,1,Very_High,1,Youth,0,5,-2.128993169998771,0.6204807947468849,High-Value Premium Buyers,1,Normal
47,Female,Shoes,Footwear,40,Colorado,L,Black,Spring,2.7,No,Debit Card,Store Pickup,No,21,Debit Card,2,Medium,0,Adult,0,1,-0.29570845809165974,-1.929571581698516,Family-Oriented Value Buyers,1,Normal
18,Female,Sunglasses,Accessories,62,Nebraska,XL,Beige,Winter,4.3,No,Debit Card,Free Shipping,No,19,Credit Card,7,High,1,Youth,0,5,-1.6625549841747296,-0.11096965420922233,Premium Loyal Customers,1,Normal
22,Female,Shorts,Clothing,90,Virginia,M,Peach,Winter,4.9,No,Credit Card,Next Day Air,No,10,Venmo,5,Very_High,1,Youth,0,5,-2.2072884312978425,0.575104380518373,High-Value Premium Buyers,1,Normal
69,Female,Hoodie,Clothing,82,Louisiana,S,Peach,Fall,4.2,No,Venmo,Free Shipping,No,4,Bank Transfer,6,Very_High,1,Senior,0,3,-1.9887474239906224,0.29794093234041813,High-Value Premium Buyers,1,Normal
55,Female,Scarf,Accessories,52,Maryland,M,Peach,Spring,2.8,No,Debit Card,Store Pickup,No,45,Bank Transfer,4,Medium,0,Middle_Aged,0,1,-0.4748143711091396,-1.5738800876463312,Family-Oriented Value Buyers,1,Normal
19,Female,Sandals,Footwear,70,Minnesota,S,Teal,Spring,4.9,No,Cash,Free Shipping,No,17,PayPal,1,High,1,Youth,0,5,-1.82582004256734,0.11407932673496418,Premium Loyal Customers,1,Normal
23,Female,Hat,Accessories,83,Maine,M,Green,Spring,2.8,No,PayPal,2-Day Shipping,No,22,PayPal,1,Very_High,1,Youth,0,5,-1.9111147906717258,0.29845646472131243,High-Value Premium Buyers,1,Normal
54,Female,Shoes,Footwear,49,Texas,XL,Brown,Summer,2.9,No,Bank Transfer,Store Pickup,No,3,PayPal,7,Medium,0,Middle_Aged,0,1,-0.5137893233408475,-1.7525967276315524,Family-Oriented Value Buyers,1,Normal
52,Female,Sneakers,Footwear,91,Missouri,M,Brown,Spring,2.5,No,Bank Transfer,Next Day Air,No,11,Debit Card,1,Very_High,1,Middle_Aged,0,3,-1.9877586491688823,0.4300249714249924,High-Value Premium Buyers,-1,Anomaly
64,Female,Backpack,Accessories,99,Mississippi,S,Violet,Summer,2.7,No,Bank Transfer,Free Shipping,No,4,Debit Card,3,Very_High,1,Middle_Aged,0,3,-2.1518690312845075,0.6266861839139323,High-Value Premium Buyers,1,Normal
33,Female,Belt,Accessories,92,Michigan,L,Blue,Winter,3.3,No,Debit Card,Free Shipping,No,11,PayPal,5,Very_High,1,Young_Adult,0,5,-2.109939998929441,0.5066144266815242,High-Value Premium Buyers,1,Normal
40,Female,Shirt,Clothing,87,Colorado,L,Charcoal,Winter,3.7,No,Debit Card,2-Day Shipping,No,47,Credit Card,1,Very_High,1,Adult,0,7,-1.9697076870508863,0.5080734613439077,High-Value Premium Buyers,1,Normal
26,Female,Skirt,Clothing,28,Florida,M,Pink,Winter,4.0,No,Credit Card,Express,No,17,Debit Card,2,Low,0,Young_Adult,0,1,-0.2544619187187358,-2.1154659216327705,Occasional Low-Engagement Buyers,1,Normal
31,Female,Gloves,Accessories,71,Montana,S,Violet,Summer,4.1,No,Debit Card,Free Shipping,No,32,Credit Card,6,High,1,Young_Adult,0,3,-1.7495226736104006,0.1166133230887336,Premium Loyal Customers,1,Normal
23,Female,Gloves,Accessories,32,Wisconsin,M,Teal,Winter,4.1,No,Bank Transfer,Store Pickup,No,37,Bank Transfer,3,Low,0,Youth,0,1,-0.2803063786016115,-1.9618642873075525,Occasional Low-Engagement Buyers,1,Normal
52,Female,Handbag,Accessories,33,Wisconsin,M,Red,Summer,2.5,No,PayPal,2-Day Shipping,No,44,Bank Transfer,4,Low,0,Middle_Aged,0,1,-0.14029603245336603,-2.057292568941355,Occasional Low-Engagement Buyers,1,Normal
21,Female,Socks,Clothing,75,Delaware,L,Orange,Winter,4.2,No,Credit Card,Store Pickup,No,27,Debit Card,7,High,1,Youth,0,5,-1.8569477655449789,0.22648568861312787,Premium Loyal Customers,1,Normal
31,Female,Backpack,Accessories,83,North Carolina,M,Magenta,Summer,4.7,No,Cash,Express,No,46,PayPal,3,Very_High,1,Young_Adult,0,3,-1.9656517869849688,0.4776029795743054,High-Value Premium Buyers,1,Normal
63,Female,Jeans,Clothing,93,New York,XL,Yellow,Summer,2.7,No,Venmo,2-Day Shipping,No,13,Cash,5,Very_High,1,Middle_Aged,0,7,-2.0593425695689445,0.4939684036242831,High-Value Premium Buyers,1,Normal
46,Female,Skirt,Clothing,29,California,M,Yellow,Spring,3.0,No,Bank Transfer,Express,No,2,PayPal,5,Low,0,Adult,0,1,-0.20566403596669636,-2.230755024936265,Occasional Low-Engagement Buyers,1,Normal
44,Female,Hoodie,Clothing,25,Montana,M,Pink,Spring,4.8,No,PayPal,Store Pickup,No,45,Credit Card,3,Low,0,Adult,0,1,-0.17289106575173624,-2.1014283050833713,Occasional Low-Engagement Buyers,1,Normal
57,Female,Jewelry,Accessories,76,North Carolina,S,Indigo,Spring,4.4,No,Venmo,Free Shipping,No,35,Cash,7,High,1,Middle_Aged,0,7,-1.8188326447327208,0.26537721973172035,Premium Loyal Customers,1,Normal
50,Female,Sneakers,Footwear,81,Ohio,M,Charcoal,Summer,4.3,No,Bank Transfer,2-Day Shipping,No,39,Venmo,7,High,1,Adult,0,7,-1.8908120944525404,0.37078475529004407,High-Value Premium Buyers,1,Normal
33,Female,Shirt,Clothing,80,Alaska,XL,Blue,Winter,2.5,No,Venmo,Store Pickup,No,39,Credit Card,7,High,1,Young_Adult,0,3,-1.8148363460949823,0.27499411606996915,High-Value Premium Buyers,1,Normal
19,Female,Sunglasses,Accessories,70,Pennsylvania,M,Lavender,Summer,4.9,No,Credit Card,Free Shipping,No,34,Bank Transfer,1,High,1,Youth,0,5,-1.8059786550254964,0.1566406009659823,Premium Loyal Customers,1,Normal
68,Female,Dress,Clothing,81,Maine,L,Yellow,Fall,4.9,No,PayPal,2-Day Shipping,No,41,Venmo,6,High,1,Senior,0,7,-1.930995704783737,0.39624319106273054,High-Value Premium Buyers,1,Normal
27,Female,Shoes,Footwear,86,Texas,M,Black,Spring,3.9,No,PayPal,Free Shipping,No,47,Debit Card,3,Very_High,1,Young_Adult,0,3,-1.9884266604225422,0.5088710582882283,High-Value Premium Buyers,1,Normal
61,Female,Belt,Accessories,94,New Jersey,S,Beige,Fall,4.1,No,Debit Card,2-Day Shipping,No,17,Venmo,4,Very_High,1,Middle_Aged,0,3,-2.1480037328915857,0.6212910179774291,High-Value Premium Buyers,1,Normal
38,Female,Shirt,Clothing,66,Wyoming,M,Silver,Winter,3.3,No,Cash,Store Pickup,No,40,Credit Card,6,High,1,Adult,0,3,-1.6053076920151252,-0.03198779598538956,Premium Loyal Customers,1,Normal
28,Female,Boots,Footwear,98,Michigan,M,Magenta,Summer,4.1,No,Bank Transfer,Standard,No,44,PayPal,5,Very_High,1,Young_Adult,0,3,-2.202646214360806,0.7887831255591764,High-Value Premium Buyers,1,Normal
39,Female,Hoodie,Clothing,25,Ohio,M,Orange,Fall,3.7,No,Bank Transfer,Standard,No,21,PayPal,7,Low,0,Adult,0,1,-0.1591492915059286,-2.225296307398656,Occasional Low-Engagement Buyers,1,Normal
18,Female,Jeans,Clothing,62,West Virginia,M,Teal,Winter,3.1,No,Debit Card,Free Shipping,No,21,Credit Card,7,High,1,Youth,0,5,-1.5937350041192888,-0.1795204362209348,Premium Loyal Customers,-1,Anomaly
24,Female,Jacket,Outerwear,98,Virginia,L,Turquoise,Spring,3.0,No,Cash,Free Shipping,No,16,Venmo,3,Very_High,1,Youth,0,5,-2.1677321042670847,0.6448946244556502,High-Value Premium Buyers,1,Normal
64,Female,Jacket,Outerwear,53,Vermont,M,Cyan,Spring,3.4,No,Venmo,Standard,No,15,Bank Transfer,3,Medium,0,Middle_Aged,0,1,-0.5791961818153023,-1.607419424368101,Family-Oriented Value Buyers,1,Normal
51,Female,Sandals,Footwear,66,Alaska,L,Pink,Spring,2.7,No,Cash,2-Day Shipping,No,26,PayPal,7,High,1,Middle_Aged,0,7,-1.5643205600137593,-0.12808989051333813,Premium Loyal Customers,1,Normal
27,Female,Dress,Clothing,52,Minnesota,S,Indigo,Fall,3.1,No,Venmo,Free Shipping,No,50,Venmo,6,Medium,0,Young_Adult,0,1,-0.5486631173204968,-1.4922705321661343,Young Trend-Oriented Shoppers,1,Normal
48,Female,Sweater,Clothing,64,Colorado,S,Peach,Winter,4.0,No,Cash,Free Shipping,No,30,Venmo,5,High,1,Adult,0,3,-1.6236867075181436,-0.059518353990263645,Premium Loyal Customers,1,Normal
69,Female,Gloves,Accessories,59,Rhode Island,M,Beige,Spring,3.6,No,Bank Transfer,Next Day Air,No,48,PayPal,4,Medium,0,Senior,0,7,-0.6213333100075599,-1.3524046075212732,Family-Oriented Value Buyers,1,Normal
59,Female,Sunglasses,Accessories,61,New Jersey,L,Gold,Summer,3.6,No,PayPal,Free Shipping,No,21,Venmo,5,High,1,Middle_Aged,0,3,-1.5262901828311903,-0.2202220855056672,Premium Loyal Customers,1,Normal
59,Female,Belt,Accessories,97,Nevada,M,Indigo,Winter,3.3,No,Venmo,Store Pickup,No,18,Credit Card,3,Very_High,1,Middle_Aged,0,3,-2.1532081893367025,0.6532198522511381,High-Value Premium Buyers,1,Normal
42,Female,Hat,Accessories,23,Minnesota,L,Violet,Winter,4.1,No,Bank Transfer,Free Shipping,No,41,PayPal,6,Low,0,Adult,0,1,-0.08680976221156113,-2.1904599103259486,Occasional Low-Engagement Buyers,1,Normal
39,Female,Hat,Accessories,98,Delaware,XL,Brown,Fall,4.3,No,Cash,Next Day Air,No,11,Venmo,6,Very_High,1,Adult,0,5,-2.257728993504048,0.7257977687426375,High-Value Premium Buyers,1,Normal
32,Female,Blouse,Clothing,98,Illinois,M,Purple,Summer,3.2,No,Debit Card,Standard,No,8,Bank Transfer,5,Very_High,1,Young_Adult,0,5,-2.2169779365123,0.625650399402211,High-Value Premium Buyers,1,Normal
68,Female,Shoes,Footwear,59,Washington,M,Turquoise,Summer,3.9,No,Credit Card,Free Shipping,No,42,Cash,7,Medium,0,Senior,0,1,-0.6722222227710783,-1.344326259049189,Family-Oriented Value Buyers,1,Normal
41,Female,Skirt,Clothing,82,Alaska,S,Violet,Fall,5.0,No,Bank Transfer,Next Day Air,No,41,Credit Card,5,Very_High,1,Adult,0,3,-2.0020437602036463,0.4738339961127266,High-Value Premium Buyers,1,Normal
31,Female,Sneakers,Footwear,82,Michigan,M,Purple,Fall,3.4,No,Venmo,Next Day Air,No,3,Credit Card,7,Very_High,1,Young_Adult,0,5,-1.969050737606848,0.27373777127617216,High-Value Premium Buyers,1,Normal
58,Female,T-shirt,Clothing,41,Georgia,M,Charcoal,Fall,3.8,No,Bank Transfer,Store Pickup,No,10,Debit Card,7,Medium,0,Middle_Aged,0,1,-0.4403098176511585,-1.8499014914600034,Family-Oriented Value Buyers,1,Normal
28,Female,Handbag,Accessories,52,West Virginia,M,Green,Fall,2.9,No,Venmo,2-Day Shipping,No,35,Venmo,4,Medium,0,Young_Adult,0,1,-0.5683202338540994,-1.5473497312184241,Young Trend-Oriented Shoppers,1,Normal
63,Female,Sweater,Clothing,41,Arizona,XL,White,Spring,2.6,No,Credit Card,Next Day Air,No,2,Debit Card,2,Medium,0,Middle_Aged,0,1,-0.3462916344264651,-1.9512009902996177,Family-Oriented Value Buyers,1,Normal
64,Female,Gloves,Accessories,70,Colorado,M,Purple,Summer,4.3,No,Cash,2-Day Shipping,No,24,Credit Card,4,High,1,Middle_Aged,0,7,-1.7227177980141262,0.05918262637971174,Premium Loyal Customers,1,Normal
66,Female,Dress,Clothing,91,Tennessee,M,Cyan,Winter,2.8,No,Venmo,Standard,No,47,Credit Card,6,Very_High,1,Senior,0,7,-1.9665609432901705,0.5460545495768889,High-Value Premium Buyers,1,Normal
31,Female,Dress,Clothing,95,Iowa,M,Green,Spring,4.5,No,Credit Card,Free Shipping,No,31,Cash,6,Very_High,1,Young_Adult,0,5,-2.2233986765557123,0.7248528533352375,High-Value Premium Buyers,1,Normal
55,Female,Blouse,Clothing,25,Kansas,M,Beige,Spring,3.8,No,Venmo,2-Day Shipping,No,28,PayPal,5,Low,0,Middle_Aged,0,1,-0.14505701719680403,-2.209815878720627,Occasional Low-Engagement Buyers,1,Normal
32,Female,Shirt,Clothing,89,Oklahoma,L,Lavender,Fall,3.0,No,PayPal,Standard,No,13,Cash,2,Very_High,1,Young_Adult,0,5,-2.0384508416666263,0.4185215389738126,High-Value Premium Buyers,1,Normal
50,Female,Boots,Footwear,44,Nebraska,S,Blue,Fall,3.3,No,PayPal,Express,No,22,Bank Transfer,4,Medium,0,Adult,0,1,-0.4439648128635455,-1.7694723816641538,Family-Oriented Value Buyers,1,Normal
58,Female,Jacket,Outerwear,52,Maryland,S,Beige,Summer,3.1,No,Cash,2-Day Shipping,No,12,Bank Transfer,1,Medium,0,Middle_Aged,0,1,-0.5411832395536785,-1.6411932465933496,Family-Oriented Value Buyers,1,Normal
18,Female,Backpack,Accessories,94,Pennsylvania,L,Blue,Spring,3.5,No,Credit Card,Store Pickup,No,10,Bank Transfer,7,Very_High,1,Youth,0,5,-2.160520058291344,0.5894421285591191,High-Value Premium Buyers,1,Normal
39,Female,Pants,Clothing,98,Arizona,S,Maroon,Spring,4.6,No,Credit Card,Express,No,45,Bank Transfer,4,Very_High,1,Adult,0,3,-2.2320907148995084,0.8517120672926624,High-Value Premium Buyers,1,Normal
56,Female,Boots,Footwear,40,Oklahoma,L,Yellow,Fall,4.1,No,Bank Transfer,Standard,No,42,Credit Card,4,Medium,0,Middle_Aged,0,1,-0.36800624301422036,-1.7830007674615707,Family-Oriented Value Buyers,1,Normal
37,Female,Socks,Clothing,25,Montana,L,Red,Fall,3.6,No,Venmo,Free Shipping,No,16,Debit Card,2,Low,0,Adult,0,1,-0.16728158290470263,-2.227795064313744,Occasional Low-Engagement Buyers,1,Normal
46,Female,Scarf,Accessories,62,Wyoming,L,Green,Fall,2.9,No,Debit Card,Free Shipping,No,6,Bank Transfer,3,High,1,Adult,0,3,-1.568297633335357,-0.25714872494965474,Premium Loyal Customers,1,Normal
52,Female,Blouse,Clothing,24,Idaho,M,Magenta,Fall,4.8,No,Debit Card,Standard,No,28,Credit Card,7,Low,0,Middle_Aged,0,1,-0.19213578909790863,-2.179633423551012,Occasional Low-Engagement Buyers,1,Normal
70,Female,Belt,Accessories,57,Pennsylvania,L,Yellow,Spring,3.2,No,Cash,Standard,No,24,Credit Card,5,Medium,0,Senior,0,1,-0.6054019224766366,-1.4842464212494064,Family-Oriented Value Buyers,1,Normal
61,Female,Sunglasses,Accessories,66,Montana,L,Blue,Winter,4.3,No,Bank Transfer,Express,No,14,Credit Card,1,High,1,Middle_Aged,0,3,-1.6706769060757471,-0.06300101403873773,Premium Loyal Customers,1,Normal
33,Female,Boots,Footwear,70,Ohio,M,Charcoal,Winter,4.1,No,Bank Transfer,Next Day Air,No,29,PayPal,1,High,1,Young_Adult,0,3,-1.734975194880025,0.0838828787002503,Premium Loyal Customers,1,Normal
65,Female,Sandals,Footwear,39,Mississippi,M,Blue,Spring,4.6,No,Venmo,Standard,No,33,PayPal,2,Low,0,Middle_Aged,0,1,-0.37924544381298353,-1.824308171216878,Occasional Low-Engagement Buyers,1,Normal
41,Female,Gloves,Accessories,34,Idaho,S,Cyan,Spring,3.8,No,PayPal,Free Shipping,No,30,PayPal,3,Low,0,Adult,0,1,-0.28632347489589277,-1.9650215986290485,Occasional Low-Engagement Buyers,1,Normal
19,Female,Skirt,Clothing,38,Virginia,M,Silver,Spring,4.5,No,Credit Card,Next Day Air,No,26,Credit Card,4,Low,0,Youth,0,1,-0.441553426238777,-1.8307009495019593,Occasional Low-Engagement Buyers,1,Normal
33,Female,Skirt,Clothing,70,Idaho,M,Black,Winter,3.1,No,Bank Transfer,Express,No,12,PayPal,7,High,1,Young_Adult,0,5,-1.7279704606294322,-0.02896137297596703,Premium Loyal Customers,1,Normal
53,Female,Blouse,Clothing,80,Louisiana,S,Green,Summer,2.9,No,Credit Card,Next Day Air,No,13,Bank Transfer,6,High,1,Middle_Aged,0,3,-1.8484948062614461,0.19970131984020267,High-Value Premium Buyers,1,Normal
54,Female,Handbag,Accessories,51,Colorado,M,Violet,Spring,3.8,No,PayPal,Next Day Air,No,41,Debit Card,7,Medium,0,Middle_Aged,0,1,-0.5232966836591109,-1.5387337412283923,Family-Oriented Value Buyers,1,Normal
36,Female,Boots,Footwear,79,West Virginia,XL,Pink,Spring,4.1,No,Cash,Next Day Air,No,4,Venmo,1,High,1,Adult,0,5,-1.9193425110999853,0.23596815287287964,Premium Loyal Customers,1,Normal
56,Female,Boots,Footwear,92,Rhode Island,M,Olive,Summer,3.1,No,Cash,Free Shipping,No,2,Credit Card,3,Very_High,1,Middle_Aged,0,3,-2.08490213634316,0.4611639461717399,High-Value Premium Buyers,1,Normal
28,Female,Sweater,Clothing,85,North Carolina,L,Orange,Fall,5.0,No,Cash,Express,No,28,Credit Card,5,Very_High,1,Young_Adult,0,5,-2.0838671075190747,0.5138597127994962,High-Value Premium Buyers,1,Normal
34,Female,Socks,Clothing,63,Maine,M,Black,Spring,4.5,No,Cash,Free Shipping,No,24,Debit Card,3,High,1,Young_Adult,0,5,-1.669675040615351,-0.07993725525185522,Premium Loyal Customers,1,Normal
43,Female,Gloves,Accessories,60,Iowa,M,Yellow,Fall,2.8,No,Credit Card,Express,No,14,Venmo,1,Medium,0,Adult,0,1,-0.7041392655424598,-1.4315121419214905,Premium Loyal Customers,1,Normal
54,Female,Shorts,Clothing,44,Kentucky,L,Violet,Winter,3.2,No,Debit Card,Express,No,11,Credit Card,2,Medium,0,Middle_Aged,0,1,-0.435296842214018,-1.8322468680004316,Family-Oriented Value Buyers,1,Normal
37,Female,Boots,Footwear,57,Massachusetts,M,Silver,Spring,3.1,No,Bank Transfer,Standard,No,27,Debit Card,5,Medium,0,Adult,0,1,-0.6384986298017413,-1.4584873091135553,Family-Oriented Value Buyers,1,Normal
33,Female,Jacket,Outerwear,24,New York,M,Gold,Fall,3.3,No,PayPal,Standard,No,7,Cash,1,Low,0,Young_Adult,0,1,-0.13778126005497465,-2.3201600673288345,Occasional Low-Engagement Buyers,1,Normal
33,Female,Scarf,Accessories,35,Nebraska,M,Magenta,Winter,3.4,No,Bank Transfer,Store Pickup,No,49,PayPal,3,Low,0,Young_Adult,0,1,-0.253911383225208,-1.9144017299251814,Occasional Low-Engagement Buyers,1,Normal
55,Female,Jacket,Outerwear,73,Oklahoma,M,Red,Winter,3.8,No,Cash,Store Pickup,No,21,Cash,3,High,1,Middle_Aged,0,3,-1.7579917907916223,0.096215519187446,Premium Loyal Customers,1,Normal
63,Female,Jewelry,Accessories,42,Oklahoma,M,Green,Winter,3.5,No,PayPal,Express,No,10,Venmo,7,Medium,0,Middle_Aged,0,1,-0.41271138325028606,-1.8547055289579677,Family-Oriented Value Buyers,1,Normal
52,Female,Hoodie,Clothing,20,Rhode Island,XL,Red,Winter,4.8,No,Credit Card,Store Pickup,No,37,PayPal,2,Low,0,Middle_Aged,0,1,-0.08999734655180062,-2.230225543416619,Occasional Low-Engagement Buyers,1,Normal
23,Female,T-shirt,Clothing,89,Maine,L,Pink,Spring,3.9,No,Credit Card,Free Shipping,No,9,Bank Transfer,7,Very_High,1,Youth,0,5,-2.1258815975109138,0.47913554771927486,High-Value Premium Buyers,1,Normal
70,Female,Shirt,Clothing,76,Arkansas,L,Violet,Fall,3.4,No,PayPal,Free Shipping,No,14,Cash,5,High,1,Senior,0,7,-1.8157278171328064,0.11751688956353555,Premium Loyal Customers,1,Normal
64,Female,Shirt,Clothing,56,New Mexico,M,Indigo,Winter,2.6,No,Cash,Express,No,30,PayPal,3,Medium,0,Middle_Aged,0,1,-0.5739923748761805,-1.5208684588179773,Family-Oriented Value Buyers,1,Normal
22,Female,Coat,Outerwear,100,Hawaii,L,Red,Fall,3.1,No,Bank Transfer,Store Pickup,No,42,Credit Card,1,Very_High,1,Youth,0,3,-2.169825613138694,0.7852450581225493,High-Value Premium Buyers,-1,Anomaly
46,Female,T-shirt,Clothing,44,Idaho,M,Violet,Winter,3.3,No,Credit Card,Free Shipping,No,31,Bank Transfer,6,Medium,0,Adult,0,1,-0.45384280809923305,-1.7506921034827825,Family-Oriented Value Buyers,1,Normal
65,Female,Hoodie,Clothing,76,South Carolina,M,Cyan,Spring,2.8,No,Credit Card,Standard,No,48,Bank Transfer,7,High,1,Middle_Aged,0,7,-1.6904522989070125,0.1757203575787013,Premium Loyal Customers,1,Normal
18,Female,Sunglasses,Accessories,97,Nevada,S,Black,Fall,4.3,No,Cash,Standard,No,48,Cash,4,Very_High,1,Youth,0,3,-2.210958402317911,0.8335079893697701,High-Value Premium Buyers,1,Normal
45,Female,Blouse,Clothing,39,South Carolina,L,Purple,Spring,2.7,No,PayPal,Standard,No,50,Credit Card,3,Low,0,Adult,0,1,-0.25443726477848483,-1.8815235052113017,Occasional Low-Engagement Buyers,1,Normal
56,Female,Hoodie,Clothing,100,Maryland,M,Charcoal,Spring,4.4,No,Debit Card,2-Day Shipping,No,10,Debit Card,1,Very_High,1,Middle_Aged,0,3,-2.279570960702301,0.749760340114559,High-Value Premium Buyers,1,Normal
49,Female,Skirt,Clothing,62,Tennessee,M,Beige,Spring,3.9,No,Credit Card,Free Shipping,No,45,PayPal,7,High,1,Adult,0,7,-1.5634818927879475,-0.09332716132767555,Premium Loyal Customers,1,Normal
66,Female,Shorts,Clothing,98,Arkansas,XL,Teal,Summer,3.0,No,Debit Card,Standard,No,27,Debit Card,4,Very_High,1,Senior,0,7,-2.1047113199362673,0.6631872698040903,High-Value Premium Buyers,1,Normal
27,Female,Jeans,Clothing,31,Arizona,M,Purple,Summer,4.0,No,Credit Card,Standard,No,10,Debit Card,1,Low,0,Young_Adult,0,1,-0.2961103275055527,-2.069876160464438,Occasional Low-Engagement Buyers,1,Normal
69,Female,Jacket,Outerwear,89,Ohio,M,Blue,Fall,3.7,No,PayPal,Store Pickup,No,19,Credit Card,4,Very_High,1,Senior,0,7,-2.031788157174332,0.45170153869585883,High-Value Premium Buyers,1,Normal
66,Female,Hoodie,Clothing,91,North Dakota,XL,Magenta,Fall,3.8,No,Debit Card,Store Pickup,No,1,Credit Card,7,Very_High,1,Senior,0,3,-2.1149776655984627,0.47024159061847265,High-Value Premium Buyers,1,Normal
45,Female,Shirt,Clothing,50,Vermont,S,Maroon,Summer,3.3,No,Debit Card,2-Day Shipping,No,39,Debit Card,4,Medium,0,Adult,0,1,-0.5039468299476013,-1.5846703070208203,Family-Oriented Value Buyers,1,Normal
31,Female,T-shirt,Clothing,32,Minnesota,L,Gold,Winter,3.6,No,Venmo,Standard,No,14,Bank Transfer,6,Low,0,Young_Adult,0,1,-0.2851490429448306,-2.067648446121371,Occasional Low-Engagement Buyers,1,Normal
33,Female,Blouse,Clothing,67,Idaho,L,Black,Fall,3.9,No,Cash,Free Shipping,No,40,Venmo,7,High,1,Young_Adult,0,3,-1.6754596076968262,0.028823696497865262,Premium Loyal Customers,1,Normal
43,Female,Skirt,Clothing,28,Maryland,M,Black,Spring,3.5,No,Bank Transfer,Free Shipping,No,45,Venmo,2,Low,0,Adult,0,1,-0.13190025645910985,-2.11090023610051,Occasional Low-Engagement Buyers,1,Normal
25,Female,Backpack,Accessories,65,South Carolina,XL,Yellow,Winter,3.4,No,Credit Card,Standard,No,6,Venmo,2,High,1,Youth,0,5,-1.6542478563942433,-0.13182410755055984,Premium Loyal Customers,1,Normal
46,Female,Shorts,Clothing,73,California,M,Turquoise,Fall,4.7,No,Venmo,Next Day Air,No,12,Debit Card,3,High,1,Adult,0,5,-1.861955728587628,0.14761521058537824,Premium Loyal Customers,1,Normal
67,Female,Shirt,Clothing,27,Georgia,L,Lavender,Spring,3.0,No,Credit Card,Free Shipping,No,19,Cash,6,Low,0,Senior,0,1,-0.1101410034853013,-2.24120587567211,Occasional Low-Engagement Buyers,1,Normal
26,Female,Backpack,Accessories,89,Vermont,L,Yellow,Summer,3.9,No,Venmo,Free Shipping,No,5,Cash,5,Very_High,1,Young_Adult,0,5,-2.1065672656524144,0.4674746528240457,High-Value Premium Buyers,1,Normal
35,Female,Shoes,Footwear,72,Georgia,L,Olive,Summer,4.5,No,Credit Card,Standard,No,37,Venmo,6,High,1,Young_Adult,0,3,-1.7587468979855991,0.16212909761495048,Premium Loyal Customers,1,Normal
61,Female,Skirt,Clothing,37,New Jersey,S,Brown,Fall,4.1,No,PayPal,Standard,No,33,PayPal,4,Low,0,Middle_Aged,0,1,-0.34567532142046875,-1.886094072070464,Occasional Low-Engagement Buyers,1,Normal
26,Female,Dress,Clothing,63,Utah,M,Olive,Summer,4.5,No,Venmo,Standard,No,47,Debit Card,5,High,1,Young_Adult,0,3,-1.622052139565585,0.0006228061019425413,Premium Loyal Customers,1,Normal
39,Female,Hat,Accessories,90,Utah,M,Purple,Fall,4.0,No,Debit Card,Free Shipping,No,49,Debit Card,4,Very_High,1,Adult,0,7,-2.048561667950764,0.6261992907082016,High-Value Premium Buyers,1,Normal
69,Female,Handbag,Accessories,62,North Carolina,M,Yellow,Winter,4.3,No,Cash,2-Day Shipping,No,28,Bank Transfer,3,High,1,Senior,0,7,-1.5860906144964877,-0.1225565511480296,Premium Loyal Customers,1,Normal
32,Female,Handbag,Accessories,43,Florida,L,Brown,Fall,3.6,No,Debit Card,Express,No,23,Venmo,3,Medium,0,Young_Adult,0,1,-0.4429703695404785,-1.7876706418465287,Young Trend-Oriented Shoppers,1,Normal
20,Female,Blouse,Clothing,96,Wisconsin,M,Magenta,Fall,3.1,No,Credit Card,Next Day Air,No,11,Bank Transfer,5,Very_High,1,Youth,0,5,-2.2163645454705048,0.6082568309353467,High-Value Premium Buyers,1,Normal
25,Female,Scarf,Accessories,83,Tennessee,L,Lavender,Fall,2.6,No,Credit Card,Standard,No,33,PayPal,4,Very_High,1,Youth,0,3,-1.8818787795806848,0.324635703590538,High-Value Premium Buyers,1,Normal
56,Female,Jewelry,Accessories,67,Arizona,XL,Teal,Fall,3.4,No,PayPal,Next Day Air,No,47,Cash,2,High,1,Middle_Aged,0,7,-1.585951310910718,0.004996798429071012,Premium Loyal Customers,1,Normal
63,Female,Skirt,Clothing,90,Oregon,L,Cyan,Spring,2.9,No,Credit Card,Store Pickup,No,13,Venmo,7,Very_High,1,Middle_Aged,0,3,-1.992760156231877,0.42942823970467625,High-Value Premium Buyers,1,Normal
34,Female,Hoodie,Clothing,53,Virginia,L,Pink,Winter,5.0,No,Cash,Express,No,4,Credit Card,2,Medium,0,Young_Adult,0,1,-0.7510644751179719,-1.5019281806923779,Young Trend-Oriented Shoppers,1,Normal
29,Female,Scarf,Accessories,37,Maryland,M,Magenta,Summer,4.6,No,Cash,Standard,No,40,PayPal,4,Low,0,Young_Adult,0,1,-0.36778108628057526,-1.8255129416251286,Occasional Low-Engagement Buyers,1,Normal
43,Female,Jeans,Clothing,56,Arkansas,M,Teal,Fall,3.3,No,PayPal,Free Shipping,No,19,Cash,6,Medium,0,Adult,0,1,-0.6837324888045614,-1.501278463890773,Family-Oriented Value Buyers,1,Normal
39,Female,Jacket,Outerwear,43,Texas,M,Indigo,Fall,2.9,No,Credit Card,2-Day Shipping,No,17,Credit Card,2,Medium,0,Adult,0,1,-0.4319969261226887,-1.8510518579066741,Family-Oriented Value Buyers,1,Normal
33,Female,T-shirt,Clothing,84,Vermont,S,Pink,Winter,4.9,No,Credit Card,Free Shipping,No,7,Venmo,3,Very_High,1,Young_Adult,0,5,-2.105018827763382,0.4275389491141627,High-Value Premium Buyers,1,Normal
51,Female,Pants,Clothing,50,Wyoming,M,Charcoal,Winter,5.0,No,Venmo,2-Day Shipping,No,21,Cash,5,Medium,0,Middle_Aged,0,1,-0.6714498743200195,-1.5266325070890123,Family-Oriented Value Buyers,1,Normal
65,Female,Shoes,Footwear,88,Alabama,M,Brown,Summer,4.5,No,Venmo,Express,No,44,PayPal,2,Very_High,1,Middle_Aged,0,7,-2.0058796291613636,0.5553669334522695,High-Value Premium Buyers,1,Normal
51,Female,Jacket,Outerwear,50,Maine,M,Blue,Fall,3.7,No,Venmo,Free Shipping,No,2,Bank Transfer,2,Medium,0,Middle_Aged,0,1,-0.6150684743214457,-1.6843871710501623,Family-Oriented Value Buyers,1,Normal
70,Female,Scarf,Accessories,80,South Dakota,L,Teal,Summer,2.8,No,Cash,Store Pickup,No,30,Bank Transfer,6,High,1,Senior,0,7,-1.757374179553991,0.22175284264633194,High-Value Premium Buyers,1,Normal
40,Female,T-shirt,Clothing,47,West Virginia,L,Pink,Spring,3.5,No,Bank Transfer,Store Pickup,No,41,Cash,3,Medium,0,Adult,0,1,-0.46936963116204544,-1.6470659357543487,Family-Oriented Value Buyers,1,Normal
19,Female,Dress,Clothing,33,Ohio,XL,Magenta,Winter,3.0,No,Credit Card,2-Day Shipping,No,31,Cash,2,Low,0,Youth,0,1,-0.2667089711792126,-2.016415699899631,Occasional Low-Engagement Buyers,1,Normal
28,Female,Coat,Outerwear,100,Arizona,L,Green,Fall,4.3,No,Cash,Standard,No,48,Debit Card,4,Very_High,1,Young_Adult,0,3,-2.236922364214508,0.8896060475515153,High-Value Premium Buyers,1,Normal
51,Female,Sweater,Clothing,26,Ohio,M,White,Summer,3.6,No,Cash,Store Pickup,No,41,Venmo,2,Low,0,Middle_Aged,0,1,-0.07906870708506682,-2.154025495599945,Occasional Low-Engagement Buyers,1,Normal
32,Female,Hat,Accessories,79,New Mexico,M,Indigo,Summer,4.4,No,Venmo,Standard,No,42,Venmo,3,High,1,Young_Adult,0,3,-1.8724726131047045,0.35227349193152346,Premium Loyal Customers,1,Normal
26,Female,Backpack,Accessories,77,South Dakota,L,Lavender,Summer,4.1,No,Cash,Express,No,39,Debit Card,7,High,1,Young_Adult,0,3,-1.8227294630875197,0.2971313644218643,Premium Loyal Customers,1,Normal
50,Female,Socks,Clothing,36,Oklahoma,XL,Black,Fall,2.8,No,Cash,Next Day Air,No,15,PayPal,5,Low,0,Adult,0,1,-0.2953992216064737,-2.029004913567536,Occasional Low-Engagement Buyers,1,Normal
68,Female,Jewelry,Accessories,21,Connecticut,L,Charcoal,Winter,2.8,No,Venmo,Free Shipping,No,3,PayPal,7,Low,0,Senior,0,1,-0.011795117365327276,-2.4319647383038463,Occasional Low-Engagement Buyers,-1,Anomaly
33,Female,Boots,Footwear,72,Wisconsin,L,Gray,Fall,4.9,No,Debit Card,Store Pickup,No,28,Bank Transfer,4,High,1,Young_Adult,0,5,-1.8318006704182992,0.17746331766723866,Premium Loyal Customers,1,Normal
56,Female,Coat,Outerwear,25,New Hampshire,M,Gold,Spring,4.1,No,Credit Card,Express,No,27,PayPal,5,Low,0,Middle_Aged,0,1,-0.13609610092105895,-2.1930389290756915,Occasional Low-Engagement Buyers,1,Normal
57,Female,Sweater,Clothing,79,Nebraska,M,Silver,Spring,3.0,No,Credit Card,Store Pickup,No,36,Debit Card,3,High,1,Middle_Aged,0,7,-1.782621156433764,0.2410269796546266,Premium Loyal Customers,1,Normal
58,Female,Blouse,Clothing,73,Nevada,L,Teal,Summer,3.0,No,Bank Transfer,Store Pickup,No,42,Debit Card,6,High,1,Middle_Aged,0,7,-1.6526048192085245,0.10503414484986781,Premium Loyal Customers,1,Normal
40,Female,Belt,Accessories,71,New York,M,Magenta,Spring,3.0,No,Credit Card,Store Pickup,No,30,Venmo,2,High,1,Adult,0,3,-1.6661795926248653,0.03497505058940886,Premium Loyal Customers,1,Normal
37,Female,Hat,Accessories,48,Pennsylvania,M,Magenta,Winter,3.2,No,Cash,Next Day Air,No,9,PayPal,2,Medium,0,Adult,0,1,-0.5246729284924495,-1.718737523404328,Family-Oriented Value Buyers,1,Normal
36,Female,Sandals,Footwear,28,Delaware,M,Beige,Fall,2.7,No,Debit Card,Store Pickup,No,25,Venmo,6,Low,0,Adult,0,1,-0.12444770340865884,-2.2040033630593916,Occasional Low-Engagement Buyers,1,Normal
29,Female,Boots,Footwear,95,Mississippi,S,Maroon,Winter,3.8,No,Debit Card,2-Day Shipping,No,33,PayPal,4,Very_High,1,Young_Adult,0,3,-2.1603942171089336,0.6938604812776575,High-Value Premium Buyers,1,Normal
65,Female,Jacket,Outerwear,48,Iowa,M,Indigo,Winter,3.5,No,Debit Card,2-Day Shipping,No,31,Credit Card,6,Medium,0,Middle_Aged,0,1,-0.47497359578982923,-1.68343926330669,Family-Oriented Value Buyers,1,Normal
44,Female,Dress,Clothing,93,Utah,S,Maroon,Spring,3.8,No,Venmo,Next Day Air,No,35,Debit Card,6,Very_High,1,Adult,0,3,-2.0875260151791912,0.6545475085004308,High-Value Premium Buyers,1,Normal
34,Female,Jeans,Clothing,87,Maryland,L,Teal,Summer,3.8,No,Cash,2-Day Shipping,No,46,Bank Transfer,6,Very_High,1,Young_Adult,0,3,-1.9738543030079605,0.5133549155514132,High-Value Premium Buyers,1,Normal
31,Female,Shorts,Clothing,32,Utah,L,Yellow,Fall,3.4,No,Venmo,Express,No,29,Bank Transfer,3,Low,0,Young_Adult,0,1,-0.25728895500011006,-2.027332959285056,Occasional Low-Engagement Buyers,1,Normal
28,Female,Shirt,Clothing,38,Rhode Island,M,Gold,Spring,2.9,No,PayPal,Next Day Air,No,49,Bank Transfer,2,Low,0,Young_Adult,0,1,-0.27638259704107926,-1.8814262466929415,Occasional Low-Engagement Buyers,1,Normal
66,Female,Coat,Outerwear,54,Maryland,M,Teal,Fall,3.4,No,Debit Card,Free Shipping,No,27,Credit Card,6,Medium,0,Senior,0,1,-0.5884771706640777,-1.5498952031931714,Family-Oriented Value Buyers,1,Normal
68,Female,Coat,Outerwear,75,Hawaii,S,Violet,Summer,4.7,No,Bank Transfer,Store Pickup,No,5,Bank Transfer,7,High,1,Senior,0,3,-1.8404914798897107,0.15089195795316274,Premium Loyal Customers,1,Normal
37,Female,T-shirt,Clothing,56,Connecticut,M,Yellow,Fall,3.9,No,Debit Card,2-Day Shipping,No,18,Venmo,6,Medium,0,Adult,0,1,-0.7213536603304653,-1.47610490999504,Family-Oriented Value Buyers,1,Normal
58,Female,Sweater,Clothing,43,Illinois,S,Maroon,Fall,3.6,No,Debit Card,Store Pickup,No,31,Venmo,2,Medium,0,Middle_Aged,0,1,-0.40326646080910794,-1.767620676379749,Family-Oriented Value Buyers,1,Normal
28,Female,Skirt,Clothing,97,California,M,Silver,Fall,3.7,No,Cash,Free Shipping,No,27,Cash,1,Very_High,1,Young_Adult,0,5,-2.218487208310749,0.7087029961994369,High-Value Premium Buyers,1,Normal
54,Female,Blouse,Clothing,75,Connecticut,S,Violet,Summer,3.1,No,Venmo,Free Shipping,No,19,Cash,3,High,1,Middle_Aged,0,3,-1.774536933816904,0.10574706843149131,Premium Loyal Customers,1,Normal
21,Female,Sneakers,Footwear,55,Colorado,L,White,Summer,4.9,No,Venmo,Next Day Air,No,33,Cash,1,Medium,0,Youth,0,1,-0.7025824811389254,-1.3729904954695724,Young Trend-Oriented Shoppers,-1,Anomaly
45,Female,Backpack,Accessories,49,Colorado,M,Black,Winter,2.6,No,Debit Card,Next Day Air,No,42,PayPal,7,Medium,0,Adult,0,1,-0.42837343158391616,-1.6583419227786513,Family-Oriented Value Buyers,1,Normal
57,Female,Socks,Clothing,58,Georgia,M,White,Summer,4.2,No,Cash,Standard,No,16,Bank Transfer,2,Medium,0,Middle_Aged,0,1,-0.7267374154932725,-1.4291245791383964,Family-Oriented Value Buyers,1,Normal
47,Female,Jewelry,Accessories,34,North Dakota,M,Blue,Winter,4.8,No,Debit Card,Free Shipping,No,49,Debit Card,7,Low,0,Adult,0,1,-0.3056153264895593,-1.8535532253174158,Occasional Low-Engagement Buyers,1,Normal
46,Female,Shorts,Clothing,43,Idaho,S,Black,Summer,2.7,No,Cash,2-Day Shipping,No,40,Venmo,5,Medium,0,Adult,0,1,-0.34571897860606,-1.7846293528059145,Family-Oriented Value Buyers,1,Normal
63,Female,Jewelry,Accessories,48,Connecticut,L,Olive,Fall,2.6,No,Venmo,Next Day Air,No,5,Cash,3,Medium,0,Middle_Aged,0,1,-0.4648245743086976,-1.7877905730090011,Family-Oriented Value Buyers,1,Normal
44,Female,Sweater,Clothing,40,Montana,M,Teal,Spring,2.6,No,PayPal,Free Shipping,No,8,Bank Transfer,6,Medium,0,Adult,0,1,-0.36113268605716337,-1.9747182405869304,Family-Oriented Value Buyers,1,Normal
36,Female,Shirt,Clothing,29,Colorado,L,Silver,Summer,3.1,No,Debit Card,Standard,No,2,Debit Card,3,Low,0,Adult,0,1,-0.18606487909710306,-2.228071750172912,Occasional Low-Engagement Buyers,1,Normal
24,Female,Pants,Clothing,81,Kentucky,M,Pink,Fall,2.6,No,Credit Card,Free Shipping,No,14,Debit Card,2,High,1,Youth,0,5,-1.9084499295397546,0.23215566606054883,High-Value Premium Buyers,1,Normal
65,Female,Hoodie,Clothing,84,New Mexico,M,Charcoal,Spring,3.4,No,Credit Card,2-Day Shipping,No,5,Bank Transfer,1,Very_High,1,Middle_Aged,0,3,-1.9560387501274674,0.2892412540642907,High-Value Premium Buyers,1,Normal
32,Female,Socks,Clothing,46,New Jersey,M,Silver,Summer,3.6,No,PayPal,Standard,No,34,Venmo,6,Medium,0,Young_Adult,0,1,-0.47136279098868394,-1.708592249352843,Young Trend-Oriented Shoppers,1,Normal
63,Female,Dress,Clothing,86,California,L,Turquoise,Summer,4.3,No,Venmo,Next Day Air,No,13,Bank Transfer,3,Very_High,1,Middle_Aged,0,3,-2.0070012482544497,0.4086217805736681,High-Value Premium Buyers,1,Normal
62,Female,Blouse,Clothing,57,North Dakota,XL,Turquoise,Winter,4.9,No,Credit Card,Free Shipping,No,31,Venmo,3,Medium,0,Middle_Aged,0,1,-0.7502471809555948,-1.3505775668067943,Family-Oriented Value Buyers,1,Normal
19,Female,Skirt,Clothing,61,Florida,L,Beige,Winter,4.8,No,Debit Card,Store Pickup,No,43,PayPal,4,High,1,Youth,0,5,-1.6176819466409542,-0.054365863958735466,Premium Loyal Customers,1,Normal
38,Female,Backpack,Accessories,90,Texas,M,Cyan,Winter,4.2,No,Credit Card,Free Shipping,No,6,Bank Transfer,3,Very_High,1,Adult,0,5,-2.1574715454244378,0.5167368540794834,High-Value Premium Buyers,1,Normal
59,Female,Blouse,Clothing,51,Oklahoma,L,Gold,Winter,2.6,No,Credit Card,Store Pickup,No,23,Credit Card,5,Medium,0,Middle_Aged,0,1,-0.5160606302740738,-1.6543682204163752,Family-Oriented Value Buyers,1,Normal
22,Female,Socks,Clothing,48,Rhode Island,XL,Silver,Spring,3.2,No,Debit Card,Standard,No,10,PayPal,2,Medium,0,Youth,0,1,-0.5412224063260994,-1.7400731907248264,Young Trend-Oriented Shoppers,1,Normal
55,Female,Boots,Footwear,50,Arkansas,M,Purple,Summer,3.4,No,Bank Transfer,2-Day Shipping,No,47,Credit Card,7,Medium,0,Middle_Aged,0,1,-0.485814326115782,-1.5715845304190061,Family-Oriented Value Buyers,1,Normal
29,Female,Backpack,Accessories,82,Nevada,M,Yellow,Summer,3.5,No,Bank Transfer,Next Day Air,No,14,Credit Card,5,Very_High,1,Young_Adult,0,5,-1.934346550008444,0.29268217868561414,High-Value Premium Buyers,1,Normal
42,Female,Hat,Accessories,33,Utah,L,Blue,Spring,4.2,No,Credit Card,Free Shipping,No,29,PayPal,2,Low,0,Adult,0,1,-0.2842246275266322,-1.9780462300122748,Occasional Low-Engagement Buyers,1,Normal
23,Female,Sandals,Footwear,28,Kentucky,L,Blue,Winter,2.8,No,Debit Card,Express,No,12,Cash,5,Low,0,Youth,0,1,-0.17010421052385155,-2.2242780793229873,Occasional Low-Engagement Buyers,1,Normal
70,Female,Hoodie,Clothing,42,Wisconsin,L,Green,Spring,5.0,No,Venmo,2-Day Shipping,No,25,Debit Card,4,Medium,0,Senior,0,1,-0.4735338419569586,-1.7244115505084407,Family-Oriented Value Buyers,-1,Anomaly
64,Female,Sunglasses,Accessories,43,Minnesota,M,Charcoal,Fall,3.3,No,Credit Card,Store Pickup,No,21,Venmo,3,Medium,0,Middle_Aged,0,1,-0.40690146772944935,-1.8113647147294034,Family-Oriented Value Buyers,1,Normal
39,Female,Jeans,Clothing,55,North Dakota,M,Violet,Winter,3.7,No,PayPal,Free Shipping,No,23,Credit Card,6,Medium,0,Adult,0,1,-0.6843872744051535,-1.4859443525015548,Family-Oriented Value Buyers,1,Normal
47,Female,T-shirt,Clothing,73,Ohio,XL,Black,Winter,2.5,No,Venmo,Free Shipping,No,10,PayPal,6,High,1,Adult,0,3,-1.7385616315245267,0.003758116345777926,Premium Loyal Customers,1,Normal
22,Female,Dress,Clothing,39,Nevada,M,Teal,Spring,3.2,No,Bank Transfer,Standard,No,47,Credit Card,6,Low,0,Youth,0,1,-0.3262118815723774,-1.8314784810771068,Occasional Low-Engagement Buyers,1,Normal
69,Female,Belt,Accessories,20,Kentucky,S,Orange,Spring,3.1,No,Credit Card,Free Shipping,No,44,Debit Card,7,Low,0,Senior,0,1,0.06789770192507479,-2.3010516048953598,Occasional Low-Engagement Buyers,-1,Anomaly
35,Female,Jewelry,Accessories,32,Kentucky,S,Brown,Spring,3.5,No,Cash,Standard,No,41,Venmo,3,Low,0,Young_Adult,0,1,-0.19241205770418535,-1.995955467649208,Occasional Low-Engagement Buyers,1,Normal
56,Female,Hoodie,Clothing,86,Montana,L,Green,Summer,4.6,No,Debit Card,Standard,No,29,Bank Transfer,6,Very_High,1,Middle_Aged,0,3,-2.0064581131787484,0.45867977805863963,High-Value Premium Buyers,1,Normal
30,Female,Blouse,Clothing,91,Delaware,M,Silver,Summer,3.3,No,Credit Card,Free Shipping,No,2,Venmo,7,Very_High,1,Young_Adult,0,5,-2.1174264549550785,0.457655919443163,High-Value Premium Buyers,1,Normal
43,Female,Jacket,Outerwear,59,Montana,L,Violet,Fall,2.5,No,Credit Card,Free Shipping,No,2,Cash,1,Medium,0,Adult,0,1,-0.695514105717169,-1.5273114989449685,Family-Oriented Value Buyers,-1,Anomaly
23,Female,Sneakers,Footwear,33,New Jersey,XL,Peach,Summer,4.6,No,Credit Card,Express,No,29,Credit Card,3,Low,0,Youth,0,1,-0.34295689041312416,-1.9334425937054103,Occasional Low-Engagement Buyers,1,Normal
50,Female,Boots,Footwear,64,Nebraska,M,Gold,Spring,4.2,No,PayPal,2-Day Shipping,No,22,Bank Transfer,1,High,1,Adult,0,3,-1.6404085072344083,-0.0970330892375772,Premium Loyal Customers,1,Normal
41,Female,Blouse,Clothing,67,Maryland,XL,Violet,Winter,4.0,No,Bank Transfer,Standard,No,23,Cash,5,High,1,Adult,0,3,-1.7070555285642404,-0.020799356043796388,Premium Loyal Customers,1,Normal
41,Female,Blouse,Clothing,43,Alabama,L,Olive,Winter,2.6,No,Credit Card,Free Shipping,No,46,Credit Card,4,Medium,0,Adult,0,1,-0.358790137740854,-1.7767774236849432,Family-Oriented Value Buyers,1,Normal
27,Female,Boots,Footwear,32,North Carolina,S,Orange,Spring,4.6,No,Debit Card,Standard,No,19,PayPal,5,Low,0,Young_Adult,0,1,-0.32992977200913143,-1.987602213638343,Occasional Low-Engagement Buyers,1,Normal
38,Female,Scarf,Accessories,39,Delaware,S,Teal,Spring,3.5,No,Venmo,2-Day Shipping,No,24,Credit Card,7,Low,0,Adult,0,1,-0.3651941888634342,-1.8568589549633672,Occasional Low-Engagement Buyers,1,Normal
41,Female,Sandals,Footwear,41,Iowa,M,Gray,Spring,4.0,No,Bank Transfer,2-Day Shipping,No,43,Venmo,6,Medium,0,Adult,0,1,-0.39139201113868016,-1.7640288094004724,Family-Oriented Value Buyers,1,Normal
58,Female,Sunglasses,Accessories,53,New York,L,Black,Winter,4.8,No,PayPal,Standard,No,14,Debit Card,1,Medium,0,Middle_Aged,0,1,-0.6669473044488793,-1.5035111201449258,Family-Oriented Value Buyers,1,Normal
58,Female,Coat,Outerwear,27,Virginia,M,Indigo,Spring,3.9,No,PayPal,Standard,No,7,Venmo,3,Low,0,Middle_Aged,0,1,-0.16737474193633506,-2.2355322680201706,Occasional Low-Engagement Buyers,1,Normal
19,Female,Sunglasses,Accessories,82,Maryland,XL,Lavender,Summer,3.7,No,Cash,Next Day Air,No,50,PayPal,5,Very_High,1,Youth,0,3,-1.8866775905592428,0.41387386756685024,High-Value Premium Buyers,1,Normal
43,Female,Blouse,Clothing,87,Texas,M,Beige,Winter,3.1,No,Debit Card,Store Pickup,No,15,Debit Card,7,Very_High,1,Adult,0,3,-1.9968523770617919,0.3926412211345874,High-Value Premium Buyers,1,Normal
27,Female,Backpack,Accessories,78,Louisiana,M,Indigo,Winter,3.0,No,Bank Transfer,Next Day Air,No,40,Credit Card,7,High,1,Young_Adult,0,3,-1.7892656290610114,0.24399590727938594,Premium Loyal Customers,1,Normal
32,Female,Belt,Accessories,32,Mississippi,M,Blue,Summer,2.9,No,Bank Transfer,Store Pickup,No,41,Credit Card,6,Low,0,Young_Adult,0,1,-0.1691569966322783,-2.0472044246310466,Occasional Low-Engagement Buyers,1,Normal
28,Female,Socks,Clothing,38,Ohio,XL,Orange,Fall,2.9,No,Debit Card,Next Day Air,No,34,Venmo,4,Low,0,Young_Adult,0,1,-0.3133314115611124,-1.9126333395009567,Occasional Low-Engagement Buyers,1,Normal
48,Female,Shoes,Footwear,37,Oregon,M,Yellow,Winter,4.0,No,Cash,Standard,No,27,Cash,5,Low,0,Adult,0,1,-0.3530712013446963,-1.892794003465185,Occasional Low-Engagement Buyers,1,Normal
43,Female,Coat,Outerwear,83,Wyoming,L,Cyan,Winter,3.5,No,Debit Card,Express,No,12,Cash,7,Very_High,1,Adult,0,3,-1.9271382585600165,0.29981115524261337,High-Value Premium Buyers,1,Normal
45,Female,Sweater,Clothing,72,Pennsylvania,M,Yellow,Fall,3.8,No,PayPal,Express,No,1,Debit Card,5,High,1,Adult,0,5,-1.8217008002111406,0.039571531458267944,Premium Loyal Customers,1,Normal
26,Female,Shirt,Clothing,30,Oregon,M,Cyan,Fall,4.5,No,Credit Card,Express,No,39,Debit Card,5,Low,0,Young_Adult,0,1,-0.2959571231363974,-1.962476984005878,Occasional Low-Engagement Buyers,1,Normal
62,Female,Shorts,Clothing,66,Oklahoma,M,Green,Winter,2.7,No,Credit Card,Express,No,13,Credit Card,5,High,1,Middle_Aged,0,7,-1.613285924887179,-0.14345422673706498,Premium Loyal Customers,1,Normal
58,Female,Shirt,Clothing,45,Colorado,XL,White,Winter,2.9,No,Cash,Store Pickup,No,50,Venmo,3,Medium,0,Middle_Aged,0,1,-0.36135680172478934,-1.6983900485505041,Family-Oriented Value Buyers,1,Normal
19,Female,Sunglasses,Accessories,73,New York,S,Black,Fall,4.9,No,Credit Card,Free Shipping,No,36,Cash,2,High,1,Youth,0,5,-1.87226001403986,0.2529811507701183,Premium Loyal Customers,1,Normal
64,Female,Shoes,Footwear,67,Minnesota,L,Charcoal,Winter,3.8,No,Bank Transfer,Standard,No,31,Debit Card,6,High,1,Middle_Aged,0,7,-1.6100510126912215,-0.021567070828068247,Premium Loyal Customers,1,Normal
33,Female,Sunglasses,Accessories,72,Texas,XL,Brown,Spring,4.9,No,Venmo,Free Shipping,No,3,Debit Card,5,High,1,Young_Adult,0,5,-1.889830288498348,0.12618641927078922,Premium Loyal Customers,1,Normal
20,Female,Handbag,Accessories,24,Wisconsin,M,Cyan,Fall,4.6,No,Venmo,Standard,No,11,Cash,1,Low,0,Youth,0,1,-0.23228445266692366,-2.1969438980210434,Occasional Low-Engagement Buyers,1,Normal
45,Female,Sunglasses,Accessories,68,Kentucky,L,Beige,Winter,3.5,No,Venmo,Express,No,16,PayPal,4,High,1,Adult,0,3,-1.6736992376065107,-0.03505088763376783,Premium Loyal Customers,1,Normal
28,Female,Shirt,Clothing,70,Pennsylvania,M,Magenta,Spring,4.2,No,Bank Transfer,2-Day Shipping,No,12,Cash,4,High,1,Young_Adult,0,5,-1.8054903894024765,0.03705884389822384,Premium Loyal Customers,1,Normal
47,Female,Shirt,Clothing,64,Rhode Island,L,Indigo,Winter,3.7,No,Bank Transfer,Free Shipping,No,37,Debit Card,7,High,1,Adult,0,7,-1.5848589795954522,-0.06660071332867101,Premium Loyal Customers,1,Normal
54,Female,Sweater,Clothing,91,Illinois,M,Maroon,Spring,2.8,No,Cash,Store Pickup,No,43,Credit Card,7,Very_High,1,Middle_Aged,0,7,-1.9705624645306556,0.5377114785693802,High-Value Premium Buyers,1,Normal
64,Female,Handbag,Accessories,82,Maryland,M,Gray,Winter,4.8,No,Debit Card,2-Day Shipping,No,9,Cash,2,Very_High,1,Middle_Aged,0,3,-1.9987967114275722,0.3270268174127058,High-Value Premium Buyers,1,Normal
45,Female,Shirt,Clothing,24,Missouri,M,Black,Summer,2.7,No,Debit Card,Express,No,15,Venmo,5,Low,0,Adult,0,1,-0.05982486418144457,-2.33464283341681,Occasional Low-Engagement Buyers,1,Normal
40,Female,Jewelry,Accessories,80,Alabama,L,Yellow,Spring,3.6,No,Venmo,Store Pickup,No,17,Credit Card,2,High,1,Adult,0,3,-1.8754451085230093,0.2556453687401591,High-Value Premium Buyers,1,Normal
31,Female,Socks,Clothing,53,Maine,XL,White,Winter,4.5,No,Debit Card,Next Day Air,No,42,Venmo,1,Medium,0,Young_Adult,0,1,-0.6403865902682735,-1.4330743500194323,Young Trend-Oriented Shoppers,1,Normal
38,Female,T-shirt,Clothing,50,Mississippi,M,Orange,Spring,4.0,No,Credit Card,Free Shipping,No,14,Venmo,6,Medium,0,Adult,0,1,-0.6231608180358409,-1.6111857640031946,Family-Oriented Value Buyers,1,Normal
36,Female,Jewelry,Accessories,31,Alabama,M,Magenta,Fall,4.5,No,Cash,2-Day Shipping,No,49,Credit Card,5,Low,0,Adult,0,1,-0.2752774742173608,-1.9370292043634116,Occasional Low-Engagement Buyers,1,Normal
65,Female,Backpack,Accessories,88,Alaska,L,Black,Spring,3.9,No,Credit Card,Express,No,3,PayPal,4,Very_High,1,Middle_Aged,0,3,-2.0420676722995577,0.41626302276400423,High-Value Premium Buyers,1,Normal
27,Female,Hat,Accessories,52,Illinois,M,Brown,Summer,3.8,No,Credit Card,Standard,No,28,Venmo,6,Medium,0,Young_Adult,0,1,-0.6024238851967165,-1.5369546728668266,Young Trend-Oriented Shoppers,1,Normal
38,Female,Gloves,Accessories,22,Idaho,M,Orange,Fall,4.7,No,Bank Transfer,Next Day Air,No,41,Bank Transfer,4,Low,0,Adult,0,1,-0.1262522809777511,-2.168190521729194,Occasional Low-Engagement Buyers,1,Normal
58,Female,Sneakers,Footwear,27,North Carolina,XL,Gray,Spring,4.6,No,Debit Card,Standard,No,11,Venmo,2,Low,0,Middle_Aged,0,1,-0.20386468562688026,-2.1666819794811802,Occasional Low-Engagement Buyers,1,Normal
31,Female,Skirt,Clothing,34,Washington,M,White,Spring,3.6,No,Debit Card,Express,No,46,PayPal,2,Low,0,Young_Adult,0,1,-0.25203432782426394,-1.9433195789213566,Occasional Low-Engagement Buyers,1,Normal
28,Female,Handbag,Accessories,39,West Virginia,M,White,Spring,4.3,No,Debit Card,2-Day Shipping,No,15,Credit Card,2,Low,0,Young_Adult,0,1,-0.4417980030543085,-1.860805222951563,Occasional Low-Engagement Buyers,1,Normal
28,Female,Sunglasses,Accessories,53,Maine,M,Violet,Fall,3.0,No,Cash,Standard,No,15,Cash,6,Medium,0,Young_Adult,0,1,-0.6177894838302886,-1.5903842837773539,Young Trend-Oriented Shoppers,1,Normal
32,Female,Sweater,Clothing,46,Kentucky,M,Beige,Winter,4.3,No,PayPal,Express,No,34,Venmo,2,Medium,0,Young_Adult,0,1,-0.5252090030620176,-1.6366537761306783,Young Trend-Oriented Shoppers,1,Normal
61,Female,Handbag,Accessories,85,Massachusetts,L,Beige,Summer,4.8,No,Venmo,Next Day Air,No,13,Cash,6,Very_High,1,Middle_Aged,0,3,-2.0121207464429762,0.4188669677005816,High-Value Premium Buyers,1,Normal
38,Female,Skirt,Clothing,86,Pennsylvania,L,Purple,Spring,3.7,No,Bank Transfer,Free Shipping,No,27,PayPal,6,Very_High,1,Adult,0,3,-1.9936609436973545,0.42196481549885867,High-Value Premium Buyers,1,Normal
54,Female,Socks,Clothing,63,Hawaii,M,Brown,Summer,2.6,No,Cash,Free Shipping,No,37,Bank Transfer,2,High,1,Middle_Aged,0,7,-1.4911192960192992,-0.18675793362608384,Premium Loyal Customers,1,Normal
29,Female,Shirt,Clothing,44,Virginia,M,Orange,Spring,3.4,No,Debit Card,Standard,No,37,Credit Card,6,Medium,0,Young_Adult,0,1,-0.4350083480582172,-1.7420883322754943,Young Trend-Oriented Shoppers,1,Normal
50,Female,Sneakers,Footwear,95,New York,XL,Cyan,Summer,3.9,No,Cash,Free Shipping,No,4,Venmo,7,Very_High,1,Adult,0,5,-2.1749803266391368,0.5998461442130034,High-Value Premium Buyers,1,Normal
32,Female,Belt,Accessories,49,Delaware,M,Charcoal,Summer,4.8,No,Venmo,Free Shipping,No,1,Credit Card,7,Medium,0,Young_Adult,0,1,-0.6732470430286268,-1.614691360146086,Young Trend-Oriented Shoppers,1,Normal
38,Female,Pants,Clothing,77,Hawaii,L,Purple,Spring,2.8,No,Credit Card,Free Shipping,No,29,Bank Transfer,4,High,1,Adult,0,3,-1.7782896279603548,0.17053152316067866,Premium Loyal Customers,1,Normal
52,Female,Jewelry,Accessories,63,Nebraska,L,Peach,Spring,4.4,No,Venmo,Standard,No,50,Venmo,3,High,1,Middle_Aged,0,7,-1.5517416752009074,-0.030666141022812038,Premium Loyal Customers,1,Normal
61,Female,Pants,Clothing,83,Vermont,M,Violet,Winter,3.1,No,Credit Card,Standard,No,38,Debit Card,5,Very_High,1,Middle_Aged,0,7,-1.869576109975173,0.35654295088669075,High-Value Premium Buyers,1,Normal
25,Female,Jewelry,Accessories,93,Iowa,M,Peach,Spring,3.8,No,Credit Card,Store Pickup,No,15,PayPal,3,Very_High,1,Youth,0,5,-2.156520066111563,0.5848678892074101,High-Value Premium Buyers,1,Normal
22,Female,Jeans,Clothing,91,Iowa,S,Maroon,Winter,4.1,No,Bank Transfer,2-Day Shipping,No,44,Debit Card,7,Very_High,1,Youth,0,3,-2.100378169679181,0.6675634813984604,High-Value Premium Buyers,1,Normal
47,Female,Scarf,Accessories,99,Arkansas,L,Maroon,Fall,4.6,No,Credit Card,Free Shipping,No,14,Cash,2,Very_High,1,Adult,0,5,-2.3016094339755595,0.7690887703037086,High-Value Premium Buyers,1,Normal
50,Female,Belt,Accessories,24,Alabama,M,Peach,Spring,4.9,No,PayPal,Next Day Air,No,5,Debit Card,6,Low,0,Adult,0,1,-0.20098841641263349,-2.227488423021767,Occasional Low-Engagement Buyers,1,Normal
45,Female,Dress,Clothing,82,Maryland,M,Silver,Summer,4.8,No,PayPal,Next Day Air,No,11,Credit Card,3,Very_High,1,Adult,0,5,-2.0079864319896235,0.33635576857329835,High-Value Premium Buyers,1,Normal
33,Female,T-shirt,Clothing,28,South Dakota,M,Indigo,Winter,3.9,No,PayPal,Express,No,15,Credit Card,3,Low,0,Young_Adult,0,1,-0.24805569636454333,-2.145774484899114,Occasional Low-Engagement Buyers,1,Normal
42,Female,Boots,Footwear,67,Vermont,M,Silver,Winter,2.6,No,Venmo,Free Shipping,No,46,Credit Card,3,High,1,Adult,0,7,-1.571133376699969,-0.032074241044224336,Premium Loyal Customers,1,Normal
52,Female,Dress,Clothing,88,Montana,M,Olive,Fall,3.7,No,PayPal,Standard,No,30,Venmo,6,Very_High,1,Middle_Aged,0,3,-2.0163267695426272,0.47136216534045483,High-Value Premium Buyers,1,Normal
69,Female,Jewelry,Accessories,70,South Dakota,S,Gray,Fall,4.7,No,Cash,Standard,No,2,Cash,3,High,1,Senior,0,3,-1.7947139042109888,0.037941598276059085,Premium Loyal Customers,1,Normal
55,Female,Skirt,Clothing,100,Ohio,M,Black,Summer,4.5,No,Venmo,Standard,No,28,PayPal,6,Very_High,1,Middle_Aged,0,3,-2.2630250656769606,0.7979053983748182,High-Value Premium Buyers,1,Normal
38,Female,Handbag,Accessories,28,Texas,L,Maroon,Summer,4.7,No,PayPal,Free Shipping,No,9,PayPal,4,Low,0,Adult,0,1,-0.27417922348632134,-2.1367360819296284,Occasional Low-Engagement Buyers,1,Normal
57,Female,Coat,Outerwear,48,Indiana,S,Olive,Spring,3.6,No,Venmo,Standard,No,47,Credit Card,2,Medium,0,Middle_Aged,0,1,-0.43342638374027953,-1.6025106145310408,Family-Oriented Value Buyers,1,Normal
33,Female,Hoodie,Clothing,43,New Hampshire,S,Gold,Fall,2.8,No,Credit Card,Free Shipping,No,21,Debit Card,5,Medium,0,Young_Adult,0,1,-0.4397974755235394,-1.8006741129950579,Young Trend-Oriented Shoppers,1,Normal
57,Female,Pants,Clothing,40,California,L,Pink,Fall,4.0,No,PayPal,Express,No,42,Credit Card,7,Medium,0,Middle_Aged,0,1,-0.37483402343217387,-1.7902942737038046,Family-Oriented Value Buyers,1,Normal
52,Female,Boots,Footwear,97,Maine,M,Brown,Spring,3.6,No,Debit Card,Free Shipping,No,28,Credit Card,2,Very_High,1,Middle_Aged,0,3,-2.1587798620516305,0.6732090941499195,High-Value Premium Buyers,1,Normal
44,Female,Coat,Outerwear,25,Ohio,S,White,Fall,3.8,No,Credit Card,2-Day Shipping,No,13,Venmo,1,Low,0,Adult,0,1,-0.15782142030184437,-2.2172519573584966,Occasional Low-Engagement Buyers,1,Normal
48,Female,Scarf,Accessories,45,Delaware,M,Blue,Summer,4.4,No,Bank Transfer,Standard,No,25,PayPal,1,Medium,0,Adult,0,1,-0.49092096430849697,-1.7078164715810784,Family-Oriented Value Buyers,1,Normal
52,Female,Boots,Footwear,49,Oklahoma,L,Orange,Fall,2.8,No,Cash,Store Pickup,No,38,Debit Card,7,Medium,0,Middle_Aged,0,1,-0.444143761388345,-1.6265817841884278,Family-Oriented Value Buyers,1,Normal
34,Female,Sneakers,Footwear,36,Indiana,L,Silver,Summer,3.4,No,Cash,Free Shipping,No,40,Venmo,3,Low,0,Young_Adult,0,1,-0.2536443604526885,-1.9200176633828343,Occasional Low-Engagement Buyers,1,Normal
26,Female,Sweater,Clothing,48,South Carolina,S,Gray,Fall,4.9,No,Cash,Express,No,25,Cash,7,Medium,0,Young_Adult,0,1,-0.6391261883958929,-1.538934012666011,Young Trend-Oriented Shoppers,1,Normal
36,Female,Belt,Accessories,62,Vermont,S,Blue,Fall,4.3,No,Bank Transfer,Next Day Air,No,20,Cash,7,High,1,Adult,0,5,-1.6285317672958208,-0.1155802643361413,Premium Loyal Customers,1,Normal
24,Female,Jewelry,Accessories,74,Kansas,M,White,Winter,3.4,No,Bank Transfer,Free Shipping,No,44,Credit Card,5,High,1,Youth,0,3,-1.7712510284820637,0.1896730829846146,Premium Loyal Customers,1,Normal
30,Female,Handbag,Accessories,100,Utah,L,Yellow,Fall,3.9,No,Credit Card,Next Day Air,No,9,PayPal,7,Very_High,1,Young_Adult,0,5,-2.2904900335515106,0.7445240160775861,High-Value Premium Buyers,1,Normal
31,Female,Jacket,Outerwear,39,New York,S,Indigo,Fall,4.2,No,Venmo,Free Shipping,No,11,Venmo,7,Low,0,Young_Adult,0,1,-0.450513885017202,-1.8576181144922004,Occasional Low-Engagement Buyers,1,Normal
25,Female,Boots,Footwear,65,Indiana,M,Blue,Summer,2.7,No,PayPal,Store Pickup,No,3,Bank Transfer,1,High,1,Youth,0,5,-1.609052244650929,-0.2013947415635247,Premium Loyal Customers,1,Normal
57,Female,Sneakers,Footwear,99,Tennessee,XL,Peach,Summer,4.1,No,Cash,Store Pickup,No,34,Credit Card,2,Very_High,1,Middle_Aged,0,7,-2.189770659596554,0.7805540197778031,High-Value Premium Buyers,1,Normal
61,Female,Scarf,Accessories,68,Georgia,XL,Lavender,Winter,4.5,No,PayPal,2-Day Shipping,No,48,Cash,7,High,1,Middle_Aged,0,7,-1.6734313409952897,0.09824861109573498,Premium Loyal Customers,1,Normal
30,Female,Coat,Outerwear,97,Nebraska,M,Silver,Summer,2.8,No,Debit Card,Express,No,28,Cash,1,Very_High,1,Young_Adult,0,3,-2.099331445796568,0.6311486225700864,High-Value Premium Buyers,1,Normal
38,Female,Shorts,Clothing,47,Washington,L,Gold,Winter,3.4,No,PayPal,Standard,No,20,Venmo,3,Medium,0,Adult,0,1,-0.5041216848312795,-1.714613622846606,Family-Oriented Value Buyers,1,Normal
53,Female,Shorts,Clothing,56,Idaho,S,Cyan,Spring,3.9,No,Credit Card,Free Shipping,No,49,Bank Transfer,1,Medium,0,Middle_Aged,0,1,-0.632618483408799,-1.3701349490389225,Family-Oriented Value Buyers,1,Normal
31,Female,Jeans,Clothing,91,Louisiana,L,Olive,Fall,2.6,No,PayPal,Next Day Air,No,14,PayPal,2,Very_High,1,Young_Adult,0,5,-2.0380860774616862,0.44261548554302144,High-Value Premium Buyers,1,Normal
70,Female,Gloves,Accessories,93,New Jersey,L,Teal,Fall,4.4,No,Cash,2-Day Shipping,No,9,Bank Transfer,6,Very_High,1,Senior,0,3,-2.15705776414282,0.5808291760415686,High-Value Premium Buyers,1,Normal
21,Female,Pants,Clothing,36,Delaware,L,Pink,Winter,4.9,No,PayPal,Standard,No,37,Venmo,3,Low,0,Youth,0,1,-0.3948474853314784,-1.8352027798281236,Occasional Low-Engagement Buyers,1,Normal
33,Female,Dress,Clothing,45,Wisconsin,M,Orange,Summer,3.6,No,Venmo,Store Pickup,No,4,Credit Card,2,Medium,0,Young_Adult,0,1,-0.5201352877407627,-1.7812892256167692,Young Trend-Oriented Shoppers,1,Normal
60,Female,Pants,Clothing,44,West Virginia,M,Charcoal,Winter,2.8,No,Venmo,2-Day Shipping,No,1,Credit Card,4,Medium,0,Middle_Aged,0,1,-0.4497639257385957,-1.8639845098504995,Family-Oriented Value Buyers,1,Normal
45,Female,Gloves,Accessories,32,Texas,L,Red,Spring,4.3,No,PayPal,2-Day Shipping,No,36,Debit Card,5,Low,0,Adult,0,1,-0.25862654812335883,-1.9710850596805936,Occasional Low-Engagement Buyers,1,Normal
46,Female,Belt,Accessories,36,Hawaii,S,Teal,Summer,3.0,No,Venmo,Express,No,21,Cash,5,Low,0,Adult,0,1,-0.27045447349849927,-1.9721470268964156,Occasional Low-Engagement Buyers,1,Normal
62,Female,Belt,Accessories,85,Arizona,S,Silver,Summer,3.3,No,Credit Card,2-Day Shipping,No,16,Credit Card,6,Very_High,1,Middle_Aged,0,3,-1.93857707219681,0.3502990458845862,High-Value Premium Buyers,1,Normal
63,Female,Skirt,Clothing,36,Louisiana,L,Black,Winter,2.5,No,Debit Card,Store Pickup,No,42,Cash,6,Low,0,Middle_Aged,0,1,-0.1813948010342356,-1.995654303662638,Occasional Low-Engagement Buyers,1,Normal
69,Female,Socks,Clothing,55,Nevada,S,Pink,Spring,5.0,No,Debit Card,2-Day Shipping,No,31,Debit Card,6,Medium,0,Senior,0,1,-0.6924365640145705,-1.4023837779544648,Family-Oriented Value Buyers,-1,Anomaly
46,Female,Belt,Accessories,20,Rhode Island,XL,Teal,Summer,4.3,No,Cash,2-Day Shipping,No,6,Credit Card,2,Low,0,Adult,0,1,-0.10536734577155239,-2.344668349476784,Occasional Low-Engagement Buyers,1,Normal
69,Female,Shirt,Clothing,91,Illinois,M,Teal,Fall,4.2,No,Venmo,Free Shipping,No,24,Venmo,6,Very_High,1,Senior,0,7,-2.1086886304899206,0.5680624487135245,High-Value Premium Buyers,1,Normal
66,Female,Dress,Clothing,71,Utah,L,Green,Summer,3.9,No,PayPal,Standard,No,7,PayPal,5,High,1,Senior,0,3,-1.745389631697459,-0.00284526394855137,Premium Loyal Customers,1,Normal
41,Female,Socks,Clothing,64,North Dakota,M,Charcoal,Spring,3.9,No,Bank Transfer,Store Pickup,No,25,Venmo,2,High,1,Adult,0,3,-1.6154772777732358,-0.10330927129777356,Premium Loyal Customers,1,Normal
32,Female,Jacket,Outerwear,21,Kansas,L,Indigo,Spring,4.2,No,Bank Transfer,Free Shipping,No,18,Cash,5,Low,0,Young_Adult,0,1,-0.11083118226990683,-2.31315845137594,Occasional Low-Engagement Buyers,1,Normal
69,Female,Sweater,Clothing,100,Nevada,S,White,Winter,3.5,No,Cash,Store Pickup,No,14,Bank Transfer,4,Very_High,1,Senior,0,7,-2.208760712467631,0.7366170032310728,High-Value Premium Buyers,1,Normal
29,Female,Jeans,Clothing,96,Virginia,M,Orange,Summer,2.5,No,Venmo,Standard,No,42,Debit Card,5,Very_High,1,Young_Adult,0,3,-2.0726433777007345,0.6627154811836864,High-Value Premium Buyers,1,Normal
70,Female,Jewelry,Accessories,91,Utah,M,White,Spring,2.9,No,Credit Card,Express,No,6,Venmo,7,Very_High,1,Senior,0,7,-2.016450420782693,0.4411465000235193,High-Value Premium Buyers,-1,Anomaly
41,Female,Sweater,Clothing,40,Idaho,S,Yellow,Spring,2.7,No,Venmo,Next Day Air,No,14,Venmo,7,Medium,0,Adult,0,1,-0.3313150808635179,-1.921794191432559,Family-Oriented Value Buyers,1,Normal
31,Female,Hoodie,Clothing,53,Alaska,M,Red,Summer,4.7,No,Venmo,Express,No,30,Debit Card,4,Medium,0,Young_Adult,0,1,-0.6830501576746083,-1.4336959476388331,Young Trend-Oriented Shoppers,1,Normal
31,Female,Sunglasses,Accessories,48,New Hampshire,S,Charcoal,Winter,3.8,No,Bank Transfer,Standard,No,10,Cash,6,Medium,0,Young_Adult,0,1,-0.5691755208041871,-1.6673275825046954,Young Trend-Oriented Shoppers,1,Normal
57,Female,Sandals,Footwear,70,Ohio,M,Lavender,Winter,3.7,No,Cash,Express,No,7,PayPal,2,High,1,Middle_Aged,0,3,-1.7313525218293373,-0.020165573470575113,Premium Loyal Customers,1,Normal
29,Female,Coat,Outerwear,29,Montana,L,Charcoal,Summer,4.7,No,Credit Card,Express,No,28,Credit Card,4,Low,0,Young_Adult,0,1,-0.25391559995085394,-2.0362196741510674,Occasional Low-Engagement Buyers,1,Normal
70,Female,Belt,Accessories,29,Louisiana,M,Maroon,Fall,3.6,No,Cash,Next Day Air,No,19,Bank Transfer,4,Low,0,Senior,0,1,-0.17635706044659022,-2.1469947676834886,Occasional Low-Engagement Buyers,1,Normal
51,Female,Blouse,Clothing,53,Oregon,M,Brown,Fall,2.8,No,Venmo,Express,No,13,Credit Card,7,Medium,0,Middle_Aged,0,1,-0.6046432557144137,-1.6146614860963684,Family-Oriented Value Buyers,1,Normal
45,Female,Skirt,Clothing,79,Arizona,M,Lavender,Winter,3.7,No,Venmo,Store Pickup,No,23,Venmo,1,High,1,Adult,0,3,-1.8779884316279292,0.2617956709384735,Premium Loyal Customers,1,Normal
18,Female,Shorts,Clothing,65,Alaska,XL,Brown,Spring,3.5,No,Bank Transfer,Express,No,5,Venmo,2,High,1,Youth,0,5,-1.6772103315216897,-0.13452152399197154,Premium Loyal Customers,1,Normal
37,Female,Dress,Clothing,99,Utah,M,Olive,Summer,3.7,No,Venmo,Store Pickup,No,17,Venmo,5,Very_High,1,Adult,0,5,-2.2357009772913154,0.7283563734625814,High-Value Premium Buyers,1,Normal
23,Female,Sunglasses,Accessories,60,New York,L,Lavender,Winter,3.0,No,Debit Card,Next Day Air,No,31,Venmo,2,Medium,0,Youth,0,1,-0.6732326805709821,-1.383813795589199,Premium Loyal Customers,1,Normal
39,Female,Shoes,Footwear,86,New Mexico,M,Gold,Winter,4.9,No,Cash,Free Shipping,No,19,PayPal,2,Very_High,1,Adult,0,5,-2.0958868459555697,0.488891077192264,High-Value Premium Buyers,1,Normal
62,Female,Belt,Accessories,73,Louisiana,M,Silver,Winter,4.6,No,Venmo,Free Shipping,No,8,Venmo,1,High,1,Middle_Aged,0,3,-1.828368686566357,0.11374168521994771,Premium Loyal Customers,1,Normal
70,Female,Belt,Accessories,45,Ohio,M,Violet,Winter,3.3,No,Bank Transfer,Free Shipping,No,15,Credit Card,3,Medium,0,Senior,0,1,-0.4530444523811926,-1.7909576529394198,Family-Oriented Value Buyers,1,Normal
20,Female,Belt,Accessories,70,Nevada,S,Brown,Summer,3.0,No,Bank Transfer,Next Day Air,No,18,Credit Card,7,High,1,Youth,0,5,-1.6880083828623633,0.0016629316225093282,Premium Loyal Customers,1,Normal
42,Female,Belt,Accessories,65,Idaho,M,Teal,Fall,3.5,No,Credit Card,Standard,No,16,PayPal,3,High,1,Adult,0,3,-1.6508561029884892,-0.11472453671023503,Premium Loyal Customers,1,Normal
41,Female,Skirt,Clothing,55,Arizona,L,Peach,Summer,4.2,No,Debit Card,Store Pickup,No,13,Cash,6,Medium,0,Adult,0,1,-0.6933619030597677,-1.5070594016428476,Family-Oriented Value Buyers,1,Normal
24,Female,T-shirt,Clothing,65,Utah,M,Maroon,Spring,4.5,No,Credit Card,Express,No,38,PayPal,7,High,1,Youth,0,5,-1.6920444247237534,0.02076409748148884,Premium Loyal Customers,1,Normal
37,Female,Scarf,Accessories,21,Wyoming,XL,Lavender,Spring,2.8,No,Venmo,Express,No,27,Bank Transfer,5,Low,0,Adult,0,1,-0.009376265335815107,-2.333677387307743,Occasional Low-Engagement Buyers,1,Normal
30,Female,Blouse,Clothing,26,Indiana,L,Lavender,Summer,4.9,No,Credit Card,Store Pickup,No,31,Bank Transfer,4,Low,0,Young_Adult,0,1,-0.22569903328203,-2.0890510150383212,Occasional Low-Engagement Buyers,1,Normal
58,Female,Sunglasses,Accessories,71,Wisconsin,S,Purple,Summer,3.3,No,Bank Transfer,Next Day Air,No,24,Cash,5,High,1,Middle_Aged,0,7,-1.668174318702458,0.03321872668086977,Premium Loyal Customers,1,Normal
43,Female,Boots,Footwear,41,Texas,M,Green,Summer,3.0,No,Debit Card,Free Shipping,No,21,Debit Card,5,Medium,0,Adult,0,1,-0.3763096310814369,-1.8700535643898404,Family-Oriented Value Buyers,1,Normal
19,Female,Jacket,Outerwear,44,Utah,M,Yellow,Winter,3.9,No,Venmo,2-Day Shipping,No,15,PayPal,3,Medium,0,Youth,0,1,-0.532783957128517,-1.7542495131146982,Young Trend-Oriented Shoppers,1,Normal
23,Female,Jeans,Clothing,81,Arkansas,S,Charcoal,Fall,2.8,No,Bank Transfer,Store Pickup,No,48,Venmo,7,High,1,Youth,0,3,-1.830249182479949,0.35198865668737866,High-Value Premium Buyers,1,Normal
65,Female,Sunglasses,Accessories,77,Pennsylvania,S,Blue,Summer,4.5,No,Debit Card,2-Day Shipping,No,47,Cash,4,High,1,Middle_Aged,0,7,-1.80645558142715,0.30530344864758124,Premium Loyal Customers,1,Normal
58,Female,Sandals,Footwear,26,Georgia,M,Lavender,Fall,4.0,No,Debit Card,Free Shipping,No,23,PayPal,2,Low,0,Middle_Aged,0,1,-0.1696843613739243,-2.200128195025872,Occasional Low-Engagement Buyers,1,Normal
50,Female,Backpack,Accessories,31,Indiana,M,Brown,Summer,2.9,No,PayPal,Express,No,4,PayPal,4,Low,0,Adult,0,1,-0.2019233518011127,-2.1848580311945716,Occasional Low-Engagement Buyers,1,Normal
67,Female,Blouse,Clothing,82,Idaho,S,White,Spring,4.0,No,Credit Card,Free Shipping,No,47,Credit Card,7,Very_High,1,Senior,0,7,-1.8905262353879413,0.4120950905105551,High-Value Premium Buyers,1,Normal
40,Female,Shoes,Footwear,60,Montana,XL,Green,Summer,3.4,No,Debit Card,Store Pickup,No,7,PayPal,6,Medium,0,Adult,0,1,-0.7445820339391539,-1.43847375850909,Premium Loyal Customers,1,Normal
55,Female,Shirt,Clothing,70,Tennessee,L,Magenta,Fall,2.5,No,Venmo,Free Shipping,No,6,Credit Card,3,High,1,Middle_Aged,0,3,-1.690376102866304,-0.09035405715401854,Premium Loyal Customers,1,Normal
52,Female,Hoodie,Clothing,26,West Virginia,XL,Peach,Winter,2.8,No,Bank Transfer,2-Day Shipping,No,47,Credit Card,4,Low,0,Middle_Aged,0,1,-0.058752009093594945,-2.1795789133408716,Occasional Low-Engagement Buyers,1,Normal
62,Female,Dress,Clothing,100,California,L,Charcoal,Summer,3.0,No,PayPal,Free Shipping,No,7,PayPal,7,Very_High,1,Middle_Aged,0,3,-2.1916432667734673,0.64651494983887,High-Value Premium Buyers,-1,Anomaly
64,Female,Dress,Clothing,82,Georgia,M,Gold,Summer,3.1,No,Bank Transfer,Free Shipping,No,1,Debit Card,4,Very_High,1,Middle_Aged,0,3,-1.908658719475012,0.2138064689501699,High-Value Premium Buyers,1,Normal
43,Female,Sneakers,Footwear,24,Maryland,XL,Purple,Spring,2.6,No,PayPal,2-Day Shipping,No,23,Credit Card,2,Low,0,Adult,0,1,-0.04054130705090052,-2.3138049248790367,Occasional Low-Engagement Buyers,1,Normal
61,Female,Blouse,Clothing,74,Idaho,L,Teal,Summer,4.9,No,PayPal,2-Day Shipping,No,30,Credit Card,6,High,1,Middle_Aged,0,3,-1.831127982064694,0.19101508305912576,Premium Loyal Customers,1,Normal
26,Female,Backpack,Accessories,58,California,XL,Green,Summer,3.5,No,Debit Card,Next Day Air,No,24,Credit Card,4,Medium,0,Young_Adult,0,1,-0.6933453304117805,-1.4156806351499058,Young Trend-Oriented Shoppers,1,Normal
22,Female,Sweater,Clothing,56,Alabama,L,Orange,Spring,2.6,No,PayPal,Store Pickup,No,9,PayPal,2,Medium,0,Youth,0,1,-0.6339313872068669,-1.5743347404407624,Young Trend-Oriented Shoppers,1,Normal
51,Female,Boots,Footwear,37,Utah,L,Peach,Spring,3.5,No,PayPal,2-Day Shipping,No,25,Credit Card,4,Low,0,Middle_Aged,0,1,-0.31327450199227125,-1.9434045967279767,Occasional Low-Engagement Buyers,1,Normal
69,Female,Handbag,Accessories,64,Kentucky,M,Gold,Spring,4.5,No,Bank Transfer,Free Shipping,No,18,Cash,5,High,1,Senior,0,3,-1.6501185837714634,-0.10331561711540099,Premium Loyal Customers,1,Normal
50,Female,Hoodie,Clothing,58,Vermont,S,Violet,Spring,4.3,No,PayPal,Next Day Air,No,7,Venmo,1,Medium,0,Adult,0,1,-0.7423550867842466,-1.431030891427943,Family-Oriented Value Buyers,1,Normal
51,Female,Belt,Accessories,44,Iowa,L,Charcoal,Summer,4.8,No,Debit Card,Next Day Air,No,2,Cash,3,Medium,0,Middle_Aged,0,1,-0.5255638407357557,-1.7658949576726564,Family-Oriented Value Buyers,1,Normal
56,Female,Jewelry,Accessories,39,Georgia,M,Brown,Summer,4.2,No,Bank Transfer,Free Shipping,No,36,Debit Card,3,Low,0,Middle_Aged,0,1,-0.3613737201613994,-1.8214960991772866,Occasional Low-Engagement Buyers,1,Normal
59,Female,Blouse,Clothing,48,Alabama,L,Blue,Spring,3.2,No,Bank Transfer,Next Day Air,No,31,PayPal,5,Medium,0,Middle_Aged,0,1,-0.46057585752024155,-1.6986167275088742,Family-Oriented Value Buyers,1,Normal
18,Female,Handbag,Accessories,32,Nebraska,M,Gold,Fall,4.1,No,PayPal,Express,No,10,Cash,1,Low,0,Youth,0,1,-0.3479855381641308,-2.041171913938288,Occasional Low-Engagement Buyers,1,Normal
48,Female,Handbag,Accessories,79,Rhode Island,M,Orange,Winter,4.0,No,Credit Card,Express,No,27,PayPal,6,High,1,Adult,0,3,-1.8881251799185668,0.28399759784591594,Premium Loyal Customers,1,Normal
53,Female,Coat,Outerwear,27,South Dakota,L,Turquoise,Winter,2.9,No,Credit Card,Next Day Air,No,14,PayPal,7,Low,0,Middle_Aged,0,1,-0.0992636013320564,-2.253591152234776,Occasional Low-Engagement Buyers,1,Normal
45,Female,Belt,Accessories,98,Illinois,S,Peach,Fall,2.6,No,Debit Card,Store Pickup,No,17,Credit Card,6,Very_High,1,Adult,0,3,-2.1444598061486655,0.636547623645053,High-Value Premium Buyers,1,Normal
21,Female,Boots,Footwear,67,North Carolina,M,Magenta,Winter,2.7,No,PayPal,Free Shipping,No,10,Bank Transfer,4,High,1,Youth,0,5,-1.6724330554196856,-0.11970546097429546,Premium Loyal Customers,1,Normal
42,Female,Socks,Clothing,37,Florida,L,Black,Winter,4.6,No,Debit Card,2-Day Shipping,No,4,PayPal,5,Low,0,Adult,0,1,-0.450095197576582,-1.9406989073480028,Occasional Low-Engagement Buyers,1,Normal
60,Female,Shoes,Footwear,49,Pennsylvania,M,White,Spring,3.2,No,Bank Transfer,Store Pickup,No,25,Cash,7,Medium,0,Middle_Aged,0,1,-0.4870484029408192,-1.6640238948910246,Family-Oriented Value Buyers,1,Normal
21,Female,Sneakers,Footwear,74,Vermont,M,Violet,Fall,4.1,No,Cash,2-Day Shipping,No,3,PayPal,5,High,1,Youth,0,5,-1.90252782214878,0.1194132467001812,Premium Loyal Customers,1,Normal
69,Female,Jewelry,Accessories,93,Colorado,M,Olive,Summer,3.9,No,PayPal,Standard,No,47,Venmo,1,Very_High,1,Senior,0,7,-2.0164533665424553,0.6302496141581577,High-Value Premium Buyers,1,Normal
40,Female,Handbag,Accessories,60,Utah,L,Red,Summer,3.0,No,Debit Card,Next Day Air,No,41,Bank Transfer,5,Medium,0,Adult,0,1,-0.6347211149214737,-1.375254441194603,Premium Loyal Customers,1,Normal
31,Female,Coat,Outerwear,76,Kentucky,S,Green,Spring,3.6,No,Cash,Standard,No,28,Venmo,7,High,1,Young_Adult,0,3,-1.7878752479326037,0.20323663936397812,Premium Loyal Customers,1,Normal
44,Female,Sunglasses,Accessories,64,Wyoming,L,Gold,Summer,4.6,No,Venmo,Express,No,49,Debit Card,7,High,1,Adult,0,7,-1.5970364355123288,0.03114033718436023,Premium Loyal Customers,1,Normal
48,Female,Shoes,Footwear,38,Maine,XL,Olive,Spring,4.5,No,Credit Card,Store Pickup,No,7,Bank Transfer,1,Low,0,Adult,0,1,-0.4283827894401503,-1.8944311874147337,Occasional Low-Engagement Buyers,1,Normal
32,Female,Shoes,Footwear,91,Maine,L,Brown,Winter,3.2,No,Credit Card,Next Day Air,No,22,Bank Transfer,6,Very_High,1,Young_Adult,0,3,-2.0606928753916685,0.5153599817855685,High-Value Premium Buyers,1,Normal
42,Female,Boots,Footwear,70,New Hampshire,S,Magenta,Summer,4.9,No,Cash,2-Day Shipping,No,34,Venmo,6,High,1,Adult,0,3,-1.75757557918283,0.1452079048044107,Premium Loyal Customers,1,Normal
27,Female,Sandals,Footwear,22,Kansas,M,Violet,Fall,5.0,No,Bank Transfer,Standard,No,5,Debit Card,5,Low,0,Young_Adult,0,1,-0.23840953338890192,-2.2469474809406336,Occasional Low-Engagement Buyers,1,Normal
69,Female,Gloves,Accessories,59,New Jersey,M,Beige,Spring,3.8,No,Credit Card,Standard,No,15,Cash,5,Medium,0,Senior,0,1,-0.7126490543539312,-1.4252347921474557,Family-Oriented Value Buyers,1,Normal
67,Female,Backpack,Accessories,22,North Carolina,M,Blue,Spring,3.4,No,PayPal,Next Day Air,No,26,Bank Transfer,2,Low,0,Senior,0,1,-0.008725056855018995,-2.3285453312943156,Occasional Low-Engagement Buyers,1,Normal
41,Female,Handbag,Accessories,74,West Virginia,S,Orange,Winter,3.8,No,Venmo,Store Pickup,No,3,Bank Transfer,1,High,1,Adult,0,5,-1.826367017563869,0.11388702808159167,Premium Loyal Customers,1,Normal
46,Female,Sweater,Clothing,71,Kentucky,L,Maroon,Spring,3.2,No,PayPal,Express,No,42,Credit Card,4,High,1,Adult,0,7,-1.6539335000676394,0.06781187261497071,Premium Loyal Customers,1,Normal
47,Female,Coat,Outerwear,80,California,S,Charcoal,Summer,4.7,No,Credit Card,Store Pickup,No,1,Venmo,6,High,1,Adult,0,5,-1.9585195841993663,0.2784314774221853,High-Value Premium Buyers,1,Normal
33,Female,T-shirt,Clothing,59,South Dakota,L,Olive,Fall,4.5,No,Debit Card,Express,No,20,PayPal,7,Medium,0,Young_Adult,0,1,-0.8002238373340078,-1.3501815552222056,Young Trend-Oriented Shoppers,1,Normal
51,Female,Backpack,Accessories,96,California,L,Green,Fall,3.3,No,Bank Transfer,Standard,No,39,PayPal,6,Very_High,1,Middle_Aged,0,7,-2.0984204356515916,0.6728305788397555,High-Value Premium Buyers,1,Normal
26,Female,Sunglasses,Accessories,43,Connecticut,L,Brown,Winter,3.9,No,Debit Card,Store Pickup,No,24,Credit Card,1,Medium,0,Young_Adult,0,1,-0.46131126752630036,-1.760833965677298,Young Trend-Oriented Shoppers,1,Normal
22,Female,Belt,Accessories,76,Idaho,S,Cyan,Winter,3.6,No,Debit Card,Express,No,49,Bank Transfer,4,High,1,Youth,0,3,-1.787455671023373,0.27931423909299735,Premium Loyal Customers,1,Normal
49,Female,Jacket,Outerwear,59,North Dakota,M,Beige,Fall,2.8,No,Debit Card,Store Pickup,No,7,Venmo,5,Medium,0,Adult,0,1,-0.6874908970537235,-1.504977762114795,Family-Oriented Value Buyers,1,Normal
58,Female,Skirt,Clothing,48,Michigan,L,Teal,Summer,4.3,No,Cash,Free Shipping,No,13,Venmo,7,Medium,0,Middle_Aged,0,1,-0.559653053700121,-1.6620058516729181,Family-Oriented Value Buyers,1,Normal
70,Female,Belt,Accessories,22,Missouri,S,Gray,Spring,3.5,No,Bank Transfer,Free Shipping,No,2,Cash,2,Low,0,Senior,0,1,-0.06729669424218003,-2.3663895704305205,Occasional Low-Engagement Buyers,1,Normal
32,Female,Boots,Footwear,40,California,M,Indigo,Winter,4.2,No,Bank Transfer,Express,No,4,Debit Card,2,Medium,0,Young_Adult,0,1,-0.4687529556491944,-1.855219175435621,Young Trend-Oriented Shoppers,1,Normal
62,Female,Jeans,Clothing,73,Delaware,L,Magenta,Spring,4.6,No,Venmo,Express,No,17,Debit Card,4,High,1,Middle_Aged,0,3,-1.8023013083310078,0.14309618903948457,Premium Loyal Customers,1,Normal
52,Female,Shoes,Footwear,26,Alabama,XL,Red,Fall,2.6,No,Debit Card,Free Shipping,No,43,PayPal,5,Low,0,Middle_Aged,0,1,-0.056643382021228136,-2.2094082458161433,Occasional Low-Engagement Buyers,1,Normal
23,Female,Sweater,Clothing,41,New Hampshire,L,Turquoise,Spring,3.4,No,Debit Card,Next Day Air,No,6,PayPal,6,Medium,0,Youth,0,1,-0.41753935327191166,-1.9082482437267259,Young Trend-Oriented Shoppers,1,Normal
26,Female,Jewelry,Accessories,98,New York,L,Peach,Spring,3.1,No,Venmo,Standard,No,46,PayPal,4,Very_High,1,Young_Adult,0,3,-2.121631864019245,0.7441809736524312,High-Value Premium Buyers,1,Normal
58,Female,Shirt,Clothing,63,Oregon,L,White,Winter,3.6,No,PayPal,Free Shipping,No,7,Debit Card,5,High,1,Middle_Aged,0,3,-1.612904260534037,-0.18357546154014262,Premium Loyal Customers,1,Normal
26,Female,Boots,Footwear,55,Massachusetts,L,Maroon,Winter,4.2,No,Bank Transfer,Next Day Air,No,34,Debit Card,1,Medium,0,Young_Adult,0,1,-0.6618967115227639,-1.4033483411022811,Young Trend-Oriented Shoppers,1,Normal
54,Female,Shorts,Clothing,90,Utah,XL,Beige,Winter,3.6,No,Credit Card,Standard,No,21,PayPal,7,Very_High,1,Middle_Aged,0,3,-2.060055685896155,0.5082614113156361,High-Value Premium Buyers,1,Normal
66,Female,Handbag,Accessories,46,New Hampshire,M,Blue,Summer,3.6,No,Credit Card,Express,No,13,Venmo,5,Medium,0,Senior,0,1,-0.4755913243915795,-1.7587041010898419,Family-Oriented Value Buyers,1,Normal
60,Female,Sweater,Clothing,88,Illinois,S,Red,Spring,3.0,No,Venmo,Store Pickup,No,33,Debit Card,5,Very_High,1,Middle_Aged,0,7,-1.9399768724826212,0.47396865818149303,High-Value Premium Buyers,1,Normal
32,Female,Belt,Accessories,95,Alaska,M,Blue,Spring,2.5,No,Bank Transfer,2-Day Shipping,No,24,Bank Transfer,5,Very_High,1,Young_Adult,0,3,-2.0938180163271496,0.5714414572813039,High-Value Premium Buyers,1,Normal
48,Female,Belt,Accessories,31,Wyoming,M,Maroon,Fall,4.0,No,Credit Card,Store Pickup,No,4,Bank Transfer,3,Low,0,Adult,0,1,-0.3083010016024096,-2.0972594938069022,Occasional Low-Engagement Buyers,1,Normal
69,Female,Hoodie,Clothing,42,Colorado,L,Yellow,Spring,4.1,No,PayPal,Next Day Air,No,5,Cash,5,Medium,0,Senior,0,1,-0.44347056267233953,-1.865176303714996,Family-Oriented Value Buyers,1,Normal
64,Female,Sneakers,Footwear,44,Vermont,L,Pink,Winter,4.9,No,Debit Card,Next Day Air,No,11,Credit Card,2,Medium,0,Middle_Aged,0,1,-0.5163722217304448,-1.7431373912974204,Family-Oriented Value Buyers,1,Normal
56,Female,T-shirt,Clothing,99,Utah,M,Maroon,Spring,4.0,No,Venmo,Next Day Air,No,20,Bank Transfer,3,Very_High,1,Middle_Aged,0,3,-2.234949738916285,0.7378812454847771,High-Value Premium Buyers,1,Normal
22,Female,Pants,Clothing,20,Illinois,S,Purple,Summer,3.5,No,Venmo,Store Pickup,No,28,PayPal,4,Low,0,Youth,0,1,-0.04539425970444949,-2.3030468817785383,Occasional Low-Engagement Buyers,1,Normal
46,Female,Scarf,Accessories,37,Idaho,S,Indigo,Spring,3.2,No,Bank Transfer,Store Pickup,No,43,PayPal,6,Low,0,Adult,0,1,-0.2490062357214502,-1.8979758680381562,Occasional Low-Engagement Buyers,1,Normal
24,Female,Sweater,Clothing,50,Nevada,L,Gray,Winter,2.8,No,Credit Card,Store Pickup,No,10,Venmo,7,Medium,0,Youth,0,1,-0.5542381421905808,-1.6734081949690554,Young Trend-Oriented Shoppers,1,Normal
47,Female,Handbag,Accessories,73,Utah,M,Lavender,Summer,3.5,No,Debit Card,Next Day Air,No,26,Venmo,7,High,1,Adult,0,3,-1.7135688581131512,0.08335122671229633,Premium Loyal Customers,1,Normal
62,Female,Shirt,Clothing,84,North Carolina,M,Charcoal,Spring,3.1,No,Cash,Free Shipping,No,29,Bank Transfer,6,Very_High,1,Middle_Aged,0,7,-1.896176942929492,0.34031600967329795,High-Value Premium Buyers,1,Normal
34,Female,Dress,Clothing,64,Arkansas,M,Teal,Spring,3.3,No,PayPal,Store Pickup,No,35,Bank Transfer,4,High,1,Young_Adult,0,3,-1.5798430599070066,-0.09727363016667481,Premium Loyal Customers,1,Normal
50,Female,Sandals,Footwear,21,North Carolina,L,Blue,Fall,4.6,No,Debit Card,Free Shipping,No,23,Cash,5,Low,0,Adult,0,1,-0.12977942468084774,-2.2730185974028645,Occasional Low-Engagement Buyers,1,Normal
29,Female,Shirt,Clothing,36,Texas,M,Peach,Summer,4.9,No,PayPal,Store Pickup,No,15,Bank Transfer,4,Low,0,Young_Adult,0,1,-0.44094933457985874,-1.901131288306566,Occasional Low-Engagement Buyers,1,Normal
68,Female,Dress,Clothing,81,Nevada,L,Orange,Winter,3.4,No,Bank Transfer,2-Day Shipping,No,46,Credit Card,3,High,1,Senior,0,7,-1.8265449044709736,0.3332368399133236,High-Value Premium Buyers,1,Normal
52,Female,Sunglasses,Accessories,54,Utah,L,Silver,Fall,3.5,No,Cash,Next Day Air,No,14,Bank Transfer,5,Medium,0,Middle_Aged,0,1,-0.6251709760561533,-1.5500935834492908,Family-Oriented Value Buyers,1,Normal
29,Female,Socks,Clothing,63,Pennsylvania,L,Red,Summer,4.8,No,Bank Transfer,Store Pickup,No,17,Cash,7,High,1,Young_Adult,0,5,-1.6827529718691274,-0.0870027563798556,Premium Loyal Customers,1,Normal
22,Female,Sandals,Footwear,59,Georgia,M,Gray,Summer,2.7,No,Bank Transfer,Store Pickup,No,9,Cash,2,Medium,0,Youth,0,1,-0.7005135189282597,-1.491719290588724,Young Trend-Oriented Shoppers,1,Normal
62,Female,Hat,Accessories,53,Minnesota,S,Beige,Fall,3.4,No,Cash,Standard,No,13,Venmo,1,Medium,0,Middle_Aged,0,1,-0.5776113282504587,-1.5742037121064951,Family-Oriented Value Buyers,1,Normal
69,Female,Shirt,Clothing,63,Kansas,L,White,Winter,3.5,No,PayPal,Next Day Air,No,20,Bank Transfer,6,High,1,Senior,0,7,-1.5546535503552494,-0.18271217304317727,Premium Loyal Customers,1,Normal
48,Female,Shoes,Footwear,33,Delaware,M,Silver,Fall,3.7,No,Debit Card,Free Shipping,No,39,Bank Transfer,4,Low,0,Adult,0,1,-0.2529801398517471,-1.9879966215879195,Occasional Low-Engagement Buyers,1,Normal
66,Female,Pants,Clothing,64,New Mexico,L,Cyan,Summer,3.3,No,Bank Transfer,Next Day Air,No,50,Bank Transfer,4,High,1,Senior,0,7,-1.4856477219762487,-0.08558769103355943,Premium Loyal Customers,1,Normal
42,Female,Shirt,Clothing,98,Michigan,S,Maroon,Fall,2.9,No,Venmo,Free Shipping,No,21,Bank Transfer,5,Very_High,1,Adult,0,3,-2.1984157304145633,0.6852770326008217,High-Value Premium Buyers,1,Normal
50,Female,Hat,Accessories,85,Vermont,L,Purple,Winter,3.9,No,Venmo,Express,No,3,Bank Transfer,2,Very_High,1,Adult,0,5,-2.0052965025076106,0.3622703048693397,High-Value Premium Buyers,1,Normal
32,Female,Jewelry,Accessories,82,Idaho,S,Brown,Summer,2.7,No,PayPal,Express,No,9,PayPal,1,Very_High,1,Young_Adult,0,5,-1.880147948858825,0.23175858910429784,High-Value Premium Buyers,1,Normal
51,Female,Jacket,Outerwear,85,South Dakota,M,Green,Summer,4.3,No,Bank Transfer,Standard,No,29,Cash,5,Very_High,1,Middle_Aged,0,3,-1.9866673233512644,0.4250035524422677,High-Value Premium Buyers,1,Normal
27,Female,Shirt,Clothing,37,Illinois,S,Peach,Winter,3.0,No,PayPal,2-Day Shipping,No,42,Bank Transfer,2,Low,0,Young_Adult,0,1,-0.2997038905296398,-1.8961497671050107,Occasional Low-Engagement Buyers,1,Normal
43,Female,Pants,Clothing,56,Georgia,S,Turquoise,Summer,5.0,No,PayPal,2-Day Shipping,No,41,Debit Card,1,Medium,0,Adult,0,1,-0.7048072057814686,-1.3286232784419674,Family-Oriented Value Buyers,1,Normal
48,Female,Skirt,Clothing,33,Oregon,M,Olive,Fall,2.7,No,Debit Card,Express,No,17,Debit Card,6,Low,0,Adult,0,1,-0.2241715264401936,-2.101442193812379,Occasional Low-Engagement Buyers,1,Normal
62,Female,Sandals,Footwear,57,Alabama,M,Yellow,Winter,4.7,No,Venmo,Next Day Air,No,20,PayPal,3,Medium,0,Middle_Aged,0,1,-0.7389804838209338,-1.4027700401094862,Family-Oriented Value Buyers,1,Normal
65,Female,Blouse,Clothing,31,Hawaii,L,Gray,Winter,4.6,No,Debit Card,Standard,No,18,Credit Card,5,Low,0,Middle_Aged,0,1,-0.28763095899945895,-2.0530804078467826,Occasional Low-Engagement Buyers,1,Normal
50,Female,Socks,Clothing,69,Oregon,M,Purple,Fall,3.2,No,Bank Transfer,2-Day Shipping,No,7,PayPal,6,High,1,Adult,0,3,-1.7189481685013013,-0.0836820866260165,Premium Loyal Customers,1,Normal
60,Female,Jacket,Outerwear,92,Illinois,M,Gray,Winter,4.3,No,Credit Card,Free Shipping,No,47,Bank Transfer,1,Very_High,1,Middle_Aged,0,7,-2.084098104189688,0.6580418532744966,High-Value Premium Buyers,1,Normal
19,Female,Handbag,Accessories,46,Texas,L,Lavender,Fall,4.6,No,Bank Transfer,Next Day Air,No,2,Bank Transfer,5,Medium,0,Youth,0,1,-0.6278314557580786,-1.6967700382256772,Young Trend-Oriented Shoppers,1,Normal
21,Female,Belt,Accessories,81,Kansas,XL,Indigo,Spring,4.9,No,PayPal,Free Shipping,No,25,Debit Card,4,High,1,Youth,0,5,-2.003942790474323,0.39521098884063244,High-Value Premium Buyers,1,Normal
19,Female,Blouse,Clothing,97,Texas,S,Green,Fall,3.8,No,Cash,Express,No,26,Venmo,3,Very_High,1,Youth,0,5,-2.240267192627271,0.7440038360117898,High-Value Premium Buyers,1,Normal
46,Female,Shirt,Clothing,93,Nebraska,L,Green,Summer,2.6,No,PayPal,Express,No,2,Debit Card,2,Very_High,1,Adult,0,3,-2.0661902072230074,0.4633198656438366,High-Value Premium Buyers,1,Normal
21,Female,Handbag,Accessories,56,Arkansas,M,Olive,Spring,4.7,No,Venmo,Store Pickup,No,45,Venmo,5,Medium,0,Youth,0,1,-0.7104996637666685,-1.322233386065066,Young Trend-Oriented Shoppers,1,Normal
26,Female,Scarf,Accessories,53,South Dakota,M,Charcoal,Fall,4.1,No,PayPal,Free Shipping,No,9,Bank Transfer,5,Medium,0,Young_Adult,0,1,-0.7223519942191554,-1.5346898500583703,Young Trend-Oriented Shoppers,1,Normal
50,Female,Coat,Outerwear,66,Montana,L,Gray,Spring,3.7,No,Debit Card,Store Pickup,No,1,Venmo,2,High,1,Adult,0,5,-1.6386019109906518,-0.1511846461656258,Premium Loyal Customers,1,Normal
43,Female,Hoodie,Clothing,50,Florida,M,Olive,Fall,3.0,No,Credit Card,Free Shipping,No,4,PayPal,5,Medium,0,Adult,0,1,-0.5976974147269607,-1.7050204177107207,Family-Oriented Value Buyers,1,Normal
61,Female,Shorts,Clothing,97,Virginia,L,Blue,Summer,4.7,No,Venmo,Standard,No,31,Debit Card,4,Very_High,1,Middle_Aged,0,7,-2.1943423590946307,0.758759972263105,High-Value Premium Buyers,1,Normal
63,Female,Sandals,Footwear,79,Louisiana,XL,Silver,Winter,4.7,No,Cash,2-Day Shipping,No,21,Credit Card,7,High,1,Middle_Aged,0,3,-1.9235433426118511,0.2987247059624199,Premium Loyal Customers,1,Normal
46,Female,Shirt,Clothing,76,Louisiana,M,Magenta,Fall,4.0,No,Venmo,Store Pickup,No,32,Debit Card,1,High,1,Adult,0,3,-1.8354545079021654,0.23728769298143962,Premium Loyal Customers,1,Normal
63,Female,Hoodie,Clothing,38,Louisiana,L,Black,Fall,2.6,No,Credit Card,Standard,No,16,Venmo,2,Low,0,Middle_Aged,0,1,-0.2764159125136566,-2.008720131487351,Occasional Low-Engagement Buyers,1,Normal
23,Female,Socks,Clothing,45,Georgia,M,Pink,Fall,3.0,No,Debit Card,Express,No,34,Credit Card,1,Medium,0,Youth,0,1,-0.4650641102419997,-1.7384461620447502,Young Trend-Oriented Shoppers,1,Normal
57,Female,Handbag,Accessories,77,Iowa,XL,Red,Fall,3.3,No,PayPal,Next Day Air,No,40,Venmo,5,High,1,Middle_Aged,0,7,-1.7632737193427042,0.21990678982126347,Premium Loyal Customers,1,Normal
57,Female,Jewelry,Accessories,51,California,M,Peach,Summer,3.4,No,Venmo,Standard,No,4,Cash,7,Medium,0,Middle_Aged,0,1,-0.5699974737424078,-1.6714373913120426,Family-Oriented Value Buyers,1,Normal
33,Female,Coat,Outerwear,26,Oregon,L,Lavender,Spring,4.0,No,Venmo,Standard,No,3,Cash,4,Low,0,Young_Adult,0,1,-0.19125172157508857,-2.2307841691851644,Occasional Low-Engagement Buyers,1,Normal
57,Female,Sunglasses,Accessories,76,Maine,L,Lavender,Winter,2.6,No,PayPal,Store Pickup,No,28,Bank Transfer,5,High,1,Middle_Aged,0,7,-1.7221943132310786,0.11679965928792382,Premium Loyal Customers,1,Normal
55,Female,Gloves,Accessories,94,Louisiana,M,Beige,Winter,3.4,No,Credit Card,Free Shipping,No,43,Credit Card,7,Very_High,1,Middle_Aged,0,7,-2.078322459428055,0.6590350727743768,High-Value Premium Buyers,1,Normal
65,Female,Jacket,Outerwear,32,Arkansas,S,Indigo,Fall,4.4,No,PayPal,Standard,No,20,Cash,3,Low,0,Middle_Aged,0,1,-0.2771375488615916,-2.0333252706422646,Occasional Low-Engagement Buyers,1,Normal
60,Female,Sandals,Footwear,20,Maryland,S,Cyan,Summer,4.7,No,PayPal,Express,No,40,Venmo,7,Low,0,Middle_Aged,0,1,-0.03667950852527446,-2.2367438487945206,Occasional Low-Engagement Buyers,1,Normal
52,Female,Pants,Clothing,20,Vermont,M,Yellow,Summer,4.5,No,PayPal,Store Pickup,No,34,Venmo,7,Low,0,Middle_Aged,0,1,-0.0526179419930253,-2.276166472612325,Occasional Low-Engagement Buyers,1,Normal
34,Female,Jacket,Outerwear,59,North Dakota,M,Peach,Fall,2.9,No,Cash,Store Pickup,No,11,Bank Transfer,7,Medium,0,Young_Adult,0,1,-0.7115679905847718,-1.4688378886120979,Young Trend-Oriented Shoppers,1,Normal
33,Female,Sweater,Clothing,97,Michigan,M,Yellow,Summer,4.2,No,Cash,Express,No,26,Cash,4,Very_High,1,Young_Adult,0,5,-2.219077292368046,0.7325256502067776,High-Value Premium Buyers,1,Normal
58,Female,T-shirt,Clothing,68,Arkansas,M,Orange,Spring,4.1,No,Credit Card,Next Day Air,No,29,Cash,5,High,1,Middle_Aged,0,7,-1.6909227505870132,0.0214906461011551,Premium Loyal Customers,1,Normal
35,Female,Boots,Footwear,66,Kentucky,L,Gray,Spring,4.4,No,Venmo,Store Pickup,No,47,Bank Transfer,2,High,1,Young_Adult,0,3,-1.6397958939442785,0.05624674038249711,Premium Loyal Customers,1,Normal
68,Female,Shoes,Footwear,85,Indiana,L,Yellow,Spring,4.7,No,Bank Transfer,Free Shipping,No,48,Venmo,1,Very_High,1,Senior,0,7,-1.9374798324807856,0.5028901293183525,High-Value Premium Buyers,1,Normal
58,Female,Skirt,Clothing,32,Minnesota,M,Gray,Fall,3.1,No,Bank Transfer,Next Day Air,No,29,Cash,5,Low,0,Middle_Aged,0,1,-0.21268550870381098,-2.0769767564965074,Occasional Low-Engagement Buyers,1,Normal
34,Female,Coat,Outerwear,44,Louisiana,M,Turquoise,Spring,2.7,No,Cash,2-Day Shipping,No,14,Bank Transfer,6,Medium,0,Young_Adult,0,1,-0.41096020064899924,-1.8510509351523734,Young Trend-Oriented Shoppers,1,Normal
47,Female,Blouse,Clothing,95,Kentucky,L,Gray,Fall,4.6,No,Venmo,Next Day Air,No,40,Cash,7,Very_High,1,Adult,0,3,-2.184502052341058,0.7437471183473746,High-Value Premium Buyers,1,Normal
35,Female,Sunglasses,Accessories,85,Georgia,M,Olive,Winter,4.4,No,Venmo,Next Day Air,No,4,Venmo,2,Very_High,1,Young_Adult,0,5,-2.0539289470544935,0.3975371135591337,High-Value Premium Buyers,1,Normal
34,Female,Gloves,Accessories,44,Alaska,XL,Peach,Summer,4.6,No,Debit Card,Free Shipping,No,37,Bank Transfer,2,Medium,0,Young_Adult,0,1,-0.49738829651154326,-1.6656026961839794,Young Trend-Oriented Shoppers,1,Normal
36,Female,Sunglasses,Accessories,30,Mississippi,S,Peach,Winter,4.9,No,Venmo,Express,No,47,Credit Card,5,Low,0,Adult,0,1,-0.2739278626558603,-1.9148229424790746,Occasional Low-Engagement Buyers,1,Normal
23,Female,Sneakers,Footwear,21,Kansas,L,Magenta,Winter,4.0,No,PayPal,2-Day Shipping,No,1,Venmo,4,Low,0,Youth,0,1,-0.14633672469834735,-2.351074669245728,Occasional Low-Engagement Buyers,1,Normal
68,Female,Hoodie,Clothing,22,Arizona,M,Purple,Summer,2.9,No,Debit Card,Store Pickup,No,26,Cash,4,Low,0,Senior,0,1,0.011687905865250134,-2.3573331531394057,Occasional Low-Engagement Buyers,1,Normal
23,Female,Boots,Footwear,70,Maine,L,Beige,Spring,2.6,No,Bank Transfer,Free Shipping,No,12,Debit Card,4,High,1,Youth,0,5,-1.6799605762669758,-0.04407382873390642,Premium Loyal Customers,1,Normal
57,Female,Handbag,Accessories,29,Texas,XL,Purple,Spring,4.6,No,Debit Card,Standard,No,16,PayPal,1,Low,0,Middle_Aged,0,1,-0.23587988273910626,-2.109148242996879,Occasional Low-Engagement Buyers,1,Normal
21,Female,Shirt,Clothing,83,Virginia,S,Yellow,Winter,4.9,No,Bank Transfer,Free Shipping,No,19,PayPal,3,Very_High,1,Youth,0,5,-2.0756019992117793,0.4355705796747058,High-Value Premium Buyers,1,Normal
45,Female,Sweater,Clothing,99,North Dakota,M,Pink,Winter,4.3,No,Cash,Express,No,21,Credit Card,2,Very_High,1,Adult,0,3,-2.269524762279921,0.772414585207414,High-Value Premium Buyers,1,Normal
37,Female,Shorts,Clothing,35,West Virginia,L,Purple,Fall,4.3,No,Credit Card,Free Shipping,No,15,Venmo,2,Low,0,Adult,0,1,-0.3825227386360305,-1.9470174097725272,Occasional Low-Engagement Buyers,1,Normal
18,Female,Belt,Accessories,40,North Carolina,M,Lavender,Winter,4.6,No,Debit Card,Free Shipping,No,9,Venmo,3,Medium,0,Youth,0,1,-0.5111259138949611,-1.8217637615177171,Young Trend-Oriented Shoppers,1,Normal
55,Female,Blouse,Clothing,25,Georgia,M,Peach,Spring,2.6,No,Venmo,Express,No,7,Bank Transfer,5,Low,0,Middle_Aged,0,1,-0.10249240031913355,-2.3332186929230634,Occasional Low-Engagement Buyers,1,Normal
52,Female,T-shirt,Clothing,64,New Mexico,L,Orange,Fall,3.1,No,Cash,2-Day Shipping,No,47,Bank Transfer,4,High,1,Middle_Aged,0,7,-1.5398242751235234,-0.0757746889774465,Premium Loyal Customers,1,Normal
49,Female,Belt,Accessories,90,North Carolina,M,Red,Fall,3.1,No,Venmo,Store Pickup,No,17,PayPal,6,Very_High,1,Adult,0,3,-2.039419457742076,0.4697956353981714,High-Value Premium Buyers,1,Normal
56,Female,Socks,Clothing,88,Alabama,L,Red,Fall,3.1,No,Bank Transfer,Next Day Air,No,46,Venmo,1,Very_High,1,Middle_Aged,0,7,-1.9222760376099122,0.4766630468293837,High-Value Premium Buyers,1,Normal
27,Female,Belt,Accessories,55,Connecticut,M,Gold,Winter,4.4,No,Venmo,Standard,No,32,Cash,4,Medium,0,Young_Adult,0,1,-0.7071047436436687,-1.404569710893302,Young Trend-Oriented Shoppers,1,Normal
22,Female,Handbag,Accessories,90,Montana,M,Brown,Fall,4.3,No,PayPal,Free Shipping,No,34,Cash,3,Very_High,1,Youth,0,5,-2.135697215021464,0.5911974380296294,High-Value Premium Buyers,1,Normal
18,Female,Shirt,Clothing,50,Montana,M,Black,Winter,3.1,No,Cash,2-Day Shipping,No,18,Cash,6,Medium,0,Youth,0,1,-0.5922584675675622,-1.6415034808054876,Young Trend-Oriented Shoppers,1,Normal
21,Female,Belt,Accessories,34,Maine,L,Red,Fall,3.1,No,Bank Transfer,Store Pickup,No,5,Debit Card,1,Low,0,Youth,0,1,-0.2991639615692625,-2.05766904342637,Occasional Low-Engagement Buyers,1,Normal
30,Female,Jewelry,Accessories,77,Mississippi,M,Gray,Winter,4.9,No,PayPal,2-Day Shipping,No,44,Credit Card,6,High,1,Young_Adult,0,3,-1.9051634515891163,0.3436282547816844,Premium Loyal Customers,1,Normal
62,Female,Hat,Accessories,89,Louisiana,L,Pink,Winter,2.9,No,PayPal,Store Pickup,No,4,Bank Transfer,4,Very_High,1,Middle_Aged,0,3,-1.9990852226648903,0.38106432577865035,High-Value Premium Buyers,1,Normal
28,Female,Backpack,Accessories,87,Nebraska,XL,Turquoise,Fall,3.8,No,Debit Card,Next Day Air,No,37,Cash,1,Very_High,1,Young_Adult,0,3,-1.9971362359461728,0.4983327128315584,High-Value Premium Buyers,1,Normal
66,Female,Dress,Clothing,77,Massachusetts,S,Charcoal,Winter,4.2,No,Cash,2-Day Shipping,No,43,Cash,6,High,1,Senior,0,7,-1.8144885268235174,0.29957864986966554,Premium Loyal Customers,1,Normal
66,Female,Shoes,Footwear,85,Wisconsin,L,Blue,Winter,3.9,No,Credit Card,Standard,No,28,Bank Transfer,4,Very_High,1,Senior,0,7,-1.948988445897302,0.4069315810842029,High-Value Premium Buyers,1,Normal
49,Female,Pants,Clothing,66,Nebraska,XL,Turquoise,Summer,2.8,No,Bank Transfer,Express,No,36,Cash,6,High,1,Adult,0,7,-1.5461187126118805,-0.0945837528737726,Premium Loyal Customers,1,Normal
40,Female,Dress,Clothing,32,Arizona,L,Silver,Winter,2.6,No,Cash,Standard,No,16,Credit Card,3,Low,0,Adult,0,1,-0.20278274108925626,-2.1279734587752976,Occasional Low-Engagement Buyers,1,Normal
49,Female,Jacket,Outerwear,92,Hawaii,M,Lavender,Spring,3.0,No,PayPal,Store Pickup,No,38,Bank Transfer,7,Very_High,1,Adult,0,7,-2.0017212493392607,0.5434929715015353,High-Value Premium Buyers,1,Normal
19,Female,Shirt,Clothing,80,Georgia,M,Gold,Winter,2.7,No,Debit Card,Next Day Air,No,37,Bank Transfer,1,High,1,Youth,0,3,-1.8314756508121313,0.2625821364995166,High-Value Premium Buyers,-1,Anomaly
24,Female,Dress,Clothing,78,Oregon,M,Blue,Fall,2.8,No,Venmo,2-Day Shipping,No,9,Cash,5,High,1,Youth,0,5,-1.8876298043587298,0.15593678081766077,Premium Loyal Customers,1,Normal
31,Female,Jeans,Clothing,24,Montana,M,Orange,Spring,2.9,No,Bank Transfer,2-Day Shipping,No,14,PayPal,1,Low,0,Young_Adult,0,1,-0.10368594978097771,-2.315187357488809,Occasional Low-Engagement Buyers,1,Normal
35,Female,T-shirt,Clothing,59,Georgia,M,White,Fall,3.8,No,Venmo,Free Shipping,No,3,Venmo,2,Medium,0,Young_Adult,0,1,-0.8042429082911773,-1.4235726241323494,Family-Oriented Value Buyers,1,Normal
65,Female,Sunglasses,Accessories,41,Rhode Island,XL,Charcoal,Spring,4.4,No,Debit Card,Express,No,10,Credit Card,1,Medium,0,Middle_Aged,0,1,-0.43710910307123574,-1.83441466105465,Family-Oriented Value Buyers,1,Normal
68,Female,Jewelry,Accessories,26,Tennessee,M,Maroon,Spring,3.1,No,Credit Card,Express,No,26,Bank Transfer,5,Low,0,Senior,0,1,-0.08515668148997736,-2.229390683230215,Occasional Low-Engagement Buyers,1,Normal
57,Female,Socks,Clothing,52,Missouri,M,Olive,Fall,3.7,No,Venmo,Standard,No,30,Debit Card,5,Medium,0,Middle_Aged,0,1,-0.5951796494227631,-1.5401196902990275,Family-Oriented Value Buyers,1,Normal
69,Female,Skirt,Clothing,46,Washington,L,Teal,Summer,4.9,No,Cash,Next Day Air,No,32,PayPal,1,Medium,0,Senior,0,1,-0.4995027054219655,-1.635176064428077,Family-Oriented Value Buyers,-1,Anomaly
45,Female,Pants,Clothing,52,Oklahoma,L,Orange,Winter,3.8,No,PayPal,Store Pickup,No,35,PayPal,6,Medium,0,Adult,0,1,-0.5771926337087759,-1.5298096178522536,Family-Oriented Value Buyers,1,Normal
35,Female,Socks,Clothing,42,Connecticut,M,Maroon,Fall,3.4,No,Debit Card,Store Pickup,No,26,Debit Card,7,Medium,0,Young_Adult,0,1,-0.42976643072472165,-1.8114196419363275,Family-Oriented Value Buyers,1,Normal
36,Female,Sandals,Footwear,37,Arkansas,XL,Turquoise,Spring,4.6,No,Cash,2-Day Shipping,No,39,Credit Card,6,Low,0,Adult,0,1,-0.374804214765133,-1.824647502444089,Occasional Low-Engagement Buyers,1,Normal
55,Female,Belt,Accessories,52,Missouri,L,Beige,Fall,3.2,No,Credit Card,Standard,No,31,Credit Card,6,Medium,0,Middle_Aged,0,1,-0.5399126673754518,-1.5726852313616948,Family-Oriented Value Buyers,1,Normal
66,Female,Sandals,Footwear,34,Washington,L,Beige,Spring,2.7,No,Cash,Free Shipping,No,28,Credit Card,3,Low,0,Senior,0,1,-0.18306627583159657,-2.0627906579279207,Occasional Low-Engagement Buyers,1,Normal
57,Female,Shorts,Clothing,88,Idaho,M,Olive,Spring,4.3,No,Debit Card,Free Shipping,No,12,Debit Card,5,Very_High,1,Middle_Aged,0,3,-2.079132499992787,0.4622313040484308,High-Value Premium Buyers,1,Normal
18,Female,Handbag,Accessories,88,Montana,L,Turquoise,Fall,3.8,No,Cash,Standard,No,46,PayPal,2,Very_High,1,Youth,0,3,-2.009817184711797,0.5458180062537517,High-Value Premium Buyers,1,Normal
31,Female,Jacket,Outerwear,51,Montana,M,Charcoal,Summer,4.4,No,Cash,Free Shipping,No,27,PayPal,7,Medium,0,Young_Adult,0,1,-0.6269091740656096,-1.5381512786545604,Young Trend-Oriented Shoppers,1,Normal
50,Female,Sunglasses,Accessories,97,Georgia,L,Green,Fall,3.6,No,PayPal,Free Shipping,No,4,Credit Card,3,Very_High,1,Adult,0,3,-2.226717260654562,0.6261268135734577,High-Value Premium Buyers,1,Normal
50,Female,Sneakers,Footwear,56,Mississippi,M,Green,Winter,3.5,No,Debit Card,Standard,No,14,Cash,7,Medium,0,Adult,0,1,-0.6642585400441089,-1.505888576597738,Family-Oriented Value Buyers,1,Normal
61,Female,Sweater,Clothing,53,Hawaii,L,Green,Spring,4.2,No,Credit Card,2-Day Shipping,No,30,Venmo,4,Medium,0,Middle_Aged,0,1,-0.612873864733596,-1.496103389453016,Family-Oriented Value Buyers,1,Normal
52,Female,Skirt,Clothing,71,Ohio,L,Gold,Fall,4.7,No,Credit Card,Express,No,6,PayPal,3,High,1,Middle_Aged,0,5,-1.8443281053820912,0.06797846099983249,Premium Loyal Customers,1,Normal
38,Female,Jewelry,Accessories,93,Virginia,S,Cyan,Winter,4.8,No,PayPal,Store Pickup,No,43,Venmo,3,Very_High,1,Adult,0,3,-2.144154161407627,0.7339791382241663,High-Value Premium Buyers,1,Normal
67,Female,Blouse,Clothing,72,Texas,L,Indigo,Winter,3.2,No,Credit Card,Free Shipping,No,28,Debit Card,2,High,1,Senior,0,7,-1.6938666285002446,0.056189643769025154,Premium Loyal Customers,1,Normal
42,Female,Blouse,Clothing,59,Vermont,M,Lavender,Winter,3.5,No,Venmo,Standard,No,39,Bank Transfer,6,Medium,0,Adult,0,1,-0.6994697427102433,-1.362644099752153,Family-Oriented Value Buyers,1,Normal
25,Female,Boots,Footwear,87,Kansas,M,Beige,Summer,4.2,No,PayPal,Store Pickup,No,30,PayPal,5,Very_High,1,Youth,0,5,-2.051061708841973,0.49528812803128935,High-Value Premium Buyers,1,Normal
41,Female,Jeans,Clothing,78,California,S,Purple,Fall,3.4,No,Bank Transfer,Free Shipping,No,5,Credit Card,1,High,1,Adult,0,5,-1.8937793979832442,0.17755758454257112,Premium Loyal Customers,1,Normal
62,Female,Hoodie,Clothing,68,Mississippi,XL,Maroon,Winter,4.7,No,Bank Transfer,Store Pickup,No,42,Credit Card,7,High,1,Middle_Aged,0,7,-1.695770533414544,0.09359523296770192,Premium Loyal Customers,1,Normal
19,Female,Sweater,Clothing,76,Iowa,S,Maroon,Fall,3.0,No,Credit Card,Free Shipping,No,20,Cash,1,High,1,Youth,0,5,-1.8357621438440601,0.16628073790741976,Premium Loyal Customers,1,Normal
63,Female,Gloves,Accessories,99,Virginia,L,Teal,Winter,4.0,No,PayPal,Express,No,35,Credit Card,1,Very_High,1,Middle_Aged,0,7,-2.1801557232089546,0.7812708270495227,High-Value Premium Buyers,1,Normal
43,Female,Sneakers,Footwear,52,Maryland,L,Gold,Summer,4.6,No,Debit Card,Standard,No,10,Credit Card,5,Medium,0,Adult,0,1,-0.6604116713011984,-1.5634915168438843,Family-Oriented Value Buyers,1,Normal
68,Female,Sunglasses,Accessories,58,Missouri,S,Red,Spring,4.9,No,Debit Card,Next Day Air,No,36,Credit Card,4,Medium,0,Senior,0,1,-0.7026545044207873,-1.31750105721375,Family-Oriented Value Buyers,1,Normal
24,Female,Belt,Accessories,59,Wisconsin,L,Maroon,Winter,2.8,No,Debit Card,Express,No,21,Debit Card,1,Medium,0,Youth,0,1,-0.6675080231700962,-1.4321297569196898,Young Trend-Oriented Shoppers,1,Normal
27,Female,Sweater,Clothing,71,Maine,M,Teal,Spring,3.2,No,Bank Transfer,Free Shipping,No,29,Credit Card,7,High,1,Young_Adult,0,3,-1.7209268298531495,0.04953547575152259,Premium Loyal Customers,1,Normal
61,Female,Gloves,Accessories,94,Pennsylvania,L,Peach,Winter,2.8,No,Cash,Free Shipping,No,39,Debit Card,2,Very_High,1,Middle_Aged,0,7,-2.0137511984624585,0.6098029050926735,High-Value Premium Buyers,1,Normal
59,Female,Handbag,Accessories,40,Maine,XL,Pink,Winter,4.2,No,PayPal,Express,No,16,PayPal,6,Medium,0,Middle_Aged,0,1,-0.4260550912106213,-1.8569750411830213,Family-Oriented Value Buyers,1,Normal
67,Female,Socks,Clothing,24,Missouri,L,Black,Spring,4.8,No,PayPal,Free Shipping,No,32,Credit Card,6,Low,0,Senior,0,1,-0.14464509691533506,-2.184459133662232,Occasional Low-Engagement Buyers,1,Normal
46,Female,Pants,Clothing,38,Vermont,S,Indigo,Fall,2.8,No,Credit Card,2-Day Shipping,No,34,Cash,6,Low,0,Adult,0,1,-0.30203880834731633,-1.9125458025287947,Occasional Low-Engagement Buyers,1,Normal
65,Female,Scarf,Accessories,37,Wisconsin,L,Green,Fall,4.5,No,Bank Transfer,Standard,No,38,Venmo,3,Low,0,Middle_Aged,0,1,-0.3310951644005374,-1.848951933225185,Occasional Low-Engagement Buyers,1,Normal
63,Female,Coat,Outerwear,29,New Jersey,L,Teal,Spring,4.1,No,Cash,Express,No,14,Venmo,3,Low,0,Middle_Aged,0,1,-0.1846659400376987,-2.1387594771306224,Occasional Low-Engagement Buyers,1,Normal
57,Female,Jacket,Outerwear,92,New Mexico,XL,Lavender,Fall,4.3,No,Credit Card,Free Shipping,No,23,Debit Card,5,Very_High,1,Middle_Aged,0,3,-2.1433941915114456,0.6089436712845223,High-Value Premium Buyers,1,Normal
40,Female,Hoodie,Clothing,24,Colorado,XL,Magenta,Fall,4.4,No,Debit Card,2-Day Shipping,No,50,Bank Transfer,7,Low,0,Adult,0,1,-0.13613860497609043,-2.1281565604935606,Occasional Low-Engagement Buyers,1,Normal
36,Female,Boots,Footwear,52,California,M,Brown,Winter,3.0,No,Debit Card,Free Shipping,No,49,PayPal,6,Medium,0,Adult,0,1,-0.5268835599571652,-1.5371998017330162,Family-Oriented Value Buyers,1,Normal
67,Female,Socks,Clothing,29,Arizona,XL,Beige,Summer,2.7,No,Debit Card,Next Day Air,No,14,PayPal,3,Low,0,Senior,0,1,-0.12019750894347246,-2.241519539597629,Occasional Low-Engagement Buyers,1,Normal
61,Female,Jewelry,Accessories,30,Indiana,L,Indigo,Winter,3.3,No,PayPal,2-Day Shipping,No,42,PayPal,2,Low,0,Middle_Aged,0,1,-0.12244547935365531,-2.0883889847949497,Occasional Low-Engagement Buyers,1,Normal
64,Female,Shoes,Footwear,31,Arkansas,L,Peach,Fall,4.3,No,Bank Transfer,Standard,No,39,Debit Card,3,Low,0,Middle_Aged,0,1,-0.21813816915118583,-2.0009095248788986,Occasional Low-Engagement Buyers,1,Normal
30,Female,Socks,Clothing,67,Nevada,M,Magenta,Summer,2.9,No,Debit Card,Express,No,43,Venmo,5,High,1,Young_Adult,0,3,-1.591029775900799,-0.0408605811535786,Premium Loyal Customers,1,Normal
53,Female,Pants,Clothing,65,Rhode Island,L,Turquoise,Winter,4.9,No,Credit Card,Standard,No,12,Cash,6,High,1,Middle_Aged,0,3,-1.712984081495109,-0.05556716085520169,Premium Loyal Customers,1,Normal
27,Female,Sneakers,Footwear,22,Wyoming,M,Indigo,Winter,3.6,No,Bank Transfer,2-Day Shipping,No,21,Debit Card,2,Low,0,Young_Adult,0,1,-0.09618285081481422,-2.2828103958385704,Occasional Low-Engagement Buyers,1,Normal
27,Female,Sunglasses,Accessories,56,Texas,M,Brown,Winter,3.3,No,Venmo,Standard,No,33,Credit Card,6,Medium,0,Young_Adult,0,1,-0.6560412748906665,-1.4459531840081619,Young Trend-Oriented Shoppers,1,Normal
53,Female,Skirt,Clothing,78,Washington,M,Yellow,Spring,3.1,No,Bank Transfer,Free Shipping,No,6,Debit Card,3,High,1,Middle_Aged,0,3,-1.8480890761626638,0.13594429952789788,Premium Loyal Customers,1,Normal
34,Female,Coat,Outerwear,90,Rhode Island,M,Magenta,Summer,2.7,No,Bank Transfer,Free Shipping,No,10,PayPal,7,Very_High,1,Young_Adult,0,5,-2.0235255375716754,0.40348560279162293,High-Value Premium Buyers,1,Normal
39,Female,Hoodie,Clothing,85,Illinois,S,Olive,Winter,3.4,No,Debit Card,Next Day Air,No,18,Cash,2,Very_High,1,Adult,0,3,-1.9608987085526157,0.36818558074661034,High-Value Premium Buyers,1,Normal
44,Female,Sunglasses,Accessories,58,Oregon,M,Silver,Fall,3.4,No,PayPal,Express,No,46,Venmo,2,Medium,0,Adult,0,1,-0.6381871534596445,-1.375092188573667,Family-Oriented Value Buyers,1,Normal
37,Female,Skirt,Clothing,34,Florida,M,Teal,Fall,3.9,No,Venmo,Express,No,49,PayPal,6,Low,0,Adult,0,1,-0.28682458591681387,-1.9020950171624507,Occasional Low-Engagement Buyers,1,Normal
57,Female,Coat,Outerwear,40,Kansas,L,White,Summer,3.5,No,Bank Transfer,2-Day Shipping,No,39,Credit Card,2,Medium,0,Middle_Aged,0,1,-0.30709328916911127,-1.8514057639806343,Family-Oriented Value Buyers,1,Normal
38,Female,Handbag,Accessories,29,North Dakota,M,Blue,Fall,4.1,No,PayPal,Free Shipping,No,16,Cash,6,Low,0,Adult,0,1,-0.27048993192986825,-2.1187736190120976,Occasional Low-Engagement Buyers,1,Normal
21,Female,T-shirt,Clothing,76,New Hampshire,M,Yellow,Winter,3.2,No,Credit Card,Standard,No,28,Cash,3,High,1,Youth,0,5,-1.8287016618064464,0.1809385349074578,Premium Loyal Customers,1,Normal
45,Female,Sunglasses,Accessories,84,Texas,S,Maroon,Fall,4.6,No,Debit Card,Store Pickup,No,22,PayPal,4,Very_High,1,Adult,0,3,-2.023193331882007,0.43366501639630833,High-Value Premium Buyers,1,Normal
68,Female,Shirt,Clothing,65,Montana,S,Gray,Spring,3.9,No,PayPal,Standard,No,36,Venmo,5,High,1,Senior,0,7,-1.5890980947928033,-0.05234531365300768,Premium Loyal Customers,1,Normal
37,Female,Hoodie,Clothing,80,Delaware,L,Indigo,Winter,2.7,No,Cash,Free Shipping,No,18,PayPal,6,High,1,Adult,0,3,-1.8418042385701006,0.19624045644654656,High-Value Premium Buyers,1,Normal
53,Female,Blouse,Clothing,98,New Hampshire,M,Pink,Fall,3.0,No,Credit Card,Store Pickup,No,31,Credit Card,2,Very_High,1,Middle_Aged,0,7,-2.165808248604128,0.6864715479612671,High-Value Premium Buyers,1,Normal
57,Female,Sneakers,Footwear,71,Minnesota,XL,Beige,Spring,3.3,No,Debit Card,Next Day Air,No,38,Bank Transfer,1,High,1,Middle_Aged,0,7,-1.6324230542304574,0.05629137125340554,Premium Loyal Customers,1,Normal
28,Female,Scarf,Accessories,69,Alaska,XL,White,Fall,2.7,No,Credit Card,Free Shipping,No,42,Debit Card,4,High,1,Young_Adult,0,3,-1.6436848109926316,0.04907100031194662,Premium Loyal Customers,1,Normal
37,Female,Jewelry,Accessories,95,Connecticut,M,Yellow,Spring,4.6,No,Credit Card,2-Day Shipping,No,27,PayPal,3,Very_High,1,Adult,0,3,-2.213880766670254,0.6993654477996822,High-Value Premium Buyers,1,Normal
54,Female,Pants,Clothing,67,Connecticut,M,Teal,Fall,2.7,No,Debit Card,Express,No,24,Cash,6,High,1,Middle_Aged,0,7,-1.6008323522079846,-0.11158033824432667,Premium Loyal Customers,1,Normal
49,Female,Sneakers,Footwear,49,Kansas,M,Olive,Summer,2.5,No,Venmo,Next Day Air,No,38,Debit Card,3,Medium,0,Adult,0,1,-0.41774088655913394,-1.6671365860906577,Family-Oriented Value Buyers,1,Normal
62,Female,Shoes,Footwear,97,Nevada,M,Maroon,Winter,4.4,No,PayPal,Free Shipping,No,9,Credit Card,3,Very_High,1,Middle_Aged,0,3,-2.255414784103303,0.6782099882412628,High-Value Premium Buyers,1,Normal
45,Female,T-shirt,Clothing,34,Massachusetts,M,White,Spring,4.0,No,PayPal,Next Day Air,No,19,Bank Transfer,6,Low,0,Adult,0,1,-0.31305614162334744,-1.9980162071326484,Occasional Low-Engagement Buyers,1,Normal
45,Female,Belt,Accessories,74,Indiana,M,Lavender,Fall,3.8,No,Credit Card,Express,No,11,Debit Card,5,High,1,Adult,0,3,-1.8312387290876082,0.1303960280093881,Premium Loyal Customers,1,Normal
49,Female,Jewelry,Accessories,96,Washington,M,Black,Winter,2.5,No,Bank Transfer,2-Day Shipping,No,16,Debit Card,4,Very_High,1,Adult,0,3,-2.100824092977031,0.5793001531941975,High-Value Premium Buyers,1,Normal
27,Female,Belt,Accessories,68,Kansas,M,Green,Summer,4.0,No,Venmo,Free Shipping,No,18,Venmo,6,High,1,Young_Adult,0,5,-1.7304290174841652,0.0001430082076693054,Premium Loyal Customers,1,Normal
63,Female,Belt,Accessories,84,South Carolina,L,Olive,Fall,4.1,No,Venmo,Next Day Air,No,8,Cash,6,Very_High,1,Middle_Aged,0,3,-1.9783462240649115,0.34678863883562083,High-Value Premium Buyers,1,Normal
61,Female,T-shirt,Clothing,57,Vermont,M,Gray,Summer,2.8,No,Bank Transfer,Express,No,4,Cash,2,Medium,0,Middle_Aged,0,1,-0.6445459897063642,-1.5694880672634066,Family-Oriented Value Buyers,1,Normal
25,Female,Sneakers,Footwear,84,Wyoming,XL,Teal,Fall,3.4,No,PayPal,2-Day Shipping,No,37,Cash,4,Very_High,1,Youth,0,3,-1.9556890393518358,0.41369439913800526,High-Value Premium Buyers,1,Normal
33,Female,Sunglasses,Accessories,32,Colorado,M,Charcoal,Fall,2.7,No,Credit Card,2-Day Shipping,No,30,Cash,6,Low,0,Young_Adult,0,1,-0.21509872477918224,-2.072648220427908,Occasional Low-Engagement Buyers,1,Normal
56,Female,Sandals,Footwear,37,West Virginia,M,Violet,Fall,3.8,No,Credit Card,2-Day Shipping,No,37,Bank Transfer,6,Low,0,Middle_Aged,0,1,-0.33769030112029447,-1.8831877621261999,Occasional Low-Engagement Buyers,1,Normal
50,Female,Handbag,Accessories,58,Connecticut,M,Lavender,Summer,4.4,No,Credit Card,Store Pickup,No,30,PayPal,4,Medium,0,Adult,0,1,-0.7222206839932908,-1.367568484509325,Family-Oriented Value Buyers,1,Normal
45,Female,Socks,Clothing,74,Oregon,S,Beige,Fall,2.8,No,Cash,Express,No,17,Venmo,2,High,1,Adult,0,3,-1.7418603275227378,0.07456235806567474,Premium Loyal Customers,1,Normal
45,Female,Hoodie,Clothing,99,Idaho,L,Black,Summer,5.0,No,Venmo,Store Pickup,No,11,Bank Transfer,7,Very_High,1,Adult,0,5,-2.309039395991055,0.7757807515288433,High-Value Premium Buyers,-1,Anomaly
65,Female,Sweater,Clothing,81,Arkansas,M,Black,Fall,4.7,No,Bank Transfer,Express,No,42,Credit Card,3,High,1,Middle_Aged,0,7,-1.9311185493404155,0.3989728097227619,High-Value Premium Buyers,1,Normal
63,Female,Pants,Clothing,76,Kansas,M,Purple,Fall,3.2,No,PayPal,Next Day Air,No,20,Cash,2,High,1,Middle_Aged,0,7,-1.7819028773520242,0.11507924204475077,Premium Loyal Customers,1,Normal
70,Female,Sneakers,Footwear,98,Michigan,M,Magenta,Summer,2.9,No,Venmo,Store Pickup,No,37,Cash,6,Very_High,1,Senior,0,7,-2.0800296885983323,0.6802767691504704,High-Value Premium Buyers,-1,Anomaly
53,Female,Gloves,Accessories,91,Arkansas,M,Teal,Summer,3.7,No,Venmo,Express,No,12,PayPal,1,Very_High,1,Middle_Aged,0,3,-2.074284354200039,0.5107766276240793,High-Value Premium Buyers,1,Normal
22,Female,T-shirt,Clothing,79,Pennsylvania,S,Teal,Summer,4.2,No,Venmo,Free Shipping,No,41,Bank Transfer,4,High,1,Youth,0,3,-1.9099490411021025,0.37114364701997526,Premium Loyal Customers,1,Normal
26,Female,Backpack,Accessories,83,Virginia,M,Pink,Summer,3.4,No,Credit Card,Express,No,32,Credit Card,4,Very_High,1,Young_Adult,0,3,-1.9307536073876623,0.37296184755887263,High-Value Premium Buyers,1,Normal
23,Female,Coat,Outerwear,90,Minnesota,M,Teal,Spring,2.9,No,Cash,2-Day Shipping,No,15,Venmo,2,Very_High,1,Youth,0,5,-2.027478977284055,0.4494254013717369,High-Value Premium Buyers,1,Normal
25,Female,Coat,Outerwear,20,Nevada,M,Gold,Winter,3.7,No,Debit Card,Standard,No,39,Venmo,4,Low,0,Youth,0,1,-0.022035751004243195,-2.2915007851925697,Occasional Low-Engagement Buyers,1,Normal
69,Female,Sandals,Footwear,21,Montana,L,Brown,Spring,2.7,No,Bank Transfer,Store Pickup,No,48,Credit Card,1,Low,0,Senior,0,1,0.09717018016440178,-2.333780931440476,Occasional Low-Engagement Buyers,-1,Anomaly
36,Female,Backpack,Accessories,60,Nebraska,M,Brown,Fall,3.2,No,Debit Card,2-Day Shipping,No,8,Venmo,1,Medium,0,Adult,0,1,-0.7479219531791139,-1.4414639532290965,Premium Loyal Customers,1,Normal
21,Female,Sweater,Clothing,31,Indiana,S,Magenta,Winter,4.9,No,Venmo,Store Pickup,No,11,Bank Transfer,7,Low,0,Youth,0,1,-0.3677068614658944,-1.9888276477435134,Occasional Low-Engagement Buyers,1,Normal
57,Female,Shorts,Clothing,40,New Jersey,M,Black,Fall,2.8,No,Cash,Next Day Air,No,36,Bank Transfer,6,Medium,0,Middle_Aged,0,1,-0.3077977434566848,-1.8822019513533668,Family-Oriented Value Buyers,1,Normal
60,Female,Sunglasses,Accessories,26,Wisconsin,L,Teal,Winter,4.7,No,Cash,Free Shipping,No,50,Venmo,7,Low,0,Middle_Aged,0,1,-0.13139605175477748,-2.0540998893757205,Occasional Low-Engagement Buyers,1,Normal
44,Female,Shirt,Clothing,98,Minnesota,M,Brown,Fall,3.3,No,PayPal,Express,No,39,Venmo,7,Very_High,1,Adult,0,7,-2.16249208401426,0.7294406351456237,High-Value Premium Buyers,1,Normal
31,Female,Shoes,Footwear,51,New Jersey,M,Magenta,Spring,4.3,No,Debit Card,Express,No,11,Credit Card,5,Medium,0,Young_Adult,0,1,-0.6627719384474619,-1.5851462460279104,Young Trend-Oriented Shoppers,1,Normal
57,Female,Hat,Accessories,95,Oklahoma,XL,Indigo,Fall,3.7,No,PayPal,2-Day Shipping,No,5,Debit Card,7,Very_High,1,Middle_Aged,0,3,-2.172960980287242,0.5956046966068457,High-Value Premium Buyers,1,Normal
39,Female,Scarf,Accessories,36,Wisconsin,M,Violet,Summer,4.5,No,Bank Transfer,2-Day Shipping,No,7,Credit Card,3,Low,0,Adult,0,1,-0.41103470715830975,-1.9499835999838915,Occasional Low-Engagement Buyers,1,Normal
48,Female,Belt,Accessories,52,Rhode Island,L,Cyan,Winter,3.4,No,Bank Transfer,Store Pickup,No,50,Debit Card,2,Medium,0,Adult,0,1,-0.5036606903469126,-1.494852070224045,Family-Oriented Value Buyers,1,Normal
42,Female,T-shirt,Clothing,35,Indiana,M,Violet,Spring,2.7,No,Cash,Standard,No,21,Cash,7,Low,0,Adult,0,1,-0.2469244408243571,-2.036224681385465,Occasional Low-Engagement Buyers,1,Normal
56,Female,Shorts,Clothing,68,Vermont,S,Black,Fall,4.4,No,PayPal,Express,No,31,Debit Card,1,High,1,Middle_Aged,0,3,-1.7045472796684376,0.06240816183227531,Premium Loyal Customers,1,Normal
28,Female,Pants,Clothing,50,Maine,S,Charcoal,Winter,4.0,No,PayPal,Express,No,39,Cash,5,Medium,0,Young_Adult,0,1,-0.5879624873009504,-1.5170341400906142,Young Trend-Oriented Shoppers,1,Normal
40,Female,Sunglasses,Accessories,100,Alabama,M,White,Winter,3.2,No,Credit Card,Express,No,28,Credit Card,1,Very_High,1,Adult,0,3,-2.2060428390050455,0.7647397498492712,High-Value Premium Buyers,1,Normal
49,Female,Coat,Outerwear,74,Alabama,S,Gray,Winter,4.2,No,Bank Transfer,Next Day Air,No,33,Bank Transfer,2,High,1,Adult,0,3,-1.7720027906357223,0.18914055314400238,Premium Loyal Customers,1,Normal
37,Female,Hoodie,Clothing,45,Idaho,L,Pink,Winter,3.0,No,Debit Card,Store Pickup,No,42,Credit Card,4,Medium,0,Adult,0,1,-0.4083660074389134,-1.7232424510793556,Family-Oriented Value Buyers,1,Normal
22,Female,Dress,Clothing,97,Arkansas,M,Cyan,Fall,2.8,No,Cash,Free Shipping,No,5,Bank Transfer,7,Very_High,1,Youth,0,5,-2.2179680379152424,0.6103420952109003,High-Value Premium Buyers,-1,Anomaly
27,Female,Blouse,Clothing,60,Ohio,M,Blue,Winter,4.9,No,Venmo,Express,No,25,Cash,6,Medium,0,Young_Adult,0,1,-0.8560330247584529,-1.2741594970893886,Premium Loyal Customers,1,Normal
59,Female,Socks,Clothing,25,Illinois,M,Indigo,Winter,4.7,No,Cash,Express,No,48,PayPal,3,Low,0,Middle_Aged,0,1,-0.14747397887786257,-2.0973128475423195,Occasional Low-Engagement Buyers,1,Normal
35,Female,Socks,Clothing,55,Nevada,XL,Magenta,Spring,4.4,No,Debit Card,Standard,No,30,Credit Card,2,Medium,0,Young_Adult,0,1,-0.6915155366401087,-1.4434185714777077,Family-Oriented Value Buyers,1,Normal
58,Female,Shoes,Footwear,99,Texas,M,Lavender,Winter,3.1,No,Bank Transfer,Next Day Air,No,34,PayPal,4,Very_High,1,Middle_Aged,0,7,-2.1439537524320276,0.7170263778801803,High-Value Premium Buyers,1,Normal
58,Female,Belt,Accessories,45,Nevada,S,Orange,Summer,2.6,No,Credit Card,Free Shipping,No,34,PayPal,7,Medium,0,Middle_Aged,0,1,-0.3675713279327789,-1.7590962781797708,Family-Oriented Value Buyers,1,Normal
46,Female,Sweater,Clothing,20,Oklahoma,M,Cyan,Spring,3.9,No,Credit Card,Store Pickup,No,14,Cash,1,Low,0,Adult,0,1,-0.07155136033229163,-2.34785888750363,Occasional Low-Engagement Buyers,1,Normal
43,Female,Pants,Clothing,88,Alabama,XL,Green,Summer,2.6,No,Venmo,2-Day Shipping,No,2,Debit Card,2,Very_High,1,Adult,0,5,-1.999242216309512,0.3584351573076882,High-Value Premium Buyers,1,Normal
39,Female,Scarf,Accessories,99,South Dakota,M,White,Summer,4.0,No,Credit Card,Store Pickup,No,41,PayPal,7,Very_High,1,Adult,0,3,-2.2015923304479146,0.8124928689752607,High-Value Premium Buyers,1,Normal
59,Female,Skirt,Clothing,86,Texas,M,Blue,Spring,4.9,No,Cash,Store Pickup,No,3,Credit Card,6,Very_High,1,Middle_Aged,0,5,-2.094309062848666,0.4197846170389053,High-Value Premium Buyers,1,Normal
59,Female,Dress,Clothing,70,Montana,M,Black,Summer,3.3,No,Debit Card,2-Day Shipping,No,18,Bank Transfer,2,High,1,Middle_Aged,0,3,-1.6822622106147471,-0.037089555133564545,Premium Loyal Customers,1,Normal
59,Female,Hat,Accessories,50,Wyoming,S,Red,Fall,3.0,No,Credit Card,Express,No,1,Debit Card,1,Medium,0,Middle_Aged,0,1,-0.5442009194344678,-1.6817285075425108,Family-Oriented Value Buyers,1,Normal
45,Female,Handbag,Accessories,57,New York,L,Red,Winter,2.7,No,Credit Card,Next Day Air,No,5,PayPal,6,Medium,0,Adult,0,1,-0.6435668008542005,-1.55508079480978,Family-Oriented Value Buyers,1,Normal
27,Female,Pants,Clothing,69,Oregon,L,Gold,Winter,3.1,No,Debit Card,Free Shipping,No,41,Bank Transfer,3,High,1,Young_Adult,0,3,-1.6525756935735185,0.025267809271499207,Premium Loyal Customers,1,Normal
24,Female,T-shirt,Clothing,94,California,M,Red,Fall,4.8,No,Bank Transfer,Next Day Air,No,5,Credit Card,6,Very_High,1,Youth,0,5,-2.279211971451481,0.641188638420907,High-Value Premium Buyers,1,Normal
47,Female,Jacket,Outerwear,24,North Carolina,L,Purple,Spring,2.9,No,Credit Card,Express,No,10,Debit Card,7,Low,0,Adult,0,1,-0.06184585126912044,-2.3202174641668156,Occasional Low-Engagement Buyers,1,Normal
70,Female,Scarf,Accessories,79,Kentucky,L,White,Spring,4.5,No,Debit Card,2-Day Shipping,No,20,Venmo,3,High,1,Senior,0,7,-1.8713001312631454,0.2624248750878627,Premium Loyal Customers,1,Normal
58,Female,Hat,Accessories,31,Hawaii,XL,Magenta,Fall,4.6,No,PayPal,Free Shipping,No,11,Cash,2,Low,0,Middle_Aged,0,1,-0.31323595518670905,-2.057184149666668,Occasional Low-Engagement Buyers,1,Normal
45,Female,Jacket,Outerwear,67,Illinois,L,Pink,Winter,5.0,No,Venmo,Express,No,4,Venmo,1,High,1,Adult,0,5,-1.7647123162382021,-0.014021214819939905,Premium Loyal Customers,1,Normal
24,Female,Skirt,Clothing,63,West Virginia,L,Black,Spring,4.3,No,PayPal,2-Day Shipping,No,38,Credit Card,2,High,1,Youth,0,3,-1.6293840519858422,-0.06038846313193057,Premium Loyal Customers,1,Normal
67,Female,Handbag,Accessories,61,South Carolina,XL,White,Spring,4.9,No,Debit Card,Next Day Air,No,19,Credit Card,5,High,1,Senior,0,3,-1.60077944153438,-0.14105434623911475,Premium Loyal Customers,1,Normal
31,Female,Backpack,Accessories,50,Montana,M,Maroon,Summer,4.0,No,Venmo,2-Day Shipping,No,16,Venmo,7,Medium,0,Young_Adult,0,1,-0.6071937562819453,-1.600959829246507,Young Trend-Oriented Shoppers,1,Normal
52,Female,Coat,Outerwear,82,North Dakota,L,Black,Spring,3.1,No,Bank Transfer,Free Shipping,No,2,PayPal,6,Very_High,1,Middle_Aged,0,3,-1.8935740553551856,0.19970150731560724,High-Value Premium Buyers,1,Normal
29,Female,Belt,Accessories,51,New Mexico,L,Olive,Fall,2.6,No,Bank Transfer,2-Day Shipping,No,11,Cash,6,Medium,0,Young_Adult,0,1,-0.5572501909947403,-1.6790753933404123,Young Trend-Oriented Shoppers,1,Normal
62,Female,Handbag,Accessories,23,Missouri,L,Gray,Spring,4.9,No,Debit Card,Standard,No,18,Bank Transfer,1,Low,0,Middle_Aged,0,1,-0.13017253330676165,-2.23480780862932,Occasional Low-Engagement Buyers,-1,Anomaly
19,Female,Coat,Outerwear,91,West Virginia,M,Gold,Spring,3.5,No,Bank Transfer,2-Day Shipping,No,47,Credit Card,1,Very_High,1,Youth,0,3,-2.0419706805971543,0.60150258585121,High-Value Premium Buyers,1,Normal
62,Female,Sweater,Clothing,60,South Carolina,S,Magenta,Spring,4.5,No,PayPal,Store Pickup,No,15,Bank Transfer,5,Medium,0,Middle_Aged,0,1,-0.780927141720167,-1.3508000158658338,Premium Loyal Customers,1,Normal
70,Female,Blouse,Clothing,34,West Virginia,S,Lavender,Summer,2.8,No,PayPal,Next Day Air,No,15,Cash,2,Low,0,Senior,0,1,-0.20294970637360893,-2.0968508743110528,Occasional Low-Engagement Buyers,1,Normal
20,Female,Blouse,Clothing,23,Alaska,M,Green,Spring,4.2,No,PayPal,Next Day Air,No,47,Venmo,4,Low,0,Youth,0,1,-0.12023059747196436,-2.1556600520575646,Occasional Low-Engagement Buyers,1,Normal
67,Female,Belt,Accessories,82,West Virginia,M,Violet,Fall,4.1,No,Credit Card,Free Shipping,No,47,PayPal,6,Very_High,1,Senior,0,7,-1.9028121188057214,0.4078194989196441,High-Value Premium Buyers,1,Normal
65,Female,Jacket,Outerwear,73,New Mexico,M,Brown,Fall,3.5,No,PayPal,Express,No,6,Bank Transfer,7,High,1,Middle_Aged,0,3,-1.7724262676466602,0.022292139990293194,Premium Loyal Customers,1,Normal
45,Female,Shorts,Clothing,32,South Dakota,L,Teal,Spring,4.0,No,Bank Transfer,2-Day Shipping,No,18,Venmo,6,Low,0,Adult,0,1,-0.2717347894409963,-2.0538385404390738,Occasional Low-Engagement Buyers,1,Normal
26,Female,Hat,Accessories,80,Oklahoma,M,Charcoal,Spring,4.0,No,Debit Card,Express,No,40,Bank Transfer,5,High,1,Young_Adult,0,3,-1.8886902962422167,0.35457606550965515,High-Value Premium Buyers,1,Normal
36,Female,Pants,Clothing,58,Oklahoma,XL,Charcoal,Summer,2.5,No,PayPal,Free Shipping,No,31,Credit Card,1,Medium,0,Adult,0,1,-0.6203527213701316,-1.4666432100179356,Family-Oriented Value Buyers,-1,Anomaly
36,Female,Blouse,Clothing,82,Alabama,XL,Beige,Winter,4.2,No,Venmo,Standard,No,31,Venmo,5,Very_High,1,Adult,0,3,-1.9658974428911133,0.39118410416512,High-Value Premium Buyers,1,Normal
20,Female,Belt,Accessories,60,Mississippi,S,Turquoise,Summer,3.4,No,PayPal,Next Day Air,No,4,Credit Card,1,Medium,0,Youth,0,1,-0.7534442624711505,-1.421648410932335,Premium Loyal Customers,1,Normal
30,Female,Handbag,Accessories,79,Mississippi,XL,Orange,Fall,4.8,No,Debit Card,Next Day Air,No,36,Bank Transfer,7,High,1,Young_Adult,0,3,-1.933067865214601,0.36520600067955916,Premium Loyal Customers,1,Normal
34,Female,Hoodie,Clothing,41,Nebraska,L,Cyan,Summer,4.9,No,Bank Transfer,Standard,No,31,PayPal,5,Medium,0,Young_Adult,0,1,-0.4708458722934433,-1.746565693139454,Young Trend-Oriented Shoppers,1,Normal
63,Female,Jacket,Outerwear,39,Colorado,L,Orange,Summer,3.6,No,Cash,Store Pickup,No,6,Venmo,1,Low,0,Middle_Aged,0,1,-0.33025025862229973,-1.95884339012479,Occasional Low-Engagement Buyers,1,Normal
18,Female,Scarf,Accessories,36,Pennsylvania,S,Green,Winter,4.0,No,Credit Card,Store Pickup,No,1,Cash,6,Low,0,Youth,0,1,-0.42571165701304997,-1.9384323765504512,Occasional Low-Engagement Buyers,1,Normal
55,Female,Jeans,Clothing,70,Utah,M,Pink,Fall,2.6,No,Venmo,Express,No,29,Cash,6,High,1,Middle_Aged,0,7,-1.6503342339438973,-0.013113400942937323,Premium Loyal Customers,1,Normal
48,Female,Handbag,Accessories,47,Massachusetts,M,Blue,Summer,3.1,No,Credit Card,Store Pickup,No,19,PayPal,6,Medium,0,Adult,0,1,-0.46869961150836426,-1.7435813777785611,Family-Oriented Value Buyers,1,Normal
45,Female,Jacket,Outerwear,27,Iowa,M,Pink,Winter,3.6,No,Debit Card,Free Shipping,No,12,PayPal,1,Low,0,Adult,0,1,-0.18128241437187131,-2.224603246227735,Occasional Low-Engagement Buyers,1,Normal
29,Female,Hat,Accessories,52,Florida,L,Blue,Summer,4.0,No,PayPal,Express,No,18,Bank Transfer,3,Medium,0,Young_Adult,0,1,-0.6230308206844497,-1.5603374388806497,Young Trend-Oriented Shoppers,1,Normal
55,Female,Sneakers,Footwear,75,Louisiana,L,Black,Summer,3.9,No,Venmo,Next Day Air,No,45,Cash,4,High,1,Middle_Aged,0,7,-1.7311941098631545,0.21604486186769734,Premium Loyal Customers,1,Normal
55,Female,Hat,Accessories,30,Kansas,XL,Black,Fall,3.9,No,Cash,Express,No,45,Credit Card,6,Low,0,Middle_Aged,0,1,-0.188469167354828,-2.0149841481422177,Occasional Low-Engagement Buyers,1,Normal
55,Female,Socks,Clothing,94,Kansas,M,Violet,Spring,3.3,No,PayPal,Standard,No,8,Credit Card,4,Very_High,1,Middle_Aged,0,3,-2.132678658966803,0.5183195774989146,High-Value Premium Buyers,1,Normal
48,Female,Scarf,Accessories,68,Kentucky,S,Gold,Summer,2.9,No,Credit Card,Standard,No,4,PayPal,7,High,1,Adult,0,3,-1.6469506956673354,-0.11233927775633828,Premium Loyal Customers,1,Normal
42,Female,Socks,Clothing,45,New Mexico,M,Olive,Summer,3.1,No,Cash,Free Shipping,No,5,Debit Card,1,Medium,0,Adult,0,1,-0.4748697959167454,-1.8167693086550594,Family-Oriented Value Buyers,1,Normal
21,Female,Hat,Accessories,67,North Carolina,XL,Pink,Summer,4.7,No,Debit Card,Standard,No,30,Cash,4,High,1,Youth,0,5,-1.7253636135126804,0.04772415296232945,Premium Loyal Customers,1,Normal
45,Female,Jacket,Outerwear,46,North Dakota,M,Olive,Summer,3.9,No,Venmo,Free Shipping,No,15,PayPal,6,Medium,0,Adult,0,1,-0.5161840101324676,-1.7364381163726623,Family-Oriented Value Buyers,1,Normal
23,Female,Shorts,Clothing,31,North Dakota,M,Indigo,Summer,4.3,No,Cash,Next Day Air,No,17,Credit Card,7,Low,0,Youth,0,1,-0.30174235363208884,-2.0398752709990458,Occasional Low-Engagement Buyers,1,Normal
66,Female,Blouse,Clothing,44,Illinois,XL,Silver,Fall,4.2,No,Cash,2-Day Shipping,No,45,Cash,7,Medium,0,Senior,0,1,-0.45531341269418046,-1.6721742184149502,Family-Oriented Value Buyers,1,Normal
32,Female,Coat,Outerwear,100,Maine,S,Charcoal,Winter,4.3,No,Bank Transfer,Next Day Air,No,3,Venmo,3,Very_High,1,Young_Adult,0,5,-2.3008627335407685,0.753932924333405,High-Value Premium Buyers,1,Normal
52,Female,Sweater,Clothing,92,Indiana,XL,Orange,Winter,4.6,No,Credit Card,Next Day Air,No,43,PayPal,2,Very_High,1,Middle_Aged,0,7,-2.105893557685114,0.6773700669069438,High-Value Premium Buyers,1,Normal
54,Female,Handbag,Accessories,78,North Dakota,M,Yellow,Winter,3.8,No,Venmo,Free Shipping,No,4,Credit Card,6,High,1,Middle_Aged,0,3,-1.90061023367594,0.18159389377940713,Premium Loyal Customers,1,Normal
37,Female,T-shirt,Clothing,32,Missouri,S,Red,Fall,3.3,No,Venmo,Standard,No,41,Venmo,2,Low,0,Adult,0,1,-0.2085221067811005,-1.995363433741834,Occasional Low-Engagement Buyers,1,Normal
29,Female,Sandals,Footwear,97,Alaska,M,Maroon,Fall,3.7,No,Debit Card,2-Day Shipping,No,16,Venmo,6,Very_High,1,Young_Adult,0,5,-2.2306862655962085,0.6653175658995221,High-Value Premium Buyers,1,Normal
47,Female,Gloves,Accessories,95,North Dakota,M,Magenta,Summer,4.3,No,Cash,Standard,No,10,Debit Card,3,Very_High,1,Adult,0,5,-2.188401620820801,0.6382494891719934,High-Value Premium Buyers,1,Normal
47,Female,Shorts,Clothing,64,Connecticut,M,Black,Spring,4.1,No,Bank Transfer,Express,No,2,Debit Card,4,High,1,Adult,0,5,-1.6733268525954228,-0.14776935934243599,Premium Loyal Customers,1,Normal
42,Female,Sandals,Footwear,35,Wisconsin,M,Violet,Spring,3.2,No,Venmo,Free Shipping,No,11,Cash,5,Low,0,Adult,0,1,-0.3153595136287188,-2.0346974525839343,Occasional Low-Engagement Buyers,1,Normal
34,Female,Backpack,Accessories,54,New Jersey,M,Gray,Winter,3.8,No,Debit Card,Express,No,1,Debit Card,5,Medium,0,Young_Adult,0,1,-0.6975397111625751,-1.5474707613842484,Young Trend-Oriented Shoppers,1,Normal
38,Female,Sneakers,Footwear,96,Missouri,M,Black,Spring,3.2,No,PayPal,2-Day Shipping,No,41,Bank Transfer,4,Very_High,1,Adult,0,3,-2.107260206322795,0.6772391502357816,High-Value Premium Buyers,1,Normal
55,Female,Sunglasses,Accessories,58,California,M,Pink,Summer,3.5,No,Debit Card,Free Shipping,No,39,PayPal,4,Medium,0,Middle_Aged,0,1,-0.64597076134084,-1.4103054596272921,Family-Oriented Value Buyers,1,Normal
27,Female,T-shirt,Clothing,23,Washington,M,Silver,Summer,3.1,No,PayPal,2-Day Shipping,No,1,PayPal,5,Low,0,Young_Adult,0,1,-0.1380347799537257,-2.3664088429139554,Occasional Low-Engagement Buyers,1,Normal
55,Female,Jeans,Clothing,35,Minnesota,M,Violet,Spring,4.2,No,Debit Card,Express,No,3,PayPal,6,Low,0,Middle_Aged,0,1,-0.3588260340204645,-2.022485665385048,Occasional Low-Engagement Buyers,1,Normal
66,Female,Shirt,Clothing,23,California,M,Beige,Summer,3.4,No,Bank Transfer,Free Shipping,No,21,Credit Card,3,Low,0,Senior,0,1,-0.06762002085090153,-2.313164840411683,Occasional Low-Engagement Buyers,1,Normal
44,Female,Hat,Accessories,94,Texas,XL,Cyan,Winter,3.5,No,Credit Card,Express,No,48,Bank Transfer,4,Very_High,1,Adult,0,7,-2.0822818450671745,0.6981986701347739,High-Value Premium Buyers,1,Normal
39,Female,Blouse,Clothing,45,Montana,M,Brown,Fall,4.0,No,Venmo,Free Shipping,No,24,Debit Card,3,Medium,0,Adult,0,1,-0.5458988916477888,-1.6946656068051686,Family-Oriented Value Buyers,1,Normal
23,Female,Jacket,Outerwear,23,Arizona,L,Blue,Winter,4.4,No,Bank Transfer,2-Day Shipping,No,45,Bank Transfer,5,Low,0,Youth,0,1,-0.1318101220263163,-2.158541970347816,Occasional Low-Engagement Buyers,1,Normal
29,Female,Skirt,Clothing,94,Minnesota,L,White,Winter,2.9,No,Venmo,2-Day Shipping,No,46,Credit Card,6,Very_High,1,Young_Adult,0,3,-2.067544761063704,0.646265290436892,High-Value Premium Buyers,1,Normal
20,Female,Gloves,Accessories,99,Nebraska,M,Cyan,Fall,3.6,No,Debit Card,Store Pickup,No,35,Cash,1,Very_High,1,Youth,0,5,-2.219157875996357,0.7802965889568229,High-Value Premium Buyers,1,Normal
42,Female,T-shirt,Clothing,36,Virginia,XL,Maroon,Fall,4.4,No,Credit Card,Free Shipping,No,47,Credit Card,1,Low,0,Adult,0,1,-0.36628284379716214,-1.8231032946038395,Occasional Low-Engagement Buyers,1,Normal
55,Female,Jacket,Outerwear,50,Connecticut,XL,Olive,Summer,4.5,No,Venmo,Standard,No,35,Credit Card,6,Medium,0,Middle_Aged,0,1,-0.56114941675873,-1.555685344267523,Family-Oriented Value Buyers,1,Normal
66,Female,Jacket,Outerwear,81,New Jersey,M,Violet,Spring,3.8,No,Credit Card,Free Shipping,No,45,Credit Card,2,High,1,Senior,0,7,-1.8465767348509492,0.33794941443951537,High-Value Premium Buyers,1,Normal
24,Female,Shorts,Clothing,31,Kentucky,XL,Green,Winter,3.6,No,Bank Transfer,2-Day Shipping,No,6,Cash,5,Low,0,Youth,0,1,-0.3174694156686606,-2.099654575646243,Occasional Low-Engagement Buyers,1,Normal
62,Female,Hat,Accessories,48,Washington,XL,Magenta,Fall,4.3,No,Debit Card,Free Shipping,No,20,Cash,3,Medium,0,Middle_Aged,0,1,-0.5698626629032223,-1.6410021652101567,Family-Oriented Value Buyers,1,Normal
28,Female,Handbag,Accessories,91,Florida,M,Turquoise,Summer,4.0,No,Cash,2-Day Shipping,No,3,Venmo,5,Very_High,1,Young_Adult,0,5,-2.142648921375278,0.5063212198222151,High-Value Premium Buyers,1,Normal
30,Female,Jeans,Clothing,99,Oklahoma,M,Black,Summer,3.4,No,PayPal,Express,No,30,Venmo,4,Very_High,1,Young_Adult,0,3,-2.194475147009296,0.7365702236712348,High-Value Premium Buyers,1,Normal
22,Female,Shoes,Footwear,70,Iowa,XL,Cyan,Summer,4.4,No,Credit Card,Standard,No,28,PayPal,5,High,1,Youth,0,5,-1.778076596040271,0.10612122838611049,Premium Loyal Customers,1,Normal
28,Female,T-shirt,Clothing,74,New Hampshire,L,Gray,Winter,2.8,No,PayPal,Standard,No,15,Cash,7,High,1,Young_Adult,0,5,-1.7664377489937013,0.06093797173200114,Premium Loyal Customers,1,Normal
35,Female,Jewelry,Accessories,79,Georgia,M,Red,Fall,2.8,No,Cash,Store Pickup,No,29,PayPal,4,High,1,Young_Adult,0,3,-1.8202330580438186,0.22731274121191178,Premium Loyal Customers,1,Normal
45,Female,Handbag,Accessories,33,Mississippi,S,Olive,Fall,4.9,No,PayPal,2-Day Shipping,No,15,Cash,5,Low,0,Adult,0,1,-0.38224105692806226,-1.9593763161135944,Occasional Low-Engagement Buyers,1,Normal
43,Female,Shirt,Clothing,49,New Hampshire,L,Cyan,Spring,4.2,No,Cash,2-Day Shipping,No,18,Bank Transfer,1,Medium,0,Adult,0,1,-0.584956761424937,-1.6189509286767632,Family-Oriented Value Buyers,1,Normal
55,Female,Belt,Accessories,96,Washington,M,Teal,Summer,2.9,No,Credit Card,Next Day Air,No,7,Bank Transfer,5,Very_High,1,Middle_Aged,0,3,-2.1267421106588658,0.5663089575462058,High-Value Premium Buyers,1,Normal
31,Female,Dress,Clothing,66,Ohio,L,Teal,Fall,4.6,No,Debit Card,Free Shipping,No,19,Credit Card,7,High,1,Young_Adult,0,5,-1.7457199889505104,-0.009942427818793148,Premium Loyal Customers,1,Normal
42,Female,Skirt,Clothing,45,Maryland,M,Orange,Fall,2.8,No,Cash,Next Day Air,No,15,PayPal,2,Medium,0,Adult,0,1,-0.44942686067066917,-1.811858891324225,Family-Oriented Value Buyers,1,Normal
40,Female,Blouse,Clothing,28,Delaware,M,Peach,Spring,2.6,No,Debit Card,Store Pickup,No,3,Bank Transfer,5,Low,0,Adult,0,1,-0.16716049839246772,-2.2801976899827316,Occasional Low-Engagement Buyers,1,Normal
39,Female,Jeans,Clothing,48,Tennessee,M,Silver,Summer,3.5,No,Credit Card,Store Pickup,No,13,PayPal,5,Medium,0,Adult,0,1,-0.5516387678483007,-1.7007242266701914,Family-Oriented Value Buyers,1,Normal
41,Female,Hoodie,Clothing,67,Arkansas,M,Pink,Winter,3.5,No,Venmo,Free Shipping,No,37,Credit Card,6,High,1,Adult,0,3,-1.6573459909619281,-0.00610057032681887,Premium Loyal Customers,1,Normal
56,Female,T-shirt,Clothing,59,Tennessee,M,Magenta,Fall,3.4,No,Debit Card,2-Day Shipping,No,26,Cash,3,Medium,0,Middle_Aged,0,1,-0.7168106682565555,-1.4208960183748425,Family-Oriented Value Buyers,1,Normal
43,Female,Sunglasses,Accessories,74,New Hampshire,L,Red,Fall,3.9,No,Credit Card,Next Day Air,No,29,Debit Card,6,High,1,Adult,0,3,-1.7805548614894828,0.17333815013730738,Premium Loyal Customers,1,Normal
22,Female,Jacket,Outerwear,81,Minnesota,M,Maroon,Spring,3.3,No,Venmo,2-Day Shipping,No,47,Cash,7,High,1,Youth,0,3,-1.8603863057424805,0.34640706032372126,High-Value Premium Buyers,1,Normal
47,Female,Shoes,Footwear,26,Florida,M,Silver,Spring,4.1,No,Credit Card,Free Shipping,No,47,Credit Card,5,Low,0,Adult,0,1,-0.14299314809594782,-2.1018192618252503,Occasional Low-Engagement Buyers,1,Normal
50,Female,Handbag,Accessories,61,Tennessee,M,Gray,Summer,3.0,No,Credit Card,Next Day Air,No,48,Venmo,1,High,1,Adult,0,7,-1.4404295471907846,-0.16584755779605997,Premium Loyal Customers,1,Normal
58,Female,Sweater,Clothing,23,California,M,Turquoise,Winter,3.0,No,PayPal,Next Day Air,No,46,Bank Transfer,5,Low,0,Middle_Aged,0,1,0.002048848942657902,-2.259435582834202,Occasional Low-Engagement Buyers,1,Normal
50,Female,Scarf,Accessories,33,Oregon,M,Peach,Fall,3.2,No,Cash,Standard,No,7,Credit Card,6,Low,0,Adult,0,1,-0.2704044730395097,-2.0999530121356305,Occasional Low-Engagement Buyers,1,Normal
43,Female,Skirt,Clothing,58,Tennessee,L,Teal,Fall,3.9,No,Bank Transfer,Express,No,45,Credit Card,7,Medium,0,Adult,0,1,-0.6926478091336543,-1.3372685779571636,Family-Oriented Value Buyers,1,Normal
38,Female,Gloves,Accessories,65,North Carolina,M,Red,Spring,3.6,No,Venmo,2-Day Shipping,No,47,Debit Card,4,High,1,Adult,0,7,-1.5831577986730385,-0.004405355965542444,Premium Loyal Customers,1,Normal
44,Female,T-shirt,Clothing,48,Tennessee,M,Blue,Summer,3.1,No,Credit Card,Store Pickup,No,6,Venmo,1,Medium,0,Adult,0,1,-0.5210375348959992,-1.7465964027946688,Family-Oriented Value Buyers,1,Normal
30,Female,Sandals,Footwear,25,Nebraska,M,Blue,Spring,4.8,No,Cash,Express,No,29,Bank Transfer,7,Low,0,Young_Adult,0,1,-0.20436033114830254,-2.1256519602762785,Occasional Low-Engagement Buyers,1,Normal
47,Female,Sweater,Clothing,51,Maine,M,Indigo,Winter,3.8,No,Debit Card,2-Day Shipping,No,42,Cash,6,Medium,0,Adult,0,1,-0.5591259344908348,-1.5452218068314292,Family-Oriented Value Buyers,1,Normal
30,Female,Belt,Accessories,31,Illinois,M,Charcoal,Summer,2.8,No,Venmo,Store Pickup,No,46,Cash,1,Low,0,Young_Adult,0,1,-0.13635654333033415,-2.043547146020714,Occasional Low-Engagement Buyers,1,Normal
49,Female,Hoodie,Clothing,99,Colorado,S,Turquoise,Winter,4.0,No,PayPal,Next Day Air,No,28,PayPal,3,Very_High,1,Adult,0,3,-2.2168462748617968,0.7609009359407769,High-Value Premium Buyers,1,Normal
56,Female,Socks,Clothing,25,Pennsylvania,M,Maroon,Winter,4.6,No,Credit Card,Free Shipping,No,14,Credit Card,7,Low,0,Middle_Aged,0,1,-0.23199530704122245,-2.18592534737775,Occasional Low-Engagement Buyers,1,Normal
70,Female,Sandals,Footwear,52,Minnesota,M,Purple,Spring,3.5,No,Debit Card,Store Pickup,No,12,Debit Card,7,Medium,0,Senior,0,1,-0.5569804143443124,-1.626348799723739,Family-Oriented Value Buyers,1,Normal
22,Female,Blouse,Clothing,47,Nevada,S,Lavender,Spring,3.7,No,Debit Card,2-Day Shipping,No,41,Debit Card,3,Medium,0,Youth,0,1,-0.5116145712754415,-1.6090238470070297,Young Trend-Oriented Shoppers,1,Normal
51,Female,Boots,Footwear,98,Connecticut,XL,Yellow,Fall,4.9,No,Debit Card,Express,No,8,Credit Card,3,Very_High,1,Middle_Aged,0,5,-2.3112404935581896,0.7385617836678946,High-Value Premium Buyers,1,Normal
22,Female,Hat,Accessories,46,Ohio,M,Green,Winter,4.1,No,Credit Card,Store Pickup,No,24,Cash,4,Medium,0,Youth,0,1,-0.5600417406590207,-1.6404642471880604,Young Trend-Oriented Shoppers,1,Normal
37,Female,Shirt,Clothing,32,Kentucky,M,Yellow,Winter,4.6,No,Bank Transfer,Next Day Air,No,18,PayPal,1,Low,0,Adult,0,1,-0.33063120754977326,-2.0082579049247693,Occasional Low-Engagement Buyers,1,Normal
49,Female,Shorts,Clothing,75,Minnesota,L,Gold,Fall,4.5,No,PayPal,Next Day Air,No,6,Cash,4,High,1,Adult,0,5,-1.8860803459498878,0.1447501701357757,Premium Loyal Customers,1,Normal
61,Female,Handbag,Accessories,51,Tennessee,L,Turquoise,Summer,5.0,No,Debit Card,Store Pickup,No,40,Cash,2,Medium,0,Middle_Aged,0,1,-0.5748734629897715,-1.4950393349373399,Family-Oriented Value Buyers,1,Normal
41,Female,Dress,Clothing,52,North Dakota,L,Blue,Summer,3.8,No,PayPal,Standard,No,6,PayPal,7,Medium,0,Adult,0,1,-0.6261766575697858,-1.6232093307250404,Family-Oriented Value Buyers,1,Normal
57,Female,Hat,Accessories,66,Minnesota,L,Turquoise,Winter,4.7,No,Bank Transfer,Standard,No,27,Credit Card,4,High,1,Middle_Aged,0,3,-1.6674107640839562,-0.002937264303288646,Premium Loyal Customers,1,Normal
34,Female,Sweater,Clothing,35,Nebraska,M,Maroon,Spring,2.8,No,Bank Transfer,Express,No,2,Bank Transfer,2,Low,0,Young_Adult,0,1,-0.29708678914923925,-2.0911148379143087,Occasional Low-Engagement Buyers,1,Normal
27,Female,Coat,Outerwear,43,Delaware,M,Pink,Fall,2.6,No,Credit Card,Next Day Air,No,39,Venmo,5,Medium,0,Young_Adult,0,1,-0.3699319242240359,-1.7922991369414065,Young Trend-Oriented Shoppers,1,Normal
39,Female,Hoodie,Clothing,24,Minnesota,L,Maroon,Summer,3.8,No,Credit Card,Free Shipping,No,9,Venmo,4,Low,0,Adult,0,1,-0.14800274171162714,-2.278508948910013,Occasional Low-Engagement Buyers,1,Normal
62,Female,Jewelry,Accessories,83,Rhode Island,M,Olive,Winter,2.8,No,PayPal,Standard,No,16,Credit Card,7,Very_High,1,Middle_Aged,0,7,-1.8721815978811338,0.2574609567244749,High-Value Premium Buyers,1,Normal
34,Female,T-shirt,Clothing,62,Michigan,M,Lavender,Fall,2.6,No,Debit Card,2-Day Shipping,No,36,Cash,4,High,1,Young_Adult,0,3,-1.5278000245108856,-0.1867263174465802,Premium Loyal Customers,1,Normal
53,Female,Pants,Clothing,78,New Jersey,S,Pink,Spring,3.4,No,Venmo,2-Day Shipping,No,2,Credit Card,5,High,1,Middle_Aged,0,3,-1.8830571357366706,0.15957525859889576,Premium Loyal Customers,1,Normal
35,Female,Sweater,Clothing,61,South Dakota,M,Cyan,Spring,4.5,No,Venmo,Store Pickup,No,21,Credit Card,2,High,1,Young_Adult,0,5,-1.626661921072003,-0.13343857201417586,Premium Loyal Customers,1,Normal
38,Female,Pants,Clothing,57,North Carolina,L,Maroon,Fall,3.8,No,Credit Card,Free Shipping,No,39,Venmo,3,Medium,0,Adult,0,1,-0.6907276028977758,-1.381016245643624,Family-Oriented Value Buyers,1,Normal
32,Female,Socks,Clothing,70,Oregon,S,Red,Summer,3.0,No,Credit Card,Next Day Air,No,38,PayPal,3,High,1,Young_Adult,0,3,-1.6526157381639952,0.03947278936878763,Premium Loyal Customers,1,Normal
47,Female,Hoodie,Clothing,57,Montana,M,Silver,Fall,3.7,No,Cash,2-Day Shipping,No,6,Debit Card,7,Medium,0,Adult,0,1,-0.7346827199908648,-1.47985995298572,Family-Oriented Value Buyers,1,Normal
53,Female,Scarf,Accessories,74,New Jersey,XL,Blue,Winter,4.4,No,Credit Card,Free Shipping,No,6,Venmo,5,High,1,Middle_Aged,0,5,-1.8665561853259371,0.13203711706775673,Premium Loyal Customers,1,Normal
60,Female,Dress,Clothing,90,Arizona,M,Gold,Fall,3.1,No,PayPal,Next Day Air,No,50,Debit Card,6,Very_High,1,Middle_Aged,0,7,-1.970108469790463,0.5511184909350924,High-Value Premium Buyers,1,Normal
31,Female,Sandals,Footwear,98,Vermont,S,Yellow,Spring,4.2,No,Cash,Store Pickup,No,9,PayPal,3,Very_High,1,Young_Adult,0,5,-2.2631572500901886,0.7152213950772032,High-Value Premium Buyers,1,Normal
44,Female,Dress,Clothing,43,Colorado,M,Silver,Winter,3.1,No,Debit Card,Free Shipping,No,15,Debit Card,7,Medium,0,Adult,0,1,-0.42929179231849546,-1.835594879169326,Family-Oriented Value Buyers,1,Normal
29,Female,Pants,Clothing,37,Tennessee,XL,Black,Winter,5.0,No,PayPal,Next Day Air,No,5,PayPal,4,Low,0,Young_Adult,0,1,-0.4837421867484133,-1.8892837445785364,Occasional Low-Engagement Buyers,1,Normal
19,Female,Blouse,Clothing,38,New Jersey,L,Yellow,Summer,2.7,No,Bank Transfer,Standard,No,13,Bank Transfer,5,Low,0,Youth,0,1,-0.3388749149868037,-1.9945619530583276,Occasional Low-Engagement Buyers,1,Normal
54,Female,Jeans,Clothing,60,Montana,L,Pink,Winter,3.8,No,Cash,Standard,No,44,Cash,1,Medium,0,Middle_Aged,0,1,-0.6886206375191919,-1.310841836887108,Premium Loyal Customers,1,Normal
40,Female,Pants,Clothing,55,Montana,XL,Yellow,Winter,3.3,No,Debit Card,Standard,No,36,Debit Card,3,Medium,0,Adult,0,1,-0.606615898648898,-1.4722881460584052,Family-Oriented Value Buyers,1,Normal
39,Female,Sunglasses,Accessories,51,Nevada,M,Lavender,Fall,4.8,No,Debit Card,Free Shipping,No,18,Venmo,1,Medium,0,Adult,0,1,-0.67473746949994,-1.5309008346960398,Family-Oriented Value Buyers,1,Normal
44,Female,Backpack,Accessories,71,Nevada,L,Peach,Winter,3.4,No,Venmo,Standard,No,39,Credit Card,2,High,1,Adult,0,7,-1.67221883455175,0.08967500624477018,Premium Loyal Customers,1,Normal
22,Female,Hoodie,Clothing,61,Louisiana,M,Black,Spring,4.4,No,Venmo,2-Day Shipping,No,11,PayPal,7,High,1,Youth,0,5,-1.665807963731629,-0.16744519687581955,Premium Loyal Customers,1,Normal
30,Female,Boots,Footwear,65,Illinois,M,Olive,Summer,3.9,No,Credit Card,Standard,No,1,Cash,5,High,1,Young_Adult,0,5,-1.7026137686546874,-0.12921899071527923,Premium Loyal Customers,1,Normal
69,Female,Gloves,Accessories,34,South Carolina,L,Olive,Fall,3.9,No,Cash,2-Day Shipping,No,34,Credit Card,3,Low,0,Senior,0,1,-0.2549967067874293,-1.9646967353387905,Occasional Low-Engagement Buyers,1,Normal
28,Female,Blouse,Clothing,87,Washington,M,White,Summer,4.2,No,Venmo,Store Pickup,No,47,Bank Transfer,5,Very_High,1,Young_Adult,0,3,-2.030536264002056,0.5588899136369058,High-Value Premium Buyers,1,Normal
57,Female,Sweater,Clothing,79,Nebraska,M,Red,Spring,4.0,No,Venmo,Store Pickup,No,24,Venmo,4,High,1,Middle_Aged,0,3,-1.8647247604375952,0.2665420357230794,Premium Loyal Customers,1,Normal
46,Female,Dress,Clothing,46,Alabama,S,Purple,Spring,2.6,No,Bank Transfer,Store Pickup,No,20,Cash,4,Medium,0,Adult,0,1,-0.42488983943062936,-1.7701988737364893,Family-Oriented Value Buyers,1,Normal
48,Female,Socks,Clothing,72,Montana,L,Purple,Summer,4.4,No,PayPal,Standard,No,11,Bank Transfer,3,High,1,Adult,0,5,-1.8045658573165078,0.06042167505384954,Premium Loyal Customers,1,Normal
24,Female,Shirt,Clothing,93,Minnesota,M,Teal,Summer,3.2,No,PayPal,Next Day Air,No,3,Credit Card,7,Very_High,1,Youth,0,5,-2.1391000316577897,0.5060075664135897,High-Value Premium Buyers,1,Normal
50,Female,Sandals,Footwear,76,Ohio,L,Teal,Summer,4.3,No,PayPal,Free Shipping,No,38,Bank Transfer,5,High,1,Adult,0,3,-1.8193143286306026,0.23866474622366776,Premium Loyal Customers,1,Normal
29,Female,Shoes,Footwear,56,New York,L,Gray,Winter,4.9,No,Venmo,2-Day Shipping,No,45,Cash,2,Medium,0,Young_Adult,0,1,-0.7287505106208128,-1.3115086287858977,Young Trend-Oriented Shoppers,1,Normal
61,Female,Sandals,Footwear,83,Indiana,M,Magenta,Fall,3.8,No,Credit Card,Store Pickup,No,31,Venmo,4,Very_High,1,Middle_Aged,0,7,-1.9233769328201737,0.37036561446453303,High-Value Premium Buyers,1,Normal
34,Female,Gloves,Accessories,90,Delaware,XL,Black,Winter,2.5,No,Cash,Express,No,16,PayPal,5,Very_High,1,Young_Adult,0,3,-2.0146297226455587,0.44657854075024256,High-Value Premium Buyers,1,Normal
27,Female,Boots,Footwear,94,Connecticut,M,Maroon,Spring,4.9,No,Venmo,Next Day Air,No,3,Bank Transfer,4,Very_High,1,Young_Adult,0,5,-2.262650236607534,0.643309738300104,High-Value Premium Buyers,1,Normal
38,Female,Blouse,Clothing,68,New York,M,Gold,Fall,3.0,No,Credit Card,2-Day Shipping,No,15,Bank Transfer,3,High,1,Adult,0,3,-1.709158450576745,-0.07435743242778978,Premium Loyal Customers,1,Normal
25,Female,Sandals,Footwear,53,Alabama,M,Purple,Spring,3.2,No,PayPal,Store Pickup,No,11,Bank Transfer,7,Medium,0,Youth,0,1,-0.6265111470993249,-1.598926759599196,Young Trend-Oriented Shoppers,1,Normal
54,Female,Coat,Outerwear,35,Massachusetts,M,Blue,Summer,2.9,No,PayPal,2-Day Shipping,No,22,Debit Card,1,Low,0,Middle_Aged,0,1,-0.22112663680897882,-2.045176763987275,Occasional Low-Engagement Buyers,1,Normal
53,Female,Jacket,Outerwear,30,South Carolina,M,Beige,Summer,2.8,No,Cash,Free Shipping,No,35,Debit Card,3,Low,0,Middle_Aged,0,1,-0.11225740046615247,-2.1260624499813527,Occasional Low-Engagement Buyers,1,Normal
23,Female,Jewelry,Accessories,26,West Virginia,L,Indigo,Winter,3.1,No,Venmo,Store Pickup,No,5,Venmo,5,Low,0,Youth,0,1,-0.15727698777201493,-2.2479413240863595,Occasional Low-Engagement Buyers,1,Normal
19,Female,Hat,Accessories,60,Kentucky,M,Purple,Winter,3.4,No,Debit Card,Express,No,35,PayPal,5,Medium,0,Youth,0,1,-0.729008739949492,-1.3335054147768974,Premium Loyal Customers,1,Normal
57,Female,Shoes,Footwear,30,New Jersey,M,Maroon,Summer,2.9,No,PayPal,Free Shipping,No,27,PayPal,2,Low,0,Middle_Aged,0,1,-0.1433801439623782,-2.1637294785322476,Occasional Low-Engagement Buyers,1,Normal
19,Female,Coat,Outerwear,91,New York,L,Beige,Winter,3.2,No,Credit Card,Next Day Air,No,9,Venmo,6,Very_High,1,Youth,0,5,-2.076756734763493,0.48529676507162367,High-Value Premium Buyers,1,Normal
33,Female,Boots,Footwear,71,Massachusetts,M,Brown,Spring,3.8,No,Venmo,Next Day Air,No,21,PayPal,5,High,1,Young_Adult,0,5,-1.7570546957713518,0.06901448237901926,Premium Loyal Customers,1,Normal
33,Female,Scarf,Accessories,64,Florida,L,Green,Summer,3.6,No,Venmo,2-Day Shipping,No,23,Credit Card,6,High,1,Young_Adult,0,3,-1.6104314867930671,-0.10817091007045054,Premium Loyal Customers,1,Normal
38,Female,Hat,Accessories,54,Michigan,M,Blue,Summer,4.3,No,Bank Transfer,Next Day Air,No,3,Debit Card,5,Medium,0,Adult,0,1,-0.7003980152361533,-1.5264479104417812,Family-Oriented Value Buyers,1,Normal
47,Female,Socks,Clothing,35,Oregon,XL,Magenta,Fall,4.8,No,PayPal,2-Day Shipping,No,31,Credit Card,3,Low,0,Adult,0,1,-0.39490367243242364,-1.8955129688390806,Occasional Low-Engagement Buyers,1,Normal
39,Female,T-shirt,Clothing,38,Michigan,XL,Turquoise,Winter,2.5,No,Bank Transfer,Store Pickup,No,44,Cash,3,Low,0,Adult,0,1,-0.2590660197591007,-1.905473212583659,Occasional Low-Engagement Buyers,1,Normal
32,Female,Jewelry,Accessories,69,Washington,M,Gray,Fall,2.5,No,Debit Card,Next Day Air,No,20,Venmo,6,High,1,Young_Adult,0,3,-1.6363987074121324,-0.06944350148209308,Premium Loyal Customers,1,Normal
27,Female,Skirt,Clothing,96,Alaska,S,Purple,Winter,4.6,No,Debit Card,Express,No,34,Debit Card,2,Very_High,1,Young_Adult,0,5,-2.2226053738936242,0.7820641002211901,High-Value Premium Buyers,1,Normal
67,Female,Socks,Clothing,73,Montana,M,Lavender,Winter,4.2,No,Credit Card,Next Day Air,No,17,Bank Transfer,7,High,1,Senior,0,3,-1.8017197031890866,0.10486136028423032,Premium Loyal Customers,1,Normal
46,Female,Belt,Accessories,49,New Mexico,S,Green,Summer,4.2,No,Cash,Express,No,20,Venmo,3,Medium,0,Adult,0,1,-0.5640519007991593,-1.5904991604324201,Family-Oriented Value Buyers,1,Normal
36,Female,Boots,Footwear,44,Connecticut,M,Gray,Summer,4.8,No,Credit Card,2-Day Shipping,No,46,PayPal,7,Medium,0,Adult,0,1,-0.5073716527802163,-1.6225926234432186,Family-Oriented Value Buyers,1,Normal
62,Female,Socks,Clothing,93,Alaska,M,Yellow,Spring,4.5,No,Cash,Free Shipping,No,28,PayPal,3,Very_High,1,Middle_Aged,0,7,-2.152183260999469,0.6304442556605768,High-Value Premium Buyers,1,Normal
31,Female,Pants,Clothing,72,Ohio,S,Orange,Summer,3.3,No,PayPal,2-Day Shipping,No,6,Venmo,1,High,1,Young_Adult,0,5,-1.7597840852387425,0.0204478192931137,Premium Loyal Customers,1,Normal
68,Female,Socks,Clothing,91,Montana,M,Beige,Summer,2.7,No,Debit Card,2-Day Shipping,No,50,Debit Card,5,Very_High,1,Senior,0,7,-1.9422433215648114,0.5284503210119399,High-Value Premium Buyers,1,Normal
57,Female,Belt,Accessories,83,Nebraska,L,Peach,Winter,2.8,No,Venmo,2-Day Shipping,No,41,Bank Transfer,6,Very_High,1,Middle_Aged,0,7,-1.8344314063891443,0.33868697071608717,High-Value Premium Buyers,1,Normal
22,Female,Jacket,Outerwear,62,Oklahoma,S,Green,Winter,3.5,No,Venmo,2-Day Shipping,No,50,PayPal,3,High,1,Youth,0,3,-1.5504345170246452,-0.06750291129362038,Premium Loyal Customers,1,Normal
26,Female,Shirt,Clothing,71,Kentucky,M,Violet,Fall,3.0,No,Debit Card,Store Pickup,No,33,Credit Card,6,High,1,Young_Adult,0,3,-1.7118354203326132,0.049211643948456486,Premium Loyal Customers,1,Normal
43,Female,Gloves,Accessories,93,Idaho,M,Gray,Summer,4.5,No,Cash,Express,No,25,Venmo,4,Very_High,1,Adult,0,3,-2.147157841919688,0.6513642657903393,High-Value Premium Buyers,1,Normal
45,Female,Handbag,Accessories,63,Maryland,L,Magenta,Fall,4.3,No,Credit Card,2-Day Shipping,No,2,PayPal,2,High,1,Adult,0,5,-1.6808910839916236,-0.16784985324536764,Premium Loyal Customers,1,Normal
64,Female,Sweater,Clothing,96,Tennessee,XL,Charcoal,Fall,4.1,No,Debit Card,Standard,No,15,Credit Card,3,Very_High,1,Middle_Aged,0,3,-2.195711311749061,0.6454289307267789,High-Value Premium Buyers,1,Normal
28,Female,Skirt,Clothing,78,Michigan,M,Violet,Spring,4.3,No,Venmo,Next Day Air,No,12,PayPal,2,High,1,Young_Adult,0,5,-1.9339362374044182,0.23715349202150526,Premium Loyal Customers,1,Normal
47,Female,Dress,Clothing,24,Tennessee,L,Silver,Summer,5.0,No,PayPal,Free Shipping,No,28,Cash,5,Low,0,Adult,0,1,-0.18839995736406906,-2.163651800293464,Occasional Low-Engagement Buyers,1,Normal
53,Female,Pants,Clothing,63,Rhode Island,S,Green,Summer,3.8,No,Cash,2-Day Shipping,No,12,Bank Transfer,5,High,1,Middle_Aged,0,3,-1.6208367002710653,-0.1491407558526874,Premium Loyal Customers,1,Normal
42,Female,Hat,Accessories,58,Florida,M,Magenta,Fall,4.9,No,Venmo,Standard,No,3,Debit Card,3,Medium,0,Adult,0,1,-0.8276451660993732,-1.3834687108898602,Family-Oriented Value Buyers,1,Normal
51,Female,Boots,Footwear,55,Louisiana,S,Purple,Spring,5.0,No,Debit Card,2-Day Shipping,No,20,Cash,2,Medium,0,Middle_Aged,0,1,-0.7200894032033958,-1.4217920974112037,Family-Oriented Value Buyers,1,Normal
62,Female,Sandals,Footwear,58,Arkansas,M,Blue,Fall,4.3,No,Debit Card,Express,No,3,Bank Transfer,5,Medium,0,Middle_Aged,0,1,-0.7775372217547324,-1.45563695705128,Family-Oriented Value Buyers,1,Normal
18,Female,Coat,Outerwear,28,Kentucky,S,Yellow,Winter,4.1,No,PayPal,Express,No,32,Bank Transfer,1,Low,0,Youth,0,1,-0.20945627927667165,-2.06921125989512,Occasional Low-Engagement Buyers,1,Normal
48,Female,Blouse,Clothing,37,Kansas,M,Brown,Spring,4.5,No,PayPal,Standard,No,35,Cash,6,Low,0,Adult,0,1,-0.3748468013380278,-1.8746920807490297,Occasional Low-Engagement Buyers,1,Normal
20,Female,Shorts,Clothing,78,Vermont,M,Pink,Spring,3.6,No,PayPal,Store Pickup,No,31,PayPal,6,High,1,Youth,0,5,-1.8676182847694522,0.23944703176376267,Premium Loyal Customers,1,Normal
32,Female,Blouse,Clothing,73,Nevada,XL,Silver,Fall,3.0,No,Bank Transfer,Free Shipping,No,13,Credit Card,3,High,1,Young_Adult,0,5,-1.7939454450295427,0.04369069332690395,Premium Loyal Customers,1,Normal
26,Female,Jacket,Outerwear,20,Oklahoma,M,Indigo,Spring,3.7,No,Credit Card,Next Day Air,No,3,Venmo,1,Low,0,Young_Adult,0,1,-0.07726144023508948,-2.395386187436123,Occasional Low-Engagement Buyers,1,Normal
31,Female,Shirt,Clothing,60,Alabama,L,Pink,Winter,4.3,No,Venmo,Standard,No,48,Venmo,5,Medium,0,Young_Adult,0,1,-0.7525798551300611,-1.2491343907826988,Premium Loyal Customers,1,Normal
55,Female,Handbag,Accessories,71,Louisiana,S,Lavender,Fall,4.6,No,Cash,Store Pickup,No,15,PayPal,5,High,1,Middle_Aged,0,3,-1.800963937088702,0.10198306624310766,Premium Loyal Customers,1,Normal
49,Female,T-shirt,Clothing,89,Ohio,M,Orange,Fall,4.7,No,Bank Transfer,Standard,No,13,Venmo,3,Very_High,1,Adult,0,5,-2.138541884109379,0.519773297504527,High-Value Premium Buyers,1,Normal
42,Female,Hoodie,Clothing,53,Texas,M,Red,Fall,4.6,No,Bank Transfer,Express,No,21,Venmo,6,Medium,0,Adult,0,1,-0.6952649643082249,-1.4907830907768842,Family-Oriented Value Buyers,1,Normal
64,Female,Jewelry,Accessories,87,Maryland,M,Gray,Summer,3.0,No,Bank Transfer,Express,No,29,Cash,1,Very_High,1,Middle_Aged,0,7,-1.9104678146826564,0.39894785459238274,High-Value Premium Buyers,1,Normal
68,Female,Jewelry,Accessories,37,West Virginia,L,Violet,Spring,3.4,No,PayPal,Standard,No,24,Venmo,4,Low,0,Senior,0,1,-0.25926222114398856,-1.9656199712387827,Occasional Low-Engagement Buyers,1,Normal
68,Female,Hoodie,Clothing,37,Ohio,L,Green,Fall,3.8,No,Venmo,Express,No,21,PayPal,3,Low,0,Senior,0,1,-0.3406224996644841,-1.9309421742806665,Occasional Low-Engagement Buyers,1,Normal
41,Female,Scarf,Accessories,78,Indiana,M,Gold,Spring,3.1,No,Credit Card,Express,No,5,Bank Transfer,5,High,1,Adult,0,5,-1.86040474733752,0.15378891629091027,Premium Loyal Customers,1,Normal
51,Female,Shoes,Footwear,23,Wyoming,S,Maroon,Spring,4.4,No,Venmo,Standard,No,47,Cash,4,Low,0,Middle_Aged,0,1,-0.08253455821108636,-2.143770438528887,Occasional Low-Engagement Buyers,1,Normal
44,Female,Jeans,Clothing,73,Michigan,L,Olive,Spring,4.5,No,Bank Transfer,Standard,No,34,Credit Card,7,High,1,Adult,0,3,-1.7845431580069233,0.1742001634015318,Premium Loyal Customers,1,Normal
27,Female,Jewelry,Accessories,27,Maine,M,Yellow,Fall,2.8,No,Debit Card,2-Day Shipping,No,45,PayPal,1,Low,0,Young_Adult,0,1,-0.09831073232956279,-2.1603696540780426,Occasional Low-Engagement Buyers,1,Normal
36,Female,Coat,Outerwear,59,Utah,S,Peach,Winter,2.7,No,Debit Card,Next Day Air,No,12,PayPal,3,Medium,0,Adult,0,1,-0.669245636358308,-1.483504041981819,Family-Oriented Value Buyers,1,Normal
19,Female,Backpack,Accessories,53,Iowa,M,Gold,Spring,3.4,No,Bank Transfer,Standard,No,31,Debit Card,2,Medium,0,Youth,0,1,-0.5925232763874935,-1.5170966912002162,Young Trend-Oriented Shoppers,1,Normal
49,Female,Socks,Clothing,42,Maryland,S,Purple,Summer,4.6,No,Debit Card,Standard,No,43,Bank Transfer,3,Medium,0,Adult,0,1,-0.4298586894438674,-1.7119438366896105,Family-Oriented Value Buyers,1,Normal
18,Female,Scarf,Accessories,45,Texas,M,Charcoal,Fall,5.0,No,Bank Transfer,Next Day Air,No,5,Credit Card,3,Medium,0,Youth,0,1,-0.6399733150984424,-1.6803731755907385,Young Trend-Oriented Shoppers,-1,Anomaly
36,Female,Sunglasses,Accessories,89,Ohio,S,Indigo,Winter,3.5,No,Credit Card,Standard,No,36,Debit Card,4,Very_High,1,Adult,0,3,-2.0118767510871436,0.5534142997350914,High-Value Premium Buyers,1,Normal
36,Female,Socks,Clothing,85,North Dakota,L,Magenta,Fall,3.3,No,Bank Transfer,Store Pickup,No,12,Cash,3,Very_High,1,Adult,0,5,-1.9956076747015616,0.33751893326100535,High-Value Premium Buyers,1,Normal
19,Female,Coat,Outerwear,69,West Virginia,S,Olive,Summer,4.5,No,Cash,Free Shipping,No,31,Cash,5,High,1,Youth,0,5,-1.7512567727079158,0.10551930614797761,Premium Loyal Customers,1,Normal
43,Female,Sandals,Footwear,66,North Carolina,S,Blue,Spring,3.1,No,Cash,Store Pickup,No,31,Cash,5,High,1,Adult,0,3,-1.5880976904803021,-0.06475522718626141,Premium Loyal Customers,1,Normal
31,Female,Blouse,Clothing,42,Georgia,S,White,Summer,4.0,No,Bank Transfer,Free Shipping,No,15,Debit Card,2,Medium,0,Young_Adult,0,1,-0.47632283874838455,-1.787884531132136,Young Trend-Oriented Shoppers,1,Normal
63,Female,Dress,Clothing,40,Kansas,M,Cyan,Spring,2.5,No,Credit Card,Express,No,11,Cash,2,Medium,0,Middle_Aged,0,1,-0.3252997359797077,-1.971379135272923,Family-Oriented Value Buyers,1,Normal
41,Female,Pants,Clothing,82,Maine,M,Cyan,Winter,4.4,No,PayPal,Store Pickup,No,18,Venmo,6,Very_High,1,Adult,0,5,-1.9843979257168967,0.3501239229902723,High-Value Premium Buyers,1,Normal
48,Female,Sneakers,Footwear,88,South Carolina,M,Orange,Spring,4.4,No,Debit Card,Express,No,9,Cash,4,Very_High,1,Adult,0,5,-2.0803226435170217,0.4654794396612783,High-Value Premium Buyers,1,Normal
68,Female,Boots,Footwear,99,South Carolina,XL,Orange,Summer,3.2,No,Credit Card,Free Shipping,No,11,Cash,2,Very_High,1,Senior,0,7,-2.1776483053227715,0.6603545118427493,High-Value Premium Buyers,1,Normal
53,Female,Handbag,Accessories,85,Kentucky,S,Teal,Spring,3.8,No,PayPal,Store Pickup,No,38,Debit Card,5,Very_High,1,Middle_Aged,0,7,-1.9278262099838337,0.4570233349175037,High-Value Premium Buyers,1,Normal
36,Female,Handbag,Accessories,57,Arizona,M,Magenta,Fall,4.6,No,PayPal,Store Pickup,No,42,PayPal,4,Medium,0,Adult,0,1,-0.7355820755906024,-1.33322079803678,Family-Oriented Value Buyers,1,Normal
46,Female,Sweater,Clothing,56,New York,S,Orange,Summer,4.9,No,PayPal,Standard,No,41,Cash,6,Medium,0,Adult,0,1,-0.695947020388,-1.34986327359933,Family-Oriented Value Buyers,1,Normal
21,Female,Sandals,Footwear,79,New Hampshire,L,Peach,Winter,3.5,No,Cash,Free Shipping,No,45,PayPal,6,High,1,Youth,0,3,-1.8473585520602567,0.30809361819946635,Premium Loyal Customers,1,Normal
52,Female,Socks,Clothing,67,Ohio,S,Maroon,Summer,3.4,No,Credit Card,Store Pickup,No,41,Debit Card,5,High,1,Middle_Aged,0,7,-1.6059564147861558,0.006746420697709948,Premium Loyal Customers,1,Normal
66,Female,Gloves,Accessories,61,Hawaii,M,Gold,Winter,3.9,No,Venmo,Next Day Air,No,35,Debit Card,2,High,1,Senior,0,7,-1.5124748290640107,-0.13470013008117077,Premium Loyal Customers,1,Normal
19,Female,Hoodie,Clothing,37,Texas,L,White,Winter,3.9,No,Venmo,Express,No,21,Credit Card,7,Low,0,Youth,0,1,-0.39503970896344703,-1.884003999291181,Occasional Low-Engagement Buyers,1,Normal
44,Female,Dress,Clothing,75,Illinois,L,Gray,Fall,4.2,No,Debit Card,Free Shipping,No,13,Credit Card,5,High,1,Adult,0,5,-1.8835608297448605,0.1577911464743661,Premium Loyal Customers,1,Normal
50,Female,Shirt,Clothing,21,Massachusetts,XL,Brown,Winter,3.4,No,Debit Card,Standard,No,23,Debit Card,1,Low,0,Adult,0,1,-0.033451755709345596,-2.3291102158786394,Occasional Low-Engagement Buyers,1,Normal
51,Female,Shorts,Clothing,89,North Carolina,L,Charcoal,Winter,4.9,No,Debit Card,Standard,No,6,PayPal,2,Very_High,1,Middle_Aged,0,5,-2.1320526340796513,0.49886831777461316,High-Value Premium Buyers,1,Normal
25,Female,Sandals,Footwear,24,West Virginia,L,Beige,Fall,2.9,No,Debit Card,Store Pickup,No,39,Bank Transfer,3,Low,0,Youth,0,1,-0.056337524790916416,-2.2364158206351847,Occasional Low-Engagement Buyers,1,Normal
62,Female,Sweater,Clothing,27,Delaware,XL,Teal,Spring,4.9,No,Cash,Store Pickup,No,7,Cash,4,Low,0,Middle_Aged,0,1,-0.24419790225529658,-2.1433476452541225,Occasional Low-Engagement Buyers,1,Normal
48,Female,Dress,Clothing,26,Idaho,L,Black,Summer,4.6,No,Bank Transfer,2-Day Shipping,No,32,PayPal,7,Low,0,Adult,0,1,-0.18045921752727245,-2.1295591664928404,Occasional Low-Engagement Buyers,1,Normal
62,Female,Boots,Footwear,82,Oregon,M,Violet,Spring,3.6,No,Venmo,Store Pickup,No,43,Credit Card,4,Very_High,1,Middle_Aged,0,7,-1.8562031728215147,0.3738861681782236,High-Value Premium Buyers,1,Normal
22,Female,Pants,Clothing,28,Maine,M,Orange,Winter,4.3,No,Bank Transfer,Express,No,15,Cash,6,Low,0,Youth,0,1,-0.27721931551743845,-2.113009950846748,Occasional Low-Engagement Buyers,1,Normal
48,Female,Gloves,Accessories,65,South Dakota,M,Turquoise,Fall,4.6,No,PayPal,Standard,No,48,Bank Transfer,3,High,1,Adult,0,7,-1.6437874068551848,0.024964671103269602,Premium Loyal Customers,1,Normal
48,Female,Pants,Clothing,82,New Mexico,XL,Black,Winter,4.7,No,Cash,Store Pickup,No,35,Credit Card,2,Very_High,1,Adult,0,3,-1.963598308093504,0.4273388353054463,High-Value Premium Buyers,1,Normal
62,Female,Scarf,Accessories,38,Washington,M,Silver,Winter,3.5,No,Credit Card,Free Shipping,No,41,PayPal,4,Low,0,Middle_Aged,0,1,-0.3058487214793369,-1.8665197901195367,Occasional Low-Engagement Buyers,1,Normal
24,Female,Shorts,Clothing,33,Georgia,XL,Gray,Spring,2.8,No,Debit Card,Free Shipping,No,14,Cash,2,Low,0,Youth,0,1,-0.26175136556501183,-2.0978962814950988,Occasional Low-Engagement Buyers,1,Normal
39,Female,Shoes,Footwear,38,Idaho,M,Pink,Summer,4.0,No,Cash,Free Shipping,No,22,PayPal,6,Low,0,Adult,0,1,-0.38951668851343263,-1.8932844754294145,Occasional Low-Engagement Buyers,1,Normal
35,Female,Handbag,Accessories,48,Colorado,M,Red,Spring,4.3,No,PayPal,Store Pickup,No,16,Venmo,7,Medium,0,Young_Adult,0,1,-0.5743047472583541,-1.6459018174321334,Family-Oriented Value Buyers,1,Normal
47,Female,Sandals,Footwear,35,Kentucky,M,Lavender,Summer,3.8,No,PayPal,Standard,No,2,Bank Transfer,5,Low,0,Adult,0,1,-0.34459845392919786,-2.050628614413549,Occasional Low-Engagement Buyers,1,Normal
22,Female,Socks,Clothing,29,New Jersey,L,Indigo,Fall,3.0,No,Bank Transfer,Next Day Air,No,13,PayPal,7,Low,0,Youth,0,1,-0.20590893970320545,-2.190708542192634,Occasional Low-Engagement Buyers,1,Normal
38,Female,Shirt,Clothing,48,Oregon,S,Silver,Fall,4.6,No,Credit Card,Next Day Air,No,38,Debit Card,1,Medium,0,Adult,0,1,-0.5708380293704834,-1.5303248857040521,Family-Oriented Value Buyers,1,Normal
53,Female,Shoes,Footwear,87,Nebraska,M,Silver,Fall,4.8,No,Bank Transfer,Standard,No,43,Bank Transfer,2,Very_High,1,Middle_Aged,0,7,-2.0360086988589483,0.5498476371398826,High-Value Premium Buyers,1,Normal
31,Female,Backpack,Accessories,62,Massachusetts,M,Green,Fall,4.7,No,Bank Transfer,Next Day Air,No,26,Bank Transfer,4,High,1,Young_Adult,0,5,-1.661582817068751,-0.07135638131042293,Premium Loyal Customers,1,Normal
31,Female,Shirt,Clothing,96,Nebraska,M,Pink,Spring,3.9,No,Cash,Free Shipping,No,39,Cash,2,Very_High,1,Young_Adult,0,3,-2.177199621907614,0.7223884899762499,High-Value Premium Buyers,1,Normal
65,Female,Handbag,Accessories,41,Hawaii,S,Violet,Fall,4.0,No,Bank Transfer,Next Day Air,No,50,Venmo,6,Medium,0,Middle_Aged,0,1,-0.34106311345843315,-1.738295038139537,Family-Oriented Value Buyers,1,Normal
48,Female,Jewelry,Accessories,42,Indiana,L,Red,Winter,3.7,No,Cash,2-Day Shipping,No,40,Bank Transfer,7,Medium,0,Adult,0,1,-0.3789043557930982,-1.7485757944231062,Family-Oriented Value Buyers,1,Normal
18,Female,Shirt,Clothing,57,Illinois,L,Olive,Winter,3.7,No,Venmo,2-Day Shipping,No,12,Cash,1,Medium,0,Youth,0,1,-0.7483677962148203,-1.4461432169289292,Young Trend-Oriented Shoppers,1,Normal
46,Female,Handbag,Accessories,65,Colorado,S,Purple,Spring,4.2,No,Bank Transfer,Store Pickup,No,33,Credit Card,7,High,1,Adult,0,3,-1.6231551386536371,-0.020611674708214983,Premium Loyal Customers,1,Normal
52,Female,Pants,Clothing,54,Pennsylvania,M,Gray,Fall,4.7,No,Venmo,Standard,No,49,Bank Transfer,2,Medium,0,Middle_Aged,0,1,-0.6622305028152072,-1.3778664611359188,Family-Oriented Value Buyers,1,Normal
50,Female,T-shirt,Clothing,22,Ohio,L,Brown,Winter,4.3,No,Cash,Next Day Air,No,43,Venmo,5,Low,0,Adult,0,1,-0.07057926679644182,-2.1936220734743115,Occasional Low-Engagement Buyers,1,Normal
49,Female,Sneakers,Footwear,96,Pennsylvania,S,Orange,Fall,4.9,No,Credit Card,2-Day Shipping,No,14,Venmo,6,Very_High,1,Adult,0,5,-2.2678755182225356,0.7327225544933935,High-Value Premium Buyers,1,Normal
69,Female,Jewelry,Accessories,81,Mississippi,M,Blue,Summer,3.9,No,Venmo,2-Day Shipping,No,21,Credit Card,7,High,1,Senior,0,7,-1.8895329183676854,0.2891213808330435,High-Value Premium Buyers,1,Normal
36,Female,Shirt,Clothing,46,Kentucky,M,White,Fall,3.4,No,Bank Transfer,Free Shipping,No,31,Debit Card,4,Medium,0,Adult,0,1,-0.4999159281283696,-1.6827723880184509,Family-Oriented Value Buyers,1,Normal
30,Female,Blouse,Clothing,74,Alaska,XL,Charcoal,Spring,4.2,No,Bank Transfer,Store Pickup,No,29,Credit Card,1,High,1,Young_Adult,0,5,-1.8262244599317485,0.1892151322608773,Premium Loyal Customers,1,Normal
25,Female,Sneakers,Footwear,50,Georgia,XL,Gray,Winter,4.7,No,Venmo,Express,No,32,Cash,6,Medium,0,Youth,0,1,-0.6433625409363322,-1.4915318292034156,Young Trend-Oriented Shoppers,1,Normal
19,Female,Dress,Clothing,80,South Dakota,XL,Charcoal,Winter,4.0,No,PayPal,Next Day Air,No,16,Debit Card,5,High,1,Youth,0,5,-1.9602734367065786,0.30890423632603836,High-Value Premium Buyers,1,Normal
34,Female,Boots,Footwear,56,South Carolina,S,White,Summer,4.0,No,Venmo,Free Shipping,No,38,PayPal,5,Medium,0,Young_Adult,0,1,-0.6748507226889239,-1.375476786951606,Young Trend-Oriented Shoppers,1,Normal
29,Female,Skirt,Clothing,69,Tennessee,M,Orange,Winter,3.1,No,Debit Card,Next Day Air,No,34,Debit Card,7,High,1,Young_Adult,0,3,-1.658237458425284,0.017522503654788097,Premium Loyal Customers,1,Normal
50,Female,Shirt,Clothing,97,Colorado,M,Black,Spring,4.2,No,Bank Transfer,Standard,No,30,PayPal,4,Very_High,1,Adult,0,3,-2.1955359767606613,0.7137019431805468,High-Value Premium Buyers,1,Normal
31,Female,Shorts,Clothing,66,Wisconsin,M,White,Winter,3.7,No,Credit Card,Next Day Air,No,14,Bank Transfer,1,High,1,Young_Adult,0,5,-1.6864305233885768,-0.0705409967459416,Premium Loyal Customers,1,Normal
41,Female,Hat,Accessories,70,Georgia,S,Brown,Spring,3.1,No,PayPal,Express,No,33,Bank Transfer,6,High,1,Adult,0,3,-1.6499646728029498,0.03434784180013048,Premium Loyal Customers,1,Normal
52,Female,Shoes,Footwear,50,Maryland,M,Pink,Winter,3.7,No,Credit Card,Store Pickup,No,35,Venmo,2,Medium,0,Middle_Aged,0,1,-0.5355512795900468,-1.5778097475258233,Family-Oriented Value Buyers,1,Normal
27,Female,Pants,Clothing,85,New Jersey,M,Yellow,Spring,3.2,No,Bank Transfer,Store Pickup,No,13,Cash,4,Very_High,1,Young_Adult,0,5,-1.981642002164467,0.3421083100272338,High-Value Premium Buyers,1,Normal
49,Female,Backpack,Accessories,59,Nevada,M,Cyan,Summer,2.8,No,PayPal,Standard,No,30,Cash,1,Medium,0,Adult,0,1,-0.6236953215025307,-1.4413412801775403,Family-Oriented Value Buyers,1,Normal
69,Female,Pants,Clothing,74,Michigan,L,Silver,Summer,2.9,No,Credit Card,Free Shipping,No,30,Credit Card,6,High,1,Senior,0,7,-1.688255670383357,0.07424024282957126,Premium Loyal Customers,1,Normal
45,Female,Sunglasses,Accessories,38,Wyoming,L,Olive,Winter,3.5,No,PayPal,Standard,No,47,Bank Transfer,3,Low,0,Adult,0,1,-0.2873732649320427,-1.8555404281479118,Occasional Low-Engagement Buyers,1,Normal
20,Female,Sweater,Clothing,99,Massachusetts,M,Olive,Spring,3.8,No,PayPal,Express,No,1,PayPal,7,Very_High,1,Youth,0,5,-2.2923642824448383,0.6862496676992005,High-Value Premium Buyers,1,Normal
25,Female,Blouse,Clothing,97,Washington,S,Charcoal,Spring,4.7,No,Cash,Free Shipping,No,1,Cash,2,Very_High,1,Youth,0,5,-2.3188882237117316,0.7109228634883756,High-Value Premium Buyers,1,Normal
38,Female,Scarf,Accessories,67,Maine,L,Gray,Summer,4.5,No,Cash,Free Shipping,No,33,PayPal,3,High,1,Adult,0,3,-1.6929892234010802,0.03472582197282834,Premium Loyal Customers,1,Normal
55,Female,T-shirt,Clothing,20,Montana,S,Maroon,Winter,3.9,No,Credit Card,Next Day Air,No,43,Bank Transfer,2,Low,0,Middle_Aged,0,1,-0.018693894300604155,-2.2575576297598996,Occasional Low-Engagement Buyers,1,Normal
62,Female,Sunglasses,Accessories,45,Oklahoma,L,Black,Spring,3.4,No,Bank Transfer,Express,No,37,PayPal,2,Medium,0,Middle_Aged,0,1,-0.3858283251500883,-1.734517999343501,Family-Oriented Value Buyers,1,Normal
54,Female,Shoes,Footwear,52,North Dakota,XL,Violet,Winter,4.6,No,Credit Card,2-Day Shipping,No,23,Cash,4,Medium,0,Middle_Aged,0,1,-0.6682809942685021,-1.494453910139349,Family-Oriented Value Buyers,1,Normal
61,Female,Pants,Clothing,68,Connecticut,L,Indigo,Fall,4.6,No,Credit Card,Standard,No,12,Credit Card,3,High,1,Middle_Aged,0,3,-1.7514279764673182,-0.009373981544393895,Premium Loyal Customers,1,Normal
50,Female,Sneakers,Footwear,98,Texas,L,Yellow,Fall,4.7,No,Venmo,Standard,No,30,Venmo,1,Very_High,1,Adult,0,3,-2.232002093777205,0.7907578952651073,High-Value Premium Buyers,1,Normal
65,Female,Shoes,Footwear,83,Delaware,M,Gray,Fall,3.2,No,Venmo,Express,No,7,Cash,2,Very_High,1,Middle_Aged,0,3,-1.9301307660349232,0.27077070424323857,High-Value Premium Buyers,1,Normal
68,Female,Shorts,Clothing,51,Mississippi,M,Red,Summer,5.0,No,Bank Transfer,Express,No,20,Debit Card,6,Medium,0,Senior,0,1,-0.6328656825324049,-1.5315329687045216,Family-Oriented Value Buyers,-1,Anomaly
55,Female,Handbag,Accessories,21,Minnesota,L,Peach,Spring,4.5,No,Venmo,Express,No,10,Venmo,6,Low,0,Middle_Aged,0,1,-0.10065508628626461,-2.311840402925845,Occasional Low-Engagement Buyers,1,Normal
57,Female,Handbag,Accessories,92,Georgia,M,Gray,Spring,3.5,No,Venmo,Standard,No,40,Credit Card,7,Very_High,1,Middle_Aged,0,7,-2.0327661435425655,0.5934888033782376,High-Value Premium Buyers,1,Normal
56,Female,Shoes,Footwear,63,Iowa,S,White,Spring,4.5,No,Venmo,Store Pickup,No,21,Venmo,6,High,1,Middle_Aged,0,3,-1.6156830972767777,-0.07724938386673884,Premium Loyal Customers,1,Normal
29,Female,Jewelry,Accessories,56,New York,S,Green,Spring,3.2,No,Venmo,Express,No,17,Credit Card,5,Medium,0,Young_Adult,0,1,-0.6713868750862934,-1.4696798971478864,Young Trend-Oriented Shoppers,1,Normal
24,Female,Shorts,Clothing,95,Nevada,M,Magenta,Spring,4.6,No,Bank Transfer,Free Shipping,No,5,Bank Transfer,2,Very_High,1,Youth,0,5,-2.274454593902965,0.6436915702293803,High-Value Premium Buyers,1,Normal
59,Female,Blouse,Clothing,66,Virginia,M,Olive,Winter,4.0,No,Cash,Next Day Air,No,22,PayPal,3,High,1,Middle_Aged,0,3,-1.660912695445655,-0.06274060038374953,Premium Loyal Customers,1,Normal
62,Female,Coat,Outerwear,28,Idaho,S,Olive,Spring,4.2,No,Bank Transfer,Express,No,5,Venmo,2,Low,0,Middle_Aged,0,1,-0.1935282154220977,-2.1765995924957027,Occasional Low-Engagement Buyers,1,Normal
58,Female,Hat,Accessories,83,Colorado,M,Blue,Winter,4.1,No,Credit Card,Standard,No,18,PayPal,7,Very_High,1,Middle_Aged,0,3,-1.9601440621213746,0.34990609042494225,High-Value Premium Buyers,1,Normal
64,Female,Socks,Clothing,55,Wisconsin,XL,Charcoal,Fall,3.6,No,PayPal,2-Day Shipping,No,42,Cash,7,Medium,0,Middle_Aged,0,1,-0.6149033830718714,-1.4576161284081035,Family-Oriented Value Buyers,1,Normal
48,Female,Sandals,Footwear,28,Connecticut,M,Yellow,Spring,3.7,No,Venmo,2-Day Shipping,No,22,Debit Card,3,Low,0,Adult,0,1,-0.18632414120559576,-2.147400557571042,Occasional Low-Engagement Buyers,1,Normal
60,Female,Scarf,Accessories,79,Kansas,M,Violet,Summer,3.6,No,Bank Transfer,Free Shipping,No,37,Bank Transfer,5,High,1,Middle_Aged,0,7,-1.8266724166309722,0.26466870361253103,Premium Loyal Customers,1,Normal
52,Female,Scarf,Accessories,31,Pennsylvania,L,Magenta,Summer,3.8,No,Debit Card,Standard,No,23,Credit Card,3,Low,0,Middle_Aged,0,1,-0.20845460324382203,-2.0888485089676925,Occasional Low-Engagement Buyers,1,Normal
63,Female,Blouse,Clothing,37,Utah,M,Red,Fall,3.0,No,Venmo,Standard,No,47,Debit Card,1,Low,0,Middle_Aged,0,1,-0.24450848327724317,-1.9005725740379193,Occasional Low-Engagement Buyers,1,Normal
44,Female,T-shirt,Clothing,34,Oregon,M,Cyan,Summer,3.4,No,Credit Card,2-Day Shipping,No,11,Bank Transfer,1,Low,0,Adult,0,1,-0.30262125552003943,-2.0500069282271713,Occasional Low-Engagement Buyers,1,Normal
63,Female,Shoes,Footwear,74,West Virginia,S,Orange,Winter,4.8,No,Venmo,Standard,No,32,Cash,2,High,1,Middle_Aged,0,7,-1.8114931326168964,0.23331703652817767,Premium Loyal Customers,1,Normal
66,Female,Gloves,Accessories,31,Montana,L,Black,Spring,2.6,No,Credit Card,Store Pickup,No,20,Venmo,2,Low,0,Senior,0,1,-0.11946146042893767,-2.161917963159736,Occasional Low-Engagement Buyers,1,Normal
22,Female,Sunglasses,Accessories,66,Kentucky,M,Blue,Winter,2.9,No,Credit Card,Next Day Air,No,3,PayPal,4,High,1,Youth,0,5,-1.6640104427003528,-0.15166048530443155,Premium Loyal Customers,1,Normal
62,Female,Shoes,Footwear,99,Minnesota,M,Charcoal,Spring,4.9,No,Cash,Free Shipping,No,32,Bank Transfer,2,Very_High,1,Middle_Aged,0,7,-2.251365258955851,0.8187546775776283,High-Value Premium Buyers,1,Normal
39,Female,Dress,Clothing,55,Louisiana,M,Indigo,Spring,5.0,No,Bank Transfer,Free Shipping,No,5,Credit Card,1,Medium,0,Adult,0,1,-0.7812801878995738,-1.466566268774294,Family-Oriented Value Buyers,1,Normal
25,Female,Blouse,Clothing,23,Delaware,L,Silver,Spring,4.6,No,PayPal,Next Day Air,No,45,Cash,4,Low,0,Youth,0,1,-0.12397605410092517,-2.1558673817513068,Occasional Low-Engagement Buyers,1,Normal
70,Female,Sweater,Clothing,88,Arizona,M,Brown,Fall,4.2,No,Bank Transfer,Express,No,43,Cash,5,Very_High,1,Senior,0,7,-2.020253701552787,0.5406346746832085,High-Value Premium Buyers,1,Normal
52,Female,Jacket,Outerwear,26,Nevada,M,Peach,Summer,4.9,No,PayPal,Next Day Air,No,1,PayPal,7,Low,0,Middle_Aged,0,1,-0.23793658885852453,-2.213477661707917,Occasional Low-Engagement Buyers,1,Normal
68,Female,Backpack,Accessories,94,Alaska,L,Magenta,Summer,4.8,No,Credit Card,Standard,No,9,Venmo,4,Very_High,1,Senior,0,3,-2.172946200914024,0.6206152624929325,High-Value Premium Buyers,1,Normal
18,Female,Shorts,Clothing,25,Utah,M,Beige,Fall,3.0,No,Debit Card,Next Day Air,No,13,Venmo,7,Low,0,Youth,0,1,-0.1420246050153074,-2.2712944276631726,Occasional Low-Engagement Buyers,-1,Anomaly
18,Female,Socks,Clothing,96,Kansas,XL,Violet,Fall,3.5,No,Cash,Express,No,5,Credit Card,3,Very_High,1,Youth,0,5,-2.2523719809618283,0.6241580278342824,High-Value Premium Buyers,1,Normal
63,Female,Sneakers,Footwear,29,North Carolina,L,Black,Spring,3.4,No,Cash,Standard,No,39,Credit Card,1,Low,0,Middle_Aged,0,1,-0.10001056220187159,-2.1099926081395646,Occasional Low-Engagement Buyers,1,Normal
47,Female,Sneakers,Footwear,36,Maryland,M,Cyan,Winter,3.4,No,PayPal,Free Shipping,No,7,Bank Transfer,2,Low,0,Adult,0,1,-0.33806706388217134,-2.018821707564114,Occasional Low-Engagement Buyers,1,Normal
43,Female,Blouse,Clothing,90,Maine,M,Green,Summer,4.9,No,Credit Card,Standard,No,8,Credit Card,7,Very_High,1,Adult,0,5,-2.185322979912431,0.5440924537306642,High-Value Premium Buyers,1,Normal
60,Female,Gloves,Accessories,38,Illinois,S,Brown,Summer,4.4,No,PayPal,Free Shipping,No,40,Venmo,3,Low,0,Middle_Aged,0,1,-0.34087691779846324,-1.8198771963933413,Occasional Low-Engagement Buyers,1,Normal
49,Female,Handbag,Accessories,52,Pennsylvania,S,Gray,Spring,4.2,No,Cash,Store Pickup,No,35,PayPal,6,Medium,0,Adult,0,1,-0.5903314332825728,-1.4866212975796989,Family-Oriented Value Buyers,1,Normal
28,Female,Jeans,Clothing,88,Alaska,S,Orange,Spring,3.1,No,Credit Card,Next Day Air,No,14,Venmo,6,Very_High,1,Young_Adult,0,5,-2.0168074371120905,0.43447349495117293,High-Value Premium Buyers,1,Normal
32,Female,Scarf,Accessories,56,New Mexico,S,Silver,Summer,4.0,No,Venmo,Next Day Air,No,26,Credit Card,6,Medium,0,Young_Adult,0,1,-0.6747334233652506,-1.4177634124357024,Young Trend-Oriented Shoppers,1,Normal
29,Female,Sandals,Footwear,71,Arkansas,M,Purple,Spring,4.8,No,Cash,Next Day Air,No,14,PayPal,4,High,1,Young_Adult,0,5,-1.826661022833376,0.1030825553527174,Premium Loyal Customers,1,Normal
35,Female,Sandals,Footwear,94,Alaska,M,Olive,Fall,3.3,No,Credit Card,Express,No,9,Bank Transfer,1,Very_High,1,Young_Adult,0,5,-2.1634232279515664,0.5658408539958405,High-Value Premium Buyers,1,Normal
23,Female,Dress,Clothing,97,Louisiana,XL,Teal,Winter,4.7,No,PayPal,Standard,No,32,Debit Card,3,Very_High,1,Youth,0,5,-2.262185875494674,0.7971458447401958,High-Value Premium Buyers,1,Normal
70,Female,Skirt,Clothing,27,North Dakota,M,White,Summer,3.2,No,Cash,Standard,No,15,Bank Transfer,7,Low,0,Senior,0,1,-0.11299007293400935,-2.240222582733896,Occasional Low-Engagement Buyers,-1,Anomaly
23,Female,Shorts,Clothing,28,Rhode Island,M,Black,Spring,5.0,No,Bank Transfer,Standard,No,25,Credit Card,6,Low,0,Youth,0,1,-0.2926736681599728,-2.060244793178775,Occasional Low-Engagement Buyers,1,Normal
43,Female,Jeans,Clothing,67,Connecticut,L,Maroon,Fall,4.9,No,Cash,Free Shipping,No,27,PayPal,6,High,1,Adult,0,3,-1.751672401225581,0.038697222066790896,Premium Loyal Customers,1,Normal
29,Female,Socks,Clothing,70,New York,M,Cyan,Fall,4.9,No,Cash,Express,No,39,Bank Transfer,4,High,1,Young_Adult,0,3,-1.8099582468921633,0.16908190640372855,Premium Loyal Customers,1,Normal
61,Female,Coat,Outerwear,95,Kentucky,M,Violet,Fall,3.7,No,Cash,Express,No,49,Venmo,5,Very_High,1,Middle_Aged,0,7,-2.0793571726827857,0.7043691957313966,High-Value Premium Buyers,1,Normal
29,Female,Boots,Footwear,24,Maine,L,Yellow,Spring,3.0,No,Cash,Express,No,12,Venmo,5,Low,0,Young_Adult,0,1,-0.09237759583964793,-2.2975208508907325,Occasional Low-Engagement Buyers,1,Normal
66,Female,Belt,Accessories,35,Missouri,S,Yellow,Winter,2.6,No,PayPal,Standard,No,13,Bank Transfer,2,Low,0,Senior,0,1,-0.21487752579685893,-2.0757787953037328,Occasional Low-Engagement Buyers,1,Normal
46,Female,Shoes,Footwear,22,Georgia,L,Olive,Winter,2.6,No,Credit Card,Standard,No,22,Bank Transfer,4,Low,0,Adult,0,1,-0.00776217758452033,-2.3557619788192348,Occasional Low-Engagement Buyers,1,Normal
34,Female,Scarf,Accessories,66,Arizona,L,Olive,Fall,4.8,No,Bank Transfer,Standard,No,19,Credit Card,7,High,1,Young_Adult,0,5,-1.7360387835997666,-0.0002460899815578954,Premium Loyal Customers,1,Normal
51,Female,Blouse,Clothing,83,New Hampshire,M,Magenta,Summer,3.2,No,Bank Transfer,2-Day Shipping,No,3,Cash,5,Very_High,1,Middle_Aged,0,3,-1.9573929553679774,0.23905499771038577,High-Value Premium Buyers,1,Normal
26,Female,Dress,Clothing,95,Georgia,M,Orange,Fall,4.9,No,Venmo,Next Day Air,No,50,Credit Card,2,Very_High,1,Young_Adult,0,3,-2.2156713097404195,0.80829328953368,High-Value Premium Buyers,1,Normal
23,Female,Shorts,Clothing,41,California,S,Beige,Summer,3.4,No,Cash,2-Day Shipping,No,15,PayPal,3,Medium,0,Youth,0,1,-0.43155472309786846,-1.8487679099389098,Young Trend-Oriented Shoppers,1,Normal
52,Female,Blouse,Clothing,77,Arizona,L,Brown,Summer,2.7,No,Debit Card,Store Pickup,No,44,Credit Card,7,High,1,Middle_Aged,0,7,-1.7159118011179233,0.1777231911775887,Premium Loyal Customers,1,Normal
39,Female,Sneakers,Footwear,52,Florida,L,Indigo,Fall,4.8,No,Debit Card,Express,No,48,Debit Card,6,Medium,0,Adult,0,1,-0.6131558790355921,-1.4214205821358699,Family-Oriented Value Buyers,1,Normal
39,Female,Gloves,Accessories,41,New York,XL,Gray,Winter,4.1,No,Cash,Standard,No,4,Venmo,5,Medium,0,Adult,0,1,-0.47639405486705966,-1.8372839121794036,Family-Oriented Value Buyers,1,Normal
33,Female,Hoodie,Clothing,28,Idaho,M,Yellow,Winter,4.6,No,PayPal,Store Pickup,No,12,PayPal,5,Low,0,Young_Adult,0,1,-0.2952287535762407,-2.117550036415893,Occasional Low-Engagement Buyers,1,Normal
33,Female,Sweater,Clothing,90,Virginia,S,Violet,Summer,4.4,No,Debit Card,Standard,No,33,Debit Card,3,Very_High,1,Young_Adult,0,3,-2.082319039049085,0.5976949893760877,High-Value Premium Buyers,1,Normal
23,Female,Sunglasses,Accessories,55,Michigan,M,Magenta,Spring,3.5,No,Bank Transfer,2-Day Shipping,No,40,Cash,3,Medium,0,Youth,0,1,-0.6387950929275898,-1.4498842564915249,Young Trend-Oriented Shoppers,1,Normal
31,Female,Belt,Accessories,73,New Hampshire,M,Blue,Spring,4.8,No,Cash,Next Day Air,No,38,Cash,7,High,1,Young_Adult,0,3,-1.8075606721555784,0.22136951481869555,Premium Loyal Customers,1,Normal
27,Female,Dress,Clothing,87,South Dakota,M,Gray,Fall,2.9,No,PayPal,2-Day Shipping,No,19,Venmo,7,Very_High,1,Young_Adult,0,5,-2.0164348582476244,0.3981992337925383,High-Value Premium Buyers,1,Normal
48,Female,Jacket,Outerwear,89,South Dakota,M,Gold,Winter,3.2,No,Cash,2-Day Shipping,No,38,Bank Transfer,4,Very_High,1,Adult,0,7,-1.9888330300376869,0.49794176411615554,High-Value Premium Buyers,1,Normal
61,Female,Boots,Footwear,82,New Jersey,L,Lavender,Spring,4.4,No,Cash,2-Day Shipping,No,18,Venmo,1,Very_High,1,Middle_Aged,0,3,-1.9319899755076342,0.33848544381355067,High-Value Premium Buyers,1,Normal
63,Female,Sandals,Footwear,80,Wyoming,M,Black,Spring,4.6,No,Bank Transfer,Next Day Air,No,24,PayPal,6,High,1,Middle_Aged,0,3,-1.9085865122734484,0.29752010472165014,High-Value Premium Buyers,1,Normal
19,Female,Scarf,Accessories,87,Alabama,L,Charcoal,Summer,2.6,No,PayPal,2-Day Shipping,No,29,Venmo,4,Very_High,1,Youth,0,3,-1.9353083220285245,0.4021830077367265,High-Value Premium Buyers,1,Normal
21,Female,Blouse,Clothing,41,South Dakota,M,Violet,Spring,3.1,No,Cash,Store Pickup,No,14,PayPal,3,Medium,0,Youth,0,1,-0.42755120373172206,-1.8800560898069683,Young Trend-Oriented Shoppers,1,Normal
28,Female,Hoodie,Clothing,83,South Carolina,M,Charcoal,Spring,4.3,No,Bank Transfer,Standard,No,44,Cash,1,Very_High,1,Young_Adult,0,3,-1.9465380047017893,0.441101943176116,High-Value Premium Buyers,1,Normal
29,Female,Sunglasses,Accessories,71,New Mexico,M,Maroon,Summer,3.1,No,Cash,Standard,No,18,Bank Transfer,4,High,1,Young_Adult,0,5,-1.7100067815178324,0.013023863443567082,Premium Loyal Customers,1,Normal
23,Female,Hoodie,Clothing,76,Connecticut,XL,Purple,Spring,4.6,No,Bank Transfer,Store Pickup,No,19,Bank Transfer,5,High,1,Youth,0,5,-1.9138449837311218,0.23092700545870845,Premium Loyal Customers,1,Normal
37,Female,Scarf,Accessories,34,Kansas,S,Peach,Spring,4.6,No,Cash,Express,No,4,Cash,2,Low,0,Adult,0,1,-0.37745854357428116,-1.9795478700735318,Occasional Low-Engagement Buyers,1,Normal
67,Female,Dress,Clothing,81,South Carolina,XL,Olive,Spring,2.7,No,PayPal,Free Shipping,No,25,Cash,5,High,1,Senior,0,7,-1.823881400941066,0.22633189554228514,High-Value Premium Buyers,1,Normal
34,Female,T-shirt,Clothing,47,North Carolina,M,Indigo,Summer,3.0,No,Debit Card,Next Day Air,No,3,PayPal,6,Medium,0,Young_Adult,0,1,-0.5057228577735089,-1.7995139961563555,Young Trend-Oriented Shoppers,1,Normal
58,Female,Skirt,Clothing,36,Wyoming,S,Magenta,Summer,3.3,No,Bank Transfer,Store Pickup,No,40,Debit Card,4,Low,0,Middle_Aged,0,1,-0.23724169900046,-1.9236092432567775,Occasional Low-Engagement Buyers,1,Normal
45,Female,Jeans,Clothing,51,Louisiana,M,Gold,Spring,2.7,No,Debit Card,Free Shipping,No,5,Cash,2,Medium,0,Adult,0,1,-0.55617858950891,-1.7154768879274276,Family-Oriented Value Buyers,1,Normal
63,Female,Hoodie,Clothing,86,Louisiana,M,Orange,Fall,3.3,No,Bank Transfer,Standard,No,17,Debit Card,3,Very_High,1,Middle_Aged,0,7,-1.9676252895397337,0.36691167787716034,High-Value Premium Buyers,1,Normal
68,Female,Jeans,Clothing,41,Alabama,M,Gold,Fall,4.3,No,Venmo,Store Pickup,No,36,Bank Transfer,7,Medium,0,Senior,0,1,-0.41960984878799373,-1.7582936173038382,Family-Oriented Value Buyers,1,Normal
41,Female,Sandals,Footwear,90,Minnesota,XL,Purple,Fall,4.8,No,Cash,Express,No,41,Venmo,3,Very_High,1,Adult,0,3,-2.1069063244727575,0.6460128722813749,High-Value Premium Buyers,1,Normal
50,Female,Hat,Accessories,93,New Mexico,L,Charcoal,Fall,3.3,No,Debit Card,Standard,No,20,Venmo,5,Very_High,1,Adult,0,3,-2.0735402109719288,0.5532245489709314,High-Value Premium Buyers,1,Normal
24,Female,Gloves,Accessories,56,Tennessee,M,Cyan,Fall,4.3,No,Bank Transfer,Next Day Air,No,2,Cash,7,Medium,0,Youth,0,1,-0.7795174772584185,-1.4680771460802984,Young Trend-Oriented Shoppers,1,Normal
21,Female,Socks,Clothing,39,New Mexico,M,Cyan,Summer,3.0,No,Debit Card,2-Day Shipping,No,31,Debit Card,6,Low,0,Youth,0,1,-0.344646853918655,-1.894101218328791,Occasional Low-Engagement Buyers,1,Normal
18,Female,Jacket,Outerwear,86,Texas,XL,Green,Fall,4.8,No,Credit Card,2-Day Shipping,No,23,Bank Transfer,1,Very_High,1,Youth,0,5,-2.1202387609771294,0.5110466312394844,High-Value Premium Buyers,1,Normal
63,Female,T-shirt,Clothing,82,Washington,M,Silver,Spring,2.9,No,PayPal,Standard,No,30,Credit Card,3,Very_High,1,Middle_Aged,0,7,-1.840976223095446,0.26559609569435894,High-Value Premium Buyers,1,Normal
47,Female,Sandals,Footwear,29,Michigan,M,Teal,Summer,3.6,No,Credit Card,Standard,No,26,Cash,7,Low,0,Adult,0,1,-0.18310562944094155,-2.1237961680164945,Occasional Low-Engagement Buyers,1,Normal
58,Female,Hat,Accessories,27,Minnesota,M,Magenta,Fall,3.5,No,Cash,Store Pickup,No,40,Venmo,3,Low,0,Middle_Aged,0,1,-0.10464261984767749,-2.1335881825779026,Occasional Low-Engagement Buyers,1,Normal
46,Female,Gloves,Accessories,25,Delaware,L,Maroon,Spring,4.7,No,Bank Transfer,2-Day Shipping,No,19,Bank Transfer,3,Low,0,Adult,0,1,-0.1905501687138365,-2.178199750753665,Occasional Low-Engagement Buyers,1,Normal
35,Female,Dress,Clothing,31,California,M,Gold,Winter,4.4,No,Bank Transfer,Free Shipping,No,4,Credit Card,6,Low,0,Young_Adult,0,1,-0.3550268260032433,-2.075091936972977,Occasional Low-Engagement Buyers,1,Normal
42,Female,Hoodie,Clothing,23,Wisconsin,L,Purple,Winter,3.3,No,Cash,Store Pickup,No,33,Debit Card,1,Low,0,Adult,0,1,-0.03799560478289303,-2.244110472919841,Occasional Low-Engagement Buyers,1,Normal
48,Female,Belt,Accessories,47,Kentucky,M,Lavender,Fall,4.3,No,Debit Card,Express,No,29,Debit Card,6,Medium,0,Adult,0,1,-0.5364114479277227,-1.6270607861929873,Family-Oriented Value Buyers,1,Normal
28,Female,Gloves,Accessories,67,Nevada,M,Maroon,Fall,4.0,No,Venmo,2-Day Shipping,No,47,PayPal,5,High,1,Young_Adult,0,3,-1.6894586445307498,0.0698839302738296,Premium Loyal Customers,1,Normal
44,Female,Scarf,Accessories,75,North Carolina,S,Magenta,Winter,4.9,No,Cash,2-Day Shipping,No,50,Venmo,2,High,1,Adult,0,7,-1.820139775578171,0.32201484905700684,Premium Loyal Customers,1,Normal
60,Female,Sandals,Footwear,82,Louisiana,M,Turquoise,Summer,2.9,No,Credit Card,Express,No,28,Credit Card,1,Very_High,1,Middle_Aged,0,7,-1.8339171460471202,0.2710256870801724,High-Value Premium Buyers,1,Normal
38,Female,Sneakers,Footwear,32,New Jersey,XL,Silver,Summer,4.0,No,Venmo,2-Day Shipping,No,5,Cash,1,Low,0,Adult,0,1,-0.30197868992013993,-2.0748902808611147,Occasional Low-Engagement Buyers,1,Normal
46,Female,Dress,Clothing,41,Wisconsin,M,Purple,Fall,4.3,No,Bank Transfer,Store Pickup,No,12,Credit Card,3,Medium,0,Adult,0,1,-0.4901543819626538,-1.8199992190081011,Family-Oriented Value Buyers,1,Normal
39,Female,Jewelry,Accessories,89,Arkansas,M,Violet,Winter,2.7,No,Venmo,2-Day Shipping,No,4,PayPal,2,Very_High,1,Adult,0,5,-2.030917745859364,0.38927199851052796,High-Value Premium Buyers,1,Normal
22,Female,Hat,Accessories,82,Texas,XL,Peach,Fall,5.0,No,PayPal,Store Pickup,No,22,Bank Transfer,5,Very_High,1,Youth,0,5,-2.0559611575346657,0.4241063793011133,High-Value Premium Buyers,1,Normal
44,Female,Scarf,Accessories,99,Illinois,L,Green,Winter,4.4,No,Debit Card,Express,No,32,PayPal,2,Very_High,1,Adult,0,3,-2.233989245086913,0.8025813822725553,High-Value Premium Buyers,1,Normal
69,Female,Blouse,Clothing,98,Mississippi,L,Teal,Fall,3.5,No,Bank Transfer,Express,No,32,Venmo,4,Very_High,1,Senior,0,7,-2.1486609221837796,0.7103538884733152,High-Value Premium Buyers,1,Normal
39,Female,Belt,Accessories,54,Delaware,M,Silver,Winter,3.3,No,Credit Card,Next Day Air,No,48,Cash,7,Medium,0,Adult,0,1,-0.5632361559016489,-1.458330566350828,Family-Oriented Value Buyers,1,Normal
53,Female,Blouse,Clothing,88,Georgia,L,Purple,Summer,3.8,No,Cash,Free Shipping,No,35,Credit Card,6,Very_High,1,Middle_Aged,0,7,-2.000356042063767,0.4915978017695803,High-Value Premium Buyers,1,Normal
52,Female,T-shirt,Clothing,43,Kansas,L,Lavender,Summer,4.5,No,Credit Card,Standard,No,44,Debit Card,1,Medium,0,Middle_Aged,0,1,-0.43144632386220605,-1.6802711280386513,Family-Oriented Value Buyers,1,Normal
65,Female,Hat,Accessories,73,Oklahoma,M,Lavender,Winter,4.8,No,Credit Card,Store Pickup,No,29,Cash,2,High,1,Middle_Aged,0,7,-1.8005259107078224,0.18828357556997313,Premium Loyal Customers,1,Normal
48,Female,Hat,Accessories,50,New Jersey,M,Peach,Fall,2.9,No,Debit Card,Store Pickup,No,26,Credit Card,6,Medium,0,Adult,0,1,-0.5101163310454963,-1.6582049883075598,Family-Oriented Value Buyers,1,Normal
27,Female,Sneakers,Footwear,73,Utah,L,Green,Spring,3.2,No,PayPal,Express,No,3,Debit Card,4,High,1,Young_Adult,0,5,-1.7770762344101365,0.04319099003494548,Premium Loyal Customers,1,Normal
39,Female,Gloves,Accessories,51,Montana,M,Orange,Spring,2.8,No,Venmo,Free Shipping,No,1,Bank Transfer,5,Medium,0,Adult,0,1,-0.5877356165995241,-1.689397338954955,Family-Oriented Value Buyers,1,Normal
59,Female,Socks,Clothing,22,Ohio,M,Pink,Winter,3.3,No,Bank Transfer,Standard,No,17,PayPal,3,Low,0,Middle_Aged,0,1,-0.0680903882494714,-2.3562986345975636,Occasional Low-Engagement Buyers,1,Normal
52,Female,Sandals,Footwear,32,Colorado,L,Cyan,Fall,3.3,No,Cash,Free Shipping,No,17,Credit Card,1,Low,0,Middle_Aged,0,1,-0.23766544396280043,-2.090485052711637,Occasional Low-Engagement Buyers,1,Normal
50,Female,Sandals,Footwear,38,California,L,Lavender,Summer,4.2,No,PayPal,2-Day Shipping,No,36,Cash,2,Low,0,Adult,0,1,-0.34171858569221086,-1.8627181262483392,Occasional Low-Engagement Buyers,1,Normal
32,Female,Boots,Footwear,66,Utah,L,Yellow,Winter,3.6,No,PayPal,Express,No,32,Credit Card,1,High,1,Young_Adult,0,3,-1.6301509310487021,-0.030838300432652246,Premium Loyal Customers,1,Normal
40,Female,Backpack,Accessories,20,Kansas,M,Olive,Spring,4.6,No,Credit Card,Express,No,50,PayPal,5,Low,0,Adult,0,1,-0.06365899961571171,-2.203335976275074,Occasional Low-Engagement Buyers,1,Normal
26,Female,Coat,Outerwear,44,Illinois,M,Brown,Summer,3.6,No,Venmo,2-Day Shipping,No,39,Venmo,3,Medium,0,Young_Adult,0,1,-0.43592599374963825,-1.7163729424075271,Young Trend-Oriented Shoppers,1,Normal
47,Female,Sunglasses,Accessories,31,Minnesota,L,Pink,Spring,4.0,No,Credit Card,Next Day Air,No,17,PayPal,6,Low,0,Adult,0,1,-0.24577768347967627,-2.0816010913391363,Occasional Low-Engagement Buyers,1,Normal
51,Female,Jacket,Outerwear,45,New York,M,Cyan,Fall,2.7,No,Debit Card,Free Shipping,No,39,Bank Transfer,7,Medium,0,Middle_Aged,0,1,-0.38967607678169475,-1.7651800697577618,Family-Oriented Value Buyers,1,Normal
47,Female,Dress,Clothing,71,Arizona,L,Maroon,Summer,4.4,No,Credit Card,Store Pickup,No,5,PayPal,3,High,1,Adult,0,5,-1.8074070889327134,0.043137749307388236,Premium Loyal Customers,1,Normal
53,Female,Scarf,Accessories,96,Tennessee,XL,Magenta,Fall,3.2,No,Bank Transfer,Standard,No,47,Debit Card,3,Very_High,1,Middle_Aged,0,7,-2.0834060713236853,0.7013596815316416,High-Value Premium Buyers,1,Normal
35,Female,Blouse,Clothing,32,Arkansas,M,Violet,Winter,2.6,No,Cash,Next Day Air,No,18,Venmo,2,Low,0,Young_Adult,0,1,-0.20414029283757334,-2.1198307858890724,Occasional Low-Engagement Buyers,1,Normal
38,Female,Backpack,Accessories,90,Colorado,L,Silver,Summer,3.4,No,Credit Card,Free Shipping,No,31,Credit Card,7,Very_High,1,Adult,0,3,-2.021712719284653,0.5215469957715104,High-Value Premium Buyers,1,Normal
69,Female,Jewelry,Accessories,68,Nevada,M,Maroon,Spring,5.0,No,Credit Card,2-Day Shipping,No,39,Debit Card,1,High,1,Senior,0,7,-1.6990512319603053,0.1040348702525008,Premium Loyal Customers,-1,Anomaly
47,Female,Shorts,Clothing,45,Kansas,M,Gray,Winter,2.9,No,Cash,Store Pickup,No,12,Bank Transfer,2,Medium,0,Adult,0,1,-0.4572057286981721,-1.8091739121506192,Family-Oriented Value Buyers,1,Normal
31,Female,Skirt,Clothing,67,New York,M,White,Winter,5.0,No,Cash,Free Shipping,No,45,Cash,5,High,1,Young_Adult,0,3,-1.7514890437698198,0.12222052069853188,Premium Loyal Customers,1,Normal
68,Female,Skirt,Clothing,57,Minnesota,M,Brown,Fall,4.4,No,Debit Card,Standard,No,33,Credit Card,1,Medium,0,Senior,0,1,-0.6968380320620328,-1.4033442602262862,Family-Oriented Value Buyers,1,Normal
51,Female,Jeans,Clothing,60,Ohio,M,Silver,Summer,3.5,No,Cash,2-Day Shipping,No,3,PayPal,3,Medium,0,Middle_Aged,0,1,-0.7574293580045727,-1.453273973281761,Premium Loyal Customers,1,Normal
20,Female,Handbag,Accessories,32,Arizona,M,Yellow,Spring,3.8,No,Bank Transfer,Express,No,5,Venmo,7,Low,0,Youth,0,1,-0.3118257663617897,-2.0758265347118803,Occasional Low-Engagement Buyers,1,Normal
27,Female,Handbag,Accessories,29,Kentucky,S,Magenta,Fall,3.8,No,Venmo,Store Pickup,No,23,Debit Card,6,Low,0,Young_Adult,0,1,-0.2312947618332361,-2.073062359214367,Occasional Low-Engagement Buyers,1,Normal
67,Female,Coat,Outerwear,20,Minnesota,M,Blue,Spring,3.9,No,Debit Card,Next Day Air,No,39,Credit Card,1,Low,0,Senior,0,1,0.032834425378583734,-2.3226160072335817,Occasional Low-Engagement Buyers,1,Normal
21,Female,Jewelry,Accessories,98,Arkansas,M,Green,Winter,3.3,No,Debit Card,Next Day Air,No,10,Credit Card,3,Very_High,1,Youth,0,5,-2.2263477708792063,0.6668720082893028,High-Value Premium Buyers,1,Normal
20,Female,Sweater,Clothing,27,Wyoming,M,Yellow,Fall,2.9,No,Venmo,Next Day Air,No,4,Credit Card,5,Low,0,Youth,0,1,-0.20680771409934978,-2.2428562252375412,Occasional Low-Engagement Buyers,1,Normal
35,Female,Jacket,Outerwear,67,North Dakota,XL,Cyan,Spring,3.7,No,Debit Card,2-Day Shipping,No,18,Credit Card,6,High,1,Young_Adult,0,5,-1.6761203693171702,-0.06579870013440406,Premium Loyal Customers,1,Normal
58,Female,Shoes,Footwear,82,Alabama,L,Gold,Winter,3.7,No,Bank Transfer,Express,No,1,Debit Card,7,Very_High,1,Middle_Aged,0,3,-1.9381873687659887,0.26712310744128653,High-Value Premium Buyers,1,Normal
28,Female,T-shirt,Clothing,72,Mississippi,M,Magenta,Fall,4.6,No,Cash,Standard,No,18,PayPal,1,High,1,Young_Adult,0,5,-1.8537221825543695,0.13077327348451395,Premium Loyal Customers,1,Normal
27,Female,Sandals,Footwear,77,Illinois,S,Gray,Fall,4.9,No,Bank Transfer,Store Pickup,No,46,Bank Transfer,3,High,1,Young_Adult,0,3,-1.9072594111152243,0.36596731849683245,Premium Loyal Customers,1,Normal
19,Female,Shoes,Footwear,74,Arkansas,L,Indigo,Winter,3.1,No,Venmo,2-Day Shipping,No,13,Bank Transfer,1,High,1,Youth,0,5,-1.79356575872013,0.08970716814608114,Premium Loyal Customers,1,Normal
63,Female,Sandals,Footwear,39,Kansas,S,White,Winter,3.5,No,Cash,Next Day Air,No,5,Credit Card,1,Low,0,Middle_Aged,0,1,-0.36430871695090916,-1.9339092719724633,Occasional Low-Engagement Buyers,1,Normal
69,Female,Shorts,Clothing,80,Rhode Island,M,Indigo,Spring,4.9,No,Venmo,Next Day Air,No,11,Debit Card,2,High,1,Senior,0,3,-1.9454221874711084,0.3018696649190631,High-Value Premium Buyers,1,Normal
65,Female,Backpack,Accessories,59,Florida,M,Green,Summer,4.4,No,Cash,Express,No,49,Credit Card,2,Medium,0,Middle_Aged,0,1,-0.6772399969590267,-1.2866548893976704,Family-Oriented Value Buyers,1,Normal
63,Female,Jacket,Outerwear,68,Missouri,M,Turquoise,Fall,4.4,No,Cash,Store Pickup,No,1,Debit Card,1,High,1,Middle_Aged,0,3,-1.730943131271291,-0.041239399826027215,Premium Loyal Customers,1,Normal
28,Female,Socks,Clothing,77,North Carolina,M,Peach,Fall,3.4,No,Credit Card,Next Day Air,No,11,Credit Card,4,High,1,Young_Adult,0,5,-1.8934910512889593,0.1632956756417031,Premium Loyal Customers,1,Normal
67,Female,Jewelry,Accessories,50,Alabama,M,Olive,Winter,3.0,No,Credit Card,2-Day Shipping,No,47,Cash,7,Medium,0,Senior,0,1,-0.458770795740567,-1.5927281377771136,Family-Oriented Value Buyers,1,Normal
51,Female,Pants,Clothing,45,Washington,L,Cyan,Fall,2.6,No,Credit Card,Next Day Air,No,20,Venmo,6,Medium,0,Middle_Aged,0,1,-0.4062328662432045,-1.8065158909760786,Family-Oriented Value Buyers,1,Normal
59,Female,Blouse,Clothing,71,Michigan,XL,Magenta,Summer,3.2,No,PayPal,Store Pickup,No,18,Venmo,3,High,1,Middle_Aged,0,3,-1.690939840864328,-0.012254084710984686,Premium Loyal Customers,1,Normal
25,Female,Socks,Clothing,52,Washington,S,Silver,Fall,4.6,No,Credit Card,Store Pickup,No,43,PayPal,4,Medium,0,Youth,0,1,-0.6686206187611661,-1.4232693399629037,Young Trend-Oriented Shoppers,1,Normal
31,Female,Shoes,Footwear,50,Vermont,S,White,Winter,3.8,No,Cash,Free Shipping,No,4,PayPal,7,Medium,0,Young_Adult,0,1,-0.6307296264391073,-1.6236986510066336,Young Trend-Oriented Shoppers,1,Normal
62,Female,Handbag,Accessories,66,Illinois,L,Pink,Summer,4.8,No,Bank Transfer,2-Day Shipping,No,20,Venmo,4,High,1,Middle_Aged,0,3,-1.6820749887373803,-0.031690263686509124,Premium Loyal Customers,1,Normal
51,Female,Sandals,Footwear,81,New York,S,Pink,Fall,4.5,No,Venmo,Free Shipping,No,7,PayPal,6,High,1,Middle_Aged,0,5,-2.006578771119665,0.311395097256444,High-Value Premium Buyers,1,Normal
32,Female,Socks,Clothing,28,Rhode Island,M,Pink,Summer,4.2,No,Debit Card,2-Day Shipping,No,31,Bank Transfer,1,Low,0,Young_Adult,0,1,-0.2235752308882808,-2.107534886572827,Occasional Low-Engagement Buyers,1,Normal
35,Female,Handbag,Accessories,65,Washington,M,Blue,Winter,2.7,No,Venmo,2-Day Shipping,No,41,Venmo,1,High,1,Young_Adult,0,3,-1.5436381308460916,-0.08637714182923262,Premium Loyal Customers,1,Normal
70,Female,Hat,Accessories,80,Virginia,M,White,Winter,4.5,No,Cash,Express,No,3,Bank Transfer,6,High,1,Senior,0,3,-1.9450070954725518,0.2688423722013025,High-Value Premium Buyers,1,Normal
19,Female,Jewelry,Accessories,94,Wisconsin,S,Teal,Spring,4.9,No,PayPal,Free Shipping,No,16,PayPal,6,Very_High,1,Youth,0,5,-2.2444503618830343,0.6854561057045925,High-Value Premium Buyers,1,Normal
32,Female,Backpack,Accessories,30,Michigan,M,Gray,Fall,2.8,No,Cash,Standard,No,43,Cash,3,Low,0,Young_Adult,0,1,-0.15200037184139692,-2.0770602671544616,Occasional Low-Engagement Buyers,1,Normal
56,Female,Shirt,Clothing,45,Texas,S,Beige,Fall,3.5,No,Debit Card,Standard,No,29,Bank Transfer,1,Medium,0,Middle_Aged,0,1,-0.4484726055230627,-1.7294662256369056,Family-Oriented Value Buyers,1,Normal
53,Female,Coat,Outerwear,91,Idaho,M,Violet,Summer,2.5,No,PayPal,Store Pickup,No,5,Cash,5,Very_High,1,Middle_Aged,0,3,-2.013113067016054,0.3966271586521776,High-Value Premium Buyers,1,Normal
22,Female,Sunglasses,Accessories,36,Iowa,S,Blue,Winter,2.9,No,Venmo,Standard,No,30,Debit Card,4,Low,0,Youth,0,1,-0.27875020796339905,-1.929803701087543,Occasional Low-Engagement Buyers,1,Normal
26,Female,Gloves,Accessories,73,Connecticut,XL,Magenta,Fall,4.2,No,PayPal,Next Day Air,No,33,Debit Card,6,High,1,Young_Adult,0,5,-1.8023179476482425,0.1788577711526542,Premium Loyal Customers,1,Normal
42,Female,Shirt,Clothing,60,Wyoming,M,Maroon,Fall,4.6,No,Venmo,Store Pickup,No,46,Venmo,5,Medium,0,Adult,0,1,-0.7826071948996307,-1.234398266146777,Premium Loyal Customers,1,Normal
30,Female,Socks,Clothing,77,Mississippi,M,Purple,Winter,3.0,No,Bank Transfer,Free Shipping,No,17,Venmo,1,High,1,Young_Adult,0,5,-1.8323659915105845,0.14897245457407343,Premium Loyal Customers,1,Normal
29,Female,Skirt,Clothing,86,Pennsylvania,L,Charcoal,Spring,4.4,No,PayPal,Free Shipping,No,47,Credit Card,5,Very_High,1,Young_Adult,0,3,-2.0234106718824276,0.5355898568342528,High-Value Premium Buyers,1,Normal
47,Female,Shorts,Clothing,42,Tennessee,L,Red,Summer,2.6,No,PayPal,Standard,No,17,Cash,5,Medium,0,Adult,0,1,-0.3561339894277474,-1.908224269848687,Family-Oriented Value Buyers,1,Normal
59,Female,Sandals,Footwear,70,Louisiana,M,Charcoal,Spring,4.8,No,PayPal,Free Shipping,No,17,Cash,5,High,1,Middle_Aged,0,3,-1.79012377285956,0.06192836733757688,Premium Loyal Customers,1,Normal
34,Female,Shirt,Clothing,44,Arkansas,L,Lavender,Summer,2.9,No,PayPal,Next Day Air,No,28,Bank Transfer,7,Medium,0,Young_Adult,0,1,-0.39511722157986756,-1.797960803256918,Young Trend-Oriented Shoppers,1,Normal
52,Female,Sunglasses,Accessories,91,West Virginia,L,White,Spring,3.0,No,Venmo,Next Day Air,No,8,Cash,6,Very_High,1,Middle_Aged,0,3,-2.0278696640894522,0.45812323135552,High-Value Premium Buyers,1,Normal
47,Female,Jewelry,Accessories,30,South Carolina,L,Red,Fall,4.5,No,Cash,Standard,No,8,Bank Transfer,4,Low,0,Adult,0,1,-0.28599948897300714,-2.0851275935629383,Occasional Low-Engagement Buyers,1,Normal
24,Female,Blouse,Clothing,23,Kansas,S,Violet,Fall,3.7,No,Venmo,Store Pickup,No,4,Bank Transfer,5,Low,0,Youth,0,1,-0.19648168936776628,-2.2803265951120153,Occasional Low-Engagement Buyers,1,Normal
63,Female,Sandals,Footwear,21,Michigan,XL,Orange,Summer,4.8,No,Credit Card,Next Day Air,No,24,PayPal,2,Low,0,Middle_Aged,0,1,-0.09641542823925132,-2.2632663377766615,Occasional Low-Engagement Buyers,1,Normal
59,Female,Coat,Outerwear,34,Alabama,L,Turquoise,Spring,4.8,No,Venmo,Free Shipping,No,29,Cash,1,Low,0,Middle_Aged,0,1,-0.3028637697418056,-1.9344339888873754,Occasional Low-Engagement Buyers,1,Normal
66,Female,Blouse,Clothing,46,South Dakota,M,Violet,Summer,4.7,No,Debit Card,2-Day Shipping,No,10,Venmo,2,Medium,0,Senior,0,1,-0.5568610889955274,-1.7215490571064533,Family-Oriented Value Buyers,1,Normal
45,Female,Sweater,Clothing,41,Rhode Island,M,Blue,Winter,2.6,No,Venmo,Express,No,11,PayPal,5,Medium,0,Adult,0,1,-0.3817568200180759,-1.92197854640241,Family-Oriented Value Buyers,1,Normal
38,Female,Skirt,Clothing,33,Florida,M,White,Fall,4.6,No,Bank Transfer,Standard,No,18,Bank Transfer,1,Low,0,Adult,0,1,-0.359646056515604,-1.9816455656590033,Occasional Low-Engagement Buyers,1,Normal
63,Female,Blouse,Clothing,48,Connecticut,L,Turquoise,Fall,3.4,No,Venmo,Next Day Air,No,26,Bank Transfer,3,Medium,0,Middle_Aged,0,1,-0.49369438792094467,-1.68779828454711,Family-Oriented Value Buyers,1,Normal
55,Female,Hoodie,Clothing,66,Pennsylvania,L,Pink,Winter,3.0,No,PayPal,Standard,No,39,Cash,2,High,1,Middle_Aged,0,7,-1.5562502524695616,-0.0823184946062605,Premium Loyal Customers,1,Normal
25,Female,Skirt,Clothing,54,California,XL,Maroon,Spring,4.0,No,Credit Card,2-Day Shipping,No,4,Venmo,3,Medium,0,Youth,0,1,-0.7275605694334775,-1.536527458021632,Young Trend-Oriented Shoppers,1,Normal
51,Female,Backpack,Accessories,55,Oklahoma,M,Olive,Fall,2.6,No,Cash,Store Pickup,No,24,Bank Transfer,2,Medium,0,Middle_Aged,0,1,-0.5705794697109425,-1.5501666552416853,Family-Oriented Value Buyers,1,Normal
28,Female,Handbag,Accessories,84,North Dakota,XL,Charcoal,Summer,3.4,No,Credit Card,Store Pickup,No,2,Bank Transfer,7,Very_High,1,Young_Adult,0,5,-1.9878312710435881,0.31596617886389705,High-Value Premium Buyers,1,Normal
46,Female,Sandals,Footwear,66,New Mexico,M,Charcoal,Spring,4.5,No,Cash,Store Pickup,No,36,Cash,3,High,1,Adult,0,3,-1.663951998867063,0.020690842512319816,Premium Loyal Customers,1,Normal
58,Female,Shoes,Footwear,65,South Carolina,M,Indigo,Spring,2.7,No,PayPal,Store Pickup,No,36,Venmo,2,High,1,Middle_Aged,0,7,-1.5008966064384794,-0.13508404213501318,Premium Loyal Customers,1,Normal
30,Female,Sandals,Footwear,83,Michigan,S,Teal,Fall,2.9,No,Bank Transfer,Standard,No,23,PayPal,7,Very_High,1,Young_Adult,0,3,-1.914359227815088,0.31708747655813707,High-Value Premium Buyers,1,Normal
68,Female,Sunglasses,Accessories,61,Missouri,L,Black,Winter,4.0,No,PayPal,Store Pickup,No,36,Credit Card,4,High,1,Senior,0,7,-1.516418756949218,-0.14383936970002337,Premium Loyal Customers,1,Normal
28,Female,Skirt,Clothing,65,Colorado,L,Teal,Summer,3.2,No,PayPal,Free Shipping,No,2,Debit Card,3,High,1,Young_Adult,0,5,-1.651275067036951,-0.17442073911419367,Premium Loyal Customers,1,Normal
26,Female,Sandals,Footwear,55,Kansas,M,Green,Spring,4.0,No,Credit Card,Store Pickup,No,17,Cash,5,Medium,0,Young_Adult,0,1,-0.7219288490921117,-1.473420586327313,Young Trend-Oriented Shoppers,1,Normal
35,Female,Gloves,Accessories,79,Illinois,M,Gold,Fall,3.4,No,Bank Transfer,2-Day Shipping,No,19,Venmo,2,High,1,Young_Adult,0,3,-1.882515767913384,0.22705523043546652,Premium Loyal Customers,1,Normal
40,Female,Hoodie,Clothing,96,South Carolina,M,Red,Fall,4.9,No,Bank Transfer,Express,No,41,PayPal,6,Very_High,1,Adult,0,3,-2.2292964621165523,0.7820031977573241,High-Value Premium Buyers,1,Normal
31,Female,Socks,Clothing,43,Utah,M,Silver,Fall,3.6,No,Debit Card,Free Shipping,No,27,PayPal,4,Medium,0,Young_Adult,0,1,-0.4763604342512603,-1.7818893177647552,Young Trend-Oriented Shoppers,1,Normal
60,Female,Jewelry,Accessories,40,Hawaii,M,Yellow,Summer,3.6,No,PayPal,2-Day Shipping,No,32,Bank Transfer,1,Medium,0,Middle_Aged,0,1,-0.33656201860524004,-1.8582986439903264,Family-Oriented Value Buyers,1,Normal
69,Female,Hat,Accessories,62,Texas,XL,Peach,Fall,3.2,No,Cash,Free Shipping,No,33,Cash,3,High,1,Senior,0,7,-1.5178468862143104,-0.1662856758796571,Premium Loyal Customers,1,Normal
51,Female,Blouse,Clothing,72,Oregon,M,Turquoise,Spring,3.7,No,Venmo,2-Day Shipping,No,24,PayPal,4,High,1,Middle_Aged,0,3,-1.7543080756030878,0.07191447530709197,Premium Loyal Customers,1,Normal
49,Female,Shoes,Footwear,87,Arizona,M,Peach,Spring,2.6,No,Cash,Express,No,31,Debit Card,7,Very_High,1,Adult,0,7,-1.9130431820293716,0.4125298120515066,High-Value Premium Buyers,1,Normal
18,Female,Hat,Accessories,31,New York,S,Peach,Winter,3.9,No,Cash,Express,No,35,Credit Card,2,Low,0,Youth,0,1,-0.2537968316602282,-1.979117759214814,Occasional Low-Engagement Buyers,1,Normal
63,Female,Sunglasses,Accessories,34,Nebraska,S,Orange,Fall,3.4,No,Credit Card,Free Shipping,No,2,Bank Transfer,6,Low,0,Middle_Aged,0,1,-0.3092204009641307,-2.0636913792127523,Occasional Low-Engagement Buyers,1,Normal
57,Female,Shirt,Clothing,53,Vermont,M,Charcoal,Fall,3.4,No,Bank Transfer,Next Day Air,No,42,Debit Card,7,Medium,0,Middle_Aged,0,1,-0.5553954945043704,-1.5010766812065874,Family-Oriented Value Buyers,1,Normal
45,Female,T-shirt,Clothing,85,Maryland,XL,White,Summer,4.2,No,Venmo,Express,No,47,Bank Transfer,7,Very_High,1,Adult,0,7,-1.9619845060555237,0.5067103133277111,High-Value Premium Buyers,1,Normal
36,Female,Pants,Clothing,50,Tennessee,L,Turquoise,Fall,2.9,No,Credit Card,Standard,No,44,Bank Transfer,5,Medium,0,Adult,0,1,-0.5011968651828399,-1.5945296203091803,Family-Oriented Value Buyers,1,Normal
20,Female,Pants,Clothing,91,Pennsylvania,M,Red,Summer,4.1,No,Cash,Free Shipping,No,8,Bank Transfer,7,Very_High,1,Youth,0,5,-2.16753145602548,0.5416563210155154,High-Value Premium Buyers,1,Normal
21,Female,Hat,Accessories,56,South Carolina,M,Peach,Fall,3.6,No,Debit Card,Free Shipping,No,13,Credit Card,4,Medium,0,Youth,0,1,-0.7291249946501841,-1.4824430515610016,Young Trend-Oriented Shoppers,1,Normal
62,Female,Coat,Outerwear,60,Connecticut,L,Pink,Fall,4.0,No,Credit Card,Next Day Air,No,10,Cash,3,Medium,0,Middle_Aged,0,1,-0.7580521709894061,-1.4085750907232535,Premium Loyal Customers,1,Normal
23,Female,Jacket,Outerwear,34,Kentucky,XL,Yellow,Fall,4.0,No,PayPal,Standard,No,1,Credit Card,1,Low,0,Youth,0,1,-0.3752483905615167,-2.041931308032505,Occasional Low-Engagement Buyers,1,Normal
26,Female,Sandals,Footwear,30,Rhode Island,M,Beige,Spring,3.6,No,Venmo,Free Shipping,No,1,Debit Card,6,Low,0,Young_Adult,0,1,-0.2801336156964672,-2.1423820873413932,Occasional Low-Engagement Buyers,1,Normal
30,Female,Gloves,Accessories,71,Colorado,L,Green,Winter,3.1,No,PayPal,Express,No,18,Bank Transfer,3,High,1,Young_Adult,0,5,-1.719886900828735,0.021511293955389192,Premium Loyal Customers,1,Normal
18,Female,Dress,Clothing,100,Oklahoma,S,Turquoise,Winter,4.4,No,Bank Transfer,Next Day Air,No,2,PayPal,3,Very_High,1,Youth,0,5,-2.348762867446199,0.7691096785058588,High-Value Premium Buyers,1,Normal
47,Female,Belt,Accessories,85,Idaho,XL,Orange,Fall,4.3,No,Debit Card,Next Day Air,No,36,Debit Card,7,Very_High,1,Adult,0,3,-1.979257600302941,0.4805999628384529,High-Value Premium Buyers,1,Normal
41,Female,Socks,Clothing,83,Maine,M,Gold,Summer,3.5,No,Credit Card,Next Day Air,No,17,Debit Card,5,Very_High,1,Adult,0,3,-1.9512474037628664,0.3200408607985278,High-Value Premium Buyers,1,Normal
62,Female,Jacket,Outerwear,31,Vermont,L,Red,Winter,3.0,No,Credit Card,Standard,No,1,Debit Card,3,Low,0,Middle_Aged,0,1,-0.19572265934116184,-2.1890493700731364,Occasional Low-Engagement Buyers,1,Normal
28,Female,Boots,Footwear,82,Rhode Island,M,Teal,Spring,4.7,No,Bank Transfer,2-Day Shipping,No,50,Cash,4,Very_High,1,Young_Adult,0,3,-1.9612880834986315,0.47125521916307017,High-Value Premium Buyers,1,Normal
46,Female,Shirt,Clothing,79,Florida,M,Teal,Summer,2.5,No,Bank Transfer,2-Day Shipping,No,3,Credit Card,5,High,1,Adult,0,3,-1.8450990829797957,0.11373230618711361,Premium Loyal Customers,1,Normal
54,Female,Hat,Accessories,62,West Virginia,M,Lavender,Spring,3.1,No,Credit Card,2-Day Shipping,No,45,PayPal,4,High,1,Middle_Aged,0,7,-1.490495674566932,-0.13602976637241693,Premium Loyal Customers,1,Normal
36,Female,Shoes,Footwear,92,Indiana,L,Pink,Spring,3.3,No,PayPal,Free Shipping,No,28,PayPal,3,Very_High,1,Adult,0,3,-2.0687399103164315,0.5453118624859625,High-Value Premium Buyers,1,Normal
25,Female,Socks,Clothing,58,Illinois,M,Maroon,Fall,4.7,No,Bank Transfer,Next Day Air,No,6,Debit Card,7,Medium,0,Youth,0,1,-0.840933577203296,-1.386877344495758,Young Trend-Oriented Shoppers,1,Normal
38,Female,Hoodie,Clothing,88,California,M,Beige,Spring,3.4,No,Venmo,Next Day Air,No,33,Debit Card,7,Very_High,1,Adult,0,3,-1.9859577319724415,0.492604307022352,High-Value Premium Buyers,1,Normal
38,Female,Sandals,Footwear,44,Massachusetts,L,Orange,Spring,3.1,No,Cash,2-Day Shipping,No,29,PayPal,3,Medium,0,Adult,0,1,-0.41067373733697965,-1.7789745900542813,Family-Oriented Value Buyers,1,Normal
42,Female,Jeans,Clothing,56,Idaho,M,Red,Spring,4.6,No,Cash,Store Pickup,No,2,PayPal,7,Medium,0,Adult,0,1,-0.766940219841604,-1.4675534306964422,Family-Oriented Value Buyers,1,Normal
19,Female,Jewelry,Accessories,23,Kentucky,S,Maroon,Winter,4.9,No,Debit Card,Free Shipping,No,43,PayPal,5,Low,0,Youth,0,1,-0.17504471757240891,-2.110625314443931,Occasional Low-Engagement Buyers,1,Normal
34,Female,Shorts,Clothing,45,Delaware,M,Brown,Spring,2.7,No,Credit Card,Free Shipping,No,48,Cash,1,Medium,0,Young_Adult,0,1,-0.3936448970919296,-1.7195931544522696,Young Trend-Oriented Shoppers,1,Normal
38,Female,Sunglasses,Accessories,31,Idaho,M,Olive,Fall,4.2,No,Bank Transfer,Free Shipping,No,43,Credit Card,2,Low,0,Adult,0,1,-0.2576893271982607,-1.9816765019604674,Occasional Low-Engagement Buyers,1,Normal
42,Female,Pants,Clothing,96,Virginia,M,Silver,Summer,2.6,No,Cash,Store Pickup,No,26,Debit Card,5,Very_High,1,Adult,0,3,-2.0837435788160468,0.6123532991805022,High-Value Premium Buyers,1,Normal
58,Female,Shirt,Clothing,96,Arizona,M,Purple,Spring,3.2,No,Venmo,2-Day Shipping,No,26,Debit Card,5,Very_High,1,Middle_Aged,0,7,-2.131731744419791,0.6483964032317717,High-Value Premium Buyers,1,Normal
56,Female,Shirt,Clothing,80,Maryland,M,Gray,Fall,4.4,No,Debit Card,Standard,No,50,Credit Card,5,High,1,Middle_Aged,0,7,-1.8957062167645022,0.37779883794793656,High-Value Premium Buyers,1,Normal
62,Female,Pants,Clothing,28,Idaho,L,Cyan,Fall,3.6,No,Credit Card,Free Shipping,No,36,Debit Card,4,Low,0,Middle_Aged,0,1,-0.15358796008421394,-2.105086383820674,Occasional Low-Engagement Buyers,1,Normal
24,Female,Hoodie,Clothing,51,New Jersey,M,Gray,Summer,2.7,No,Venmo,Next Day Air,No,26,Bank Transfer,1,Medium,0,Youth,0,1,-0.5289869705619096,-1.6310517463351861,Young Trend-Oriented Shoppers,1,Normal
60,Female,Socks,Clothing,41,Washington,L,Gold,Spring,4.3,No,Bank Transfer,Express,No,2,Debit Card,6,Medium,0,Middle_Aged,0,1,-0.4597341032995431,-1.8649441351346492,Family-Oriented Value Buyers,1,Normal
53,Female,Coat,Outerwear,99,Idaho,XL,Cyan,Summer,2.6,No,Debit Card,Next Day Air,No,49,PayPal,6,Very_High,1,Middle_Aged,0,7,-2.052740587379309,0.7088407847803806,High-Value Premium Buyers,1,Normal
26,Female,Sweater,Clothing,53,Rhode Island,L,Olive,Spring,4.3,No,Credit Card,Store Pickup,No,32,Bank Transfer,5,Medium,0,Young_Adult,0,1,-0.6588240490072789,-1.4639269466887104,Young Trend-Oriented Shoppers,1,Normal
34,Female,Backpack,Accessories,25,Delaware,M,Violet,Fall,3.9,No,PayPal,2-Day Shipping,No,3,Venmo,3,Low,0,Young_Adult,0,1,-0.20962016787931698,-2.254202758265964,Occasional Low-Engagement Buyers,1,Normal
24,Female,Blouse,Clothing,95,Alaska,L,Yellow,Winter,2.9,No,Debit Card,2-Day Shipping,No,38,Venmo,7,Very_High,1,Youth,0,3,-2.0981270737630546,0.6378078823998548,High-Value Premium Buyers,1,Normal
42,Female,Hoodie,Clothing,88,Arizona,M,Gold,Fall,3.1,No,Debit Card,Free Shipping,No,5,PayPal,6,Very_High,1,Adult,0,5,-2.056115358093707,0.3691566548963451,High-Value Premium Buyers,1,Normal
36,Female,Jewelry,Accessories,97,Alabama,S,Silver,Fall,4.2,No,Cash,Free Shipping,No,8,Credit Card,7,Very_High,1,Adult,0,5,-2.2634007364988618,0.7028206313267681,High-Value Premium Buyers,1,Normal
24,Female,Coat,Outerwear,81,Washington,L,Pink,Winter,4.1,No,Debit Card,2-Day Shipping,No,43,Venmo,2,High,1,Youth,0,3,-1.896928274111181,0.374895427205608,High-Value Premium Buyers,1,Normal
39,Female,Sunglasses,Accessories,26,Louisiana,S,Turquoise,Winter,4.2,No,Bank Transfer,Next Day Air,No,22,Bank Transfer,1,Low,0,Adult,0,1,-0.1705866922189176,-2.148884590905996,Occasional Low-Engagement Buyers,1,Normal
46,Female,Shoes,Footwear,41,Nebraska,M,Turquoise,Summer,4.4,No,PayPal,Express,No,10,Cash,7,Medium,0,Adult,0,1,-0.4653156394328408,-1.83326714172437,Family-Oriented Value Buyers,1,Normal
64,Female,Skirt,Clothing,93,Pennsylvania,M,Peach,Fall,3.4,No,Bank Transfer,Free Shipping,No,26,Credit Card,6,Very_High,1,Middle_Aged,0,7,-2.103159559993532,0.5624571171641343,High-Value Premium Buyers,1,Normal
64,Female,Skirt,Clothing,69,South Carolina,L,Teal,Spring,4.8,No,Credit Card,Express,No,42,Debit Card,5,High,1,Middle_Aged,0,7,-1.707355764484918,0.13118648819388534,Premium Loyal Customers,1,Normal
61,Female,Skirt,Clothing,44,California,L,Red,Fall,4.5,No,Debit Card,2-Day Shipping,No,33,Cash,2,Medium,0,Middle_Aged,0,1,-0.4828399345407597,-1.7053769637085183,Family-Oriented Value Buyers,1,Normal
61,Female,Sandals,Footwear,54,Indiana,S,Black,Spring,2.7,No,Cash,Store Pickup,No,23,Bank Transfer,4,Medium,0,Middle_Aged,0,1,-0.5353605373310251,-1.571490897985792,Family-Oriented Value Buyers,1,Normal
44,Female,Sneakers,Footwear,61,Missouri,M,Pink,Spring,3.5,No,Credit Card,Store Pickup,No,30,Venmo,4,High,1,Adult,0,3,-1.5261798910654658,-0.1723004819538193,Premium Loyal Customers,1,Normal
65,Female,Socks,Clothing,80,Connecticut,M,Peach,Fall,3.1,No,PayPal,Next Day Air,No,36,PayPal,2,High,1,Middle_Aged,0,7,-1.818060528382351,0.2348365199189249,High-Value Premium Buyers,1,Normal
60,Female,Backpack,Accessories,30,Nevada,M,Green,Summer,2.8,No,Venmo,Next Day Air,No,3,Venmo,7,Low,0,Middle_Aged,0,1,-0.15961775426162333,-2.204560626985402,Occasional Low-Engagement Buyers,1,Normal
65,Female,Shorts,Clothing,94,New York,L,Green,Fall,2.9,No,Venmo,Store Pickup,No,13,PayPal,3,Very_High,1,Middle_Aged,0,7,-2.0924601370998674,0.5339949534851535,High-Value Premium Buyers,1,Normal
27,Female,Shirt,Clothing,24,Oklahoma,XL,Red,Winter,4.5,No,PayPal,Standard,No,38,Cash,7,Low,0,Young_Adult,0,1,-0.1675893670923158,-2.1366780678912987,Occasional Low-Engagement Buyers,1,Normal
36,Female,Socks,Clothing,21,South Dakota,M,Maroon,Fall,3.5,No,PayPal,Next Day Air,No,19,Venmo,6,Low,0,Adult,0,1,-0.0838519436079203,-2.3460032003637075,Occasional Low-Engagement Buyers,1,Normal
22,Female,Jewelry,Accessories,52,Missouri,M,Green,Summer,4.3,No,Cash,Standard,No,14,Bank Transfer,5,Medium,0,Youth,0,1,-0.6743401305846909,-1.5334972699833698,Young Trend-Oriented Shoppers,1,Normal
62,Female,Handbag,Accessories,59,Texas,M,Black,Fall,4.9,No,Cash,Next Day Air,No,43,Debit Card,3,Medium,0,Middle_Aged,0,1,-0.7417927747594745,-1.264906595594267,Family-Oriented Value Buyers,1,Normal
59,Female,Shorts,Clothing,51,New York,XL,Black,Summer,3.1,No,Venmo,Free Shipping,No,10,Bank Transfer,1,Medium,0,Middle_Aged,0,1,-0.5562729651355695,-1.6671786200471161,Family-Oriented Value Buyers,1,Normal
50,Female,Sweater,Clothing,35,Vermont,M,Yellow,Winter,4.0,No,PayPal,Free Shipping,No,34,Bank Transfer,4,Low,0,Adult,0,1,-0.3172973059993649,-1.9347316236909913,Occasional Low-Engagement Buyers,1,Normal
51,Female,Gloves,Accessories,87,Arizona,L,Green,Summer,3.6,No,Cash,Standard,No,31,Venmo,3,Very_High,1,Middle_Aged,0,7,-1.9528701694940402,0.45552115917002733,High-Value Premium Buyers,1,Normal
23,Female,Pants,Clothing,42,Montana,L,Black,Summer,4.0,No,Credit Card,Store Pickup,No,34,Bank Transfer,2,Medium,0,Youth,0,1,-0.43909905581021935,-1.7490655152374697,Young Trend-Oriented Shoppers,1,Normal
21,Female,T-shirt,Clothing,86,Oklahoma,M,Red,Winter,2.6,No,Bank Transfer,Express,No,28,Venmo,5,Very_High,1,Youth,0,3,-1.9544016580970587,0.3913038837596016,High-Value Premium Buyers,1,Normal
44,Female,Pants,Clothing,26,New Hampshire,L,Yellow,Fall,3.1,No,Cash,Next Day Air,No,35,Cash,3,Low,0,Adult,0,1,-0.08960455735653887,-2.1929482242239677,Occasional Low-Engagement Buyers,1,Normal
25,Female,Sweater,Clothing,60,Wisconsin,M,Violet,Summer,3.5,No,Bank Transfer,Store Pickup,No,41,Cash,4,Medium,0,Youth,0,1,-0.7083550321153437,-1.3261836015244737,Premium Loyal Customers,1,Normal
57,Female,Gloves,Accessories,83,Alaska,S,Cyan,Winter,3.9,No,Venmo,Standard,No,48,PayPal,1,Very_High,1,Middle_Aged,0,7,-1.8846181768606032,0.44686314668557975,High-Value Premium Buyers,1,Normal
41,Female,Belt,Accessories,63,South Dakota,S,Pink,Spring,2.7,No,Debit Card,2-Day Shipping,No,45,Cash,4,High,1,Adult,0,7,-1.489071128451812,-0.1303730095259176,Premium Loyal Customers,1,Normal
19,Female,Sneakers,Footwear,25,Alaska,L,Olive,Spring,4.1,No,Debit Card,Standard,No,10,Credit Card,1,Low,0,Youth,0,1,-0.18331040229420614,-2.2256076282560286,Occasional Low-Engagement Buyers,1,Normal
43,Female,Shorts,Clothing,65,Utah,M,Maroon,Fall,4.3,No,Debit Card,Express,No,9,Cash,2,High,1,Adult,0,5,-1.7127004227886213,-0.09521826262424193,Premium Loyal Customers,1,Normal
25,Female,Sneakers,Footwear,60,South Dakota,M,Cyan,Fall,2.9,No,PayPal,Free Shipping,No,30,Debit Card,3,Medium,0,Youth,0,1,-0.7188276278894775,-1.3751346535971483,Premium Loyal Customers,1,Normal
60,Female,Jeans,Clothing,75,California,XL,Lavender,Spring,4.0,No,Venmo,Express,No,45,PayPal,3,High,1,Middle_Aged,0,7,-1.7656365407943215,0.2288985045130864,Premium Loyal Customers,1,Normal
54,Female,Sneakers,Footwear,57,Mississippi,L,Yellow,Fall,4.1,No,Bank Transfer,Free Shipping,No,41,Venmo,4,Medium,0,Middle_Aged,0,1,-0.6658918875032193,-1.3714618245580223,Family-Oriented Value Buyers,1,Normal
52,Female,Boots,Footwear,99,Tennessee,M,Pink,Winter,3.7,No,Venmo,Standard,No,40,PayPal,1,Very_High,1,Middle_Aged,0,7,-2.1825824595453653,0.7810943215719853,High-Value Premium Buyers,1,Normal
40,Female,Jacket,Outerwear,45,Alabama,L,Orange,Spring,2.8,No,Cash,Free Shipping,No,42,PayPal,1,Medium,0,Adult,0,1,-0.36753656043314764,-1.7468525645086945,Family-Oriented Value Buyers,1,Normal
39,Female,Gloves,Accessories,66,Maine,XL,Orange,Summer,3.2,No,Cash,Free Shipping,No,17,Debit Card,1,High,1,Adult,0,3,-1.6161638521703499,-0.09285981499608642,Premium Loyal Customers,1,Normal
54,Female,Socks,Clothing,53,Virginia,M,Violet,Winter,4.5,No,Cash,Next Day Air,No,4,Venmo,3,Medium,0,Middle_Aged,0,1,-0.6983502652238036,-1.549049096341036,Family-Oriented Value Buyers,1,Normal
64,Female,Jeans,Clothing,94,New Hampshire,L,Lavender,Winter,3.8,No,Debit Card,Standard,No,6,Cash,6,Very_High,1,Middle_Aged,0,3,-2.1353506902638495,0.5444352325590062,High-Value Premium Buyers,1,Normal
31,Female,Boots,Footwear,47,Tennessee,L,Yellow,Fall,3.6,No,Venmo,2-Day Shipping,No,22,Venmo,2,Medium,0,Young_Adult,0,1,-0.5299198549086468,-1.6756857342167515,Young Trend-Oriented Shoppers,1,Normal
37,Female,Blouse,Clothing,80,New York,M,Pink,Fall,3.6,No,PayPal,2-Day Shipping,No,46,PayPal,7,High,1,Adult,0,3,-1.89010003720752,0.3270722226762698,High-Value Premium Buyers,1,Normal
43,Female,Hat,Accessories,65,Kansas,XL,Teal,Spring,3.2,No,Cash,Next Day Air,No,27,Debit Card,6,High,1,Adult,0,3,-1.5665849545554824,-0.09243299730362609,Premium Loyal Customers,1,Normal
56,Female,Shirt,Clothing,75,North Dakota,M,Magenta,Summer,3.8,No,Debit Card,Express,No,18,Bank Transfer,7,High,1,Middle_Aged,0,3,-1.8008957153676453,0.12514929377254286,Premium Loyal Customers,1,Normal
27,Female,Handbag,Accessories,45,Alaska,XL,Beige,Summer,4.4,No,Venmo,Standard,No,31,Credit Card,2,Medium,0,Young_Adult,0,1,-0.5159557311126934,-1.6537320857805808,Young Trend-Oriented Shoppers,1,Normal
40,Female,Sunglasses,Accessories,51,Texas,M,Gray,Spring,3.7,No,Credit Card,Store Pickup,No,1,Venmo,2,Medium,0,Adult,0,1,-0.6226065103396794,-1.64125590591035,Family-Oriented Value Buyers,1,Normal
43,Female,Scarf,Accessories,58,Massachusetts,S,Turquoise,Summer,2.6,No,Credit Card,Express,No,2,PayPal,1,Medium,0,Adult,0,1,-0.6539762049448063,-1.526243752372415,Family-Oriented Value Buyers,1,Normal
62,Female,Sunglasses,Accessories,20,Delaware,M,Pink,Fall,4.0,No,Cash,Standard,No,46,Bank Transfer,3,Low,0,Middle_Aged,0,1,-0.012559136331873444,-2.266414233351971,Occasional Low-Engagement Buyers,1,Normal
44,Female,Scarf,Accessories,82,South Dakota,M,Violet,Summer,3.6,No,Debit Card,2-Day Shipping,No,27,Venmo,2,Very_High,1,Adult,0,3,-1.8915223140621469,0.31235621714144923,High-Value Premium Buyers,1,Normal
45,Female,Gloves,Accessories,92,Arkansas,M,Charcoal,Spring,2.5,No,Bank Transfer,Express,No,3,Cash,2,Very_High,1,Adult,0,3,-2.041796960795281,0.4358621618464762,High-Value Premium Buyers,1,Normal
40,Female,Shorts,Clothing,81,Utah,M,Lavender,Fall,3.2,No,Credit Card,Free Shipping,No,47,Bank Transfer,4,High,1,Adult,0,7,-1.8754385395510584,0.34912843107091696,High-Value Premium Buyers,1,Normal
68,Female,Sunglasses,Accessories,44,California,M,Gray,Summer,2.5,No,Venmo,Next Day Air,No,20,Cash,4,Medium,0,Senior,0,1,-0.3501576264606304,-1.8499335204722531,Family-Oriented Value Buyers,1,Normal
63,Female,Jewelry,Accessories,72,Rhode Island,S,Brown,Winter,3.2,No,Credit Card,Next Day Air,No,23,Credit Card,3,High,1,Middle_Aged,0,7,-1.6967885651768924,0.0595371934662742,Premium Loyal Customers,1,Normal
60,Female,Jacket,Outerwear,26,Oklahoma,L,Violet,Winter,2.6,No,PayPal,Store Pickup,No,13,Credit Card,6,Low,0,Middle_Aged,0,1,-0.06478856699770343,-2.3100632440653763,Occasional Low-Engagement Buyers,1,Normal
19,Female,Sweater,Clothing,26,Vermont,M,Turquoise,Fall,4.8,No,Venmo,Next Day Air,No,12,Venmo,5,Low,0,Youth,0,1,-0.28243325454686613,-2.1348310247843933,Occasional Low-Engagement Buyers,1,Normal
26,Female,Blouse,Clothing,84,Kentucky,M,Peach,Spring,5.0,No,PayPal,Store Pickup,No,36,PayPal,1,Very_High,1,Young_Adult,0,5,-2.042560136191774,0.4786183903636268,High-Value Premium Buyers,1,Normal
70,Female,Scarf,Accessories,72,Illinois,S,Turquoise,Spring,3.2,No,Bank Transfer,2-Day Shipping,No,1,Bank Transfer,6,High,1,Senior,0,3,-1.7178821916029756,-0.023636012672945877,Premium Loyal Customers,1,Normal
48,Female,Handbag,Accessories,55,Connecticut,M,Violet,Spring,3.6,No,Credit Card,Standard,No,14,Debit Card,2,Medium,0,Adult,0,1,-0.645755549295865,-1.524981078623776,Family-Oriented Value Buyers,1,Normal
37,Female,Hat,Accessories,77,Florida,M,Olive,Fall,2.7,No,Venmo,2-Day Shipping,No,45,Cash,3,High,1,Adult,0,7,-1.7590601639163455,0.2186703168072799,Premium Loyal Customers,1,Normal
48,Female,Scarf,Accessories,57,New Jersey,M,Green,Fall,3.1,No,Debit Card,Standard,No,31,Credit Card,4,Medium,0,Adult,0,1,-0.6411389607587004,-1.4583803122806698,Family-Oriented Value Buyers,1,Normal
18,Female,Boots,Footwear,71,Missouri,M,Teal,Spring,3.0,No,Cash,Standard,No,41,PayPal,2,High,1,Youth,0,3,-1.670136837969987,0.07889616257660732,Premium Loyal Customers,1,Normal
38,Female,Blouse,Clothing,39,Michigan,L,Peach,Spring,2.9,No,PayPal,Next Day Air,No,36,PayPal,3,Low,0,Adult,0,1,-0.3033272471415666,-1.909250096656758,Occasional Low-Engagement Buyers,1,Normal
33,Female,Socks,Clothing,28,Washington,M,Pink,Winter,4.7,No,Venmo,Express,No,6,Debit Card,5,Low,0,Young_Adult,0,1,-0.3239615692505333,-2.1012960657712396,Occasional Low-Engagement Buyers,1,Normal
57,Female,Shoes,Footwear,33,New York,S,Maroon,Winter,3.7,No,Bank Transfer,Standard,No,28,Credit Card,3,Low,0,Middle_Aged,0,1,-0.2494760193532013,-2.0057240748168033,Occasional Low-Engagement Buyers,1,Normal
46,Female,Skirt,Clothing,79,Wisconsin,L,Peach,Fall,3.9,No,Debit Card,Free Shipping,No,29,Venmo,6,High,1,Adult,0,3,-1.879283106907563,0.2610822317828957,Premium Loyal Customers,1,Normal
46,Female,Belt,Accessories,30,Idaho,M,Maroon,Winter,4.0,No,Venmo,Standard,No,14,Cash,6,Low,0,Adult,0,1,-0.25731088872395336,-2.098674406110855,Occasional Low-Engagement Buyers,1,Normal
50,Female,Skirt,Clothing,75,Michigan,M,Pink,Spring,2.8,No,PayPal,Next Day Air,No,7,Bank Transfer,7,High,1,Adult,0,3,-1.7727642288662933,0.0368033856969302,Premium Loyal Customers,1,Normal
61,Female,Pants,Clothing,89,Georgia,M,Orange,Summer,4.1,No,Credit Card,Express,No,31,Venmo,5,Very_High,1,Middle_Aged,0,7,-2.0372971787959644,0.5317433629601183,High-Value Premium Buyers,1,Normal
45,Female,Dress,Clothing,95,Michigan,M,Orange,Winter,4.2,No,Credit Card,Free Shipping,No,26,Bank Transfer,7,Very_High,1,Adult,0,3,-2.2055335676500185,0.6914156084900607,High-Value Premium Buyers,1,Normal
32,Female,Hat,Accessories,44,Maine,M,Brown,Fall,4.3,No,Venmo,Express,No,12,Venmo,1,Medium,0,Young_Adult,0,1,-0.5404126693205331,-1.7267416806638984,Young Trend-Oriented Shoppers,1,Normal
29,Female,Coat,Outerwear,86,Maryland,S,Silver,Summer,4.3,No,Debit Card,Store Pickup,No,45,Credit Card,1,Very_High,1,Young_Adult,0,3,-1.9666062613408395,0.516843570636487,High-Value Premium Buyers,1,Normal
66,Female,Scarf,Accessories,91,Missouri,M,Magenta,Fall,2.6,No,Debit Card,Express,No,40,PayPal,3,Very_High,1,Senior,0,7,-1.9580192658420563,0.5008739959306518,High-Value Premium Buyers,1,Normal
70,Female,Sneakers,Footwear,41,Oregon,XL,Indigo,Winter,3.8,No,Credit Card,Free Shipping,No,42,Cash,6,Medium,0,Senior,0,1,-0.35730809940474834,-1.7778297312008022,Family-Oriented Value Buyers,1,Normal
36,Female,Pants,Clothing,99,Arkansas,S,Gold,Spring,2.9,No,PayPal,Express,No,45,Cash,4,Very_High,1,Adult,0,7,-2.134195862828401,0.7634727472203249,High-Value Premium Buyers,1,Normal
34,Female,Belt,Accessories,65,New Hampshire,M,Purple,Winter,5.0,No,Credit Card,Standard,No,34,Debit Card,4,High,1,Young_Adult,0,3,-1.7047890321381536,0.0481190079211171,Premium Loyal Customers,1,Normal
20,Female,Sneakers,Footwear,48,Oregon,M,Gold,Summer,4.6,No,PayPal,Free Shipping,No,34,Credit Card,7,Medium,0,Youth,0,1,-0.5969703244761937,-1.5665793769557022,Young Trend-Oriented Shoppers,1,Normal
70,Female,Hat,Accessories,41,Kansas,S,Gold,Spring,3.2,No,Cash,Free Shipping,No,17,PayPal,7,Medium,0,Senior,0,1,-0.3527976566496362,-1.8793138739330044,Family-Oriented Value Buyers,1,Normal
50,Female,Shirt,Clothing,42,California,M,Gold,Summer,3.0,No,Bank Transfer,Standard,No,27,Bank Transfer,2,Medium,0,Adult,0,1,-0.3621437618154012,-1.8596018300080055,Family-Oriented Value Buyers,1,Normal
54,Female,Shorts,Clothing,26,Georgia,M,Olive,Summer,4.0,No,Credit Card,Free Shipping,No,31,Credit Card,4,Low,0,Middle_Aged,0,1,-0.159015115580611,-2.159851101691152,Occasional Low-Engagement Buyers,1,Normal
49,Female,Shorts,Clothing,35,Hawaii,L,Green,Fall,4.1,No,Bank Transfer,Express,No,47,Debit Card,1,Low,0,Adult,0,1,-0.28324594713472445,-1.8680652538899505,Occasional Low-Engagement Buyers,1,Normal
50,Female,Jacket,Outerwear,31,Montana,M,Gray,Summer,4.0,No,Bank Transfer,Express,No,25,Bank Transfer,3,Low,0,Adult,0,1,-0.23645477274775462,-2.0689790638238845,Occasional Low-Engagement Buyers,1,Normal
62,Female,Jewelry,Accessories,73,Montana,M,Red,Summer,4.1,No,Cash,Standard,No,47,Cash,1,High,1,Middle_Aged,0,7,-1.7010280296207119,0.17675874105208556,Premium Loyal Customers,1,Normal
42,Female,Blouse,Clothing,82,Mississippi,M,Charcoal,Spring,3.4,No,Venmo,Free Shipping,No,8,Cash,2,Very_High,1,Adult,0,5,-1.950909613477869,0.2643672880094824,High-Value Premium Buyers,1,Normal
69,Female,Pants,Clothing,32,Washington,M,Indigo,Spring,2.9,No,Credit Card,Free Shipping,No,32,Debit Card,1,Low,0,Senior,0,1,-0.158621688054429,-2.0777374458765436,Occasional Low-Engagement Buyers,1,Normal
22,Female,Hat,Accessories,27,Pennsylvania,M,Indigo,Summer,3.0,No,PayPal,2-Day Shipping,No,33,Bank Transfer,7,Low,0,Youth,0,1,-0.1248261622907899,-2.17274344284815,Occasional Low-Engagement Buyers,1,Normal
36,Female,Backpack,Accessories,86,Nevada,L,Silver,Spring,4.0,No,Venmo,Next Day Air,No,16,Debit Card,7,Very_High,1,Adult,0,5,-2.0002524873475047,0.43869110801730565,High-Value Premium Buyers,1,Normal
64,Female,Boots,Footwear,38,Kansas,XL,Purple,Winter,4.8,No,PayPal,2-Day Shipping,No,27,Cash,2,Low,0,Middle_Aged,0,1,-0.4068475416241565,-1.8367052798302748,Occasional Low-Engagement Buyers,1,Normal
44,Female,Jacket,Outerwear,93,Arizona,L,Gray,Summer,4.6,No,Cash,Free Shipping,No,17,PayPal,7,Very_High,1,Adult,0,5,-2.167433053223701,0.6136627700694066,High-Value Premium Buyers,1,Normal
43,Female,Hoodie,Clothing,59,Tennessee,M,Magenta,Winter,4.1,No,Debit Card,2-Day Shipping,No,17,Cash,4,Medium,0,Adult,0,1,-0.7786425829120903,-1.3960667657296588,Family-Oriented Value Buyers,1,Normal
58,Female,Sandals,Footwear,58,Pennsylvania,L,Silver,Winter,2.6,No,Credit Card,Express,No,28,PayPal,5,Medium,0,Middle_Aged,0,1,-0.6136233609722312,-1.4736654305357637,Family-Oriented Value Buyers,1,Normal
62,Female,Skirt,Clothing,84,Alaska,M,Violet,Spring,2.5,No,Venmo,Free Shipping,No,38,PayPal,1,Very_High,1,Middle_Aged,0,7,-1.8467486748546411,0.32941799496921714,High-Value Premium Buyers,-1,Anomaly
45,Female,Hoodie,Clothing,100,New Mexico,M,Green,Spring,4.8,No,Debit Card,Free Shipping,No,33,Bank Transfer,1,Very_High,1,Adult,0,3,-2.2913381407208187,0.8433332018889533,High-Value Premium Buyers,1,Normal
47,Female,Dress,Clothing,25,Rhode Island,L,Green,Summer,4.2,No,Bank Transfer,Express,No,24,Venmo,7,Low,0,Adult,0,1,-0.1437191556200078,-2.1835999576117304,Occasional Low-Engagement Buyers,1,Normal
66,Female,Sandals,Footwear,29,Connecticut,M,Peach,Spring,3.9,No,PayPal,Free Shipping,No,14,Venmo,4,Low,0,Senior,0,1,-0.20685070492313712,-2.1672336120964397,Occasional Low-Engagement Buyers,1,Normal
30,Female,Jeans,Clothing,42,Idaho,M,Turquoise,Spring,3.7,No,Debit Card,Express,No,5,Venmo,1,Medium,0,Young_Adult,0,1,-0.46080408978812293,-1.857314143196502,Young Trend-Oriented Shoppers,1,Normal
68,Female,Jeans,Clothing,57,Mississippi,L,Pink,Fall,4.2,No,Cash,2-Day Shipping,No,8,Bank Transfer,6,Medium,0,Senior,0,1,-0.736603306551448,-1.467177904973272,Family-Oriented Value Buyers,1,Normal
35,Female,Jacket,Outerwear,84,Colorado,L,Lavender,Winter,4.2,No,Cash,Next Day Air,No,42,Debit Card,6,Very_High,1,Young_Adult,0,3,-1.9348446176717935,0.45881057561525734,High-Value Premium Buyers,1,Normal
64,Female,Hat,Accessories,71,Georgia,L,Silver,Winter,4.0,No,Venmo,Free Shipping,No,48,Venmo,7,High,1,Middle_Aged,0,7,-1.668434728252987,0.1440976978584595,Premium Loyal Customers,1,Normal
30,Female,Shorts,Clothing,87,Montana,S,Cyan,Fall,5.0,No,Credit Card,Next Day Air,No,40,Venmo,4,Very_High,1,Young_Adult,0,3,-2.092384654367101,0.6044918527732449,High-Value Premium Buyers,1,Normal
58,Female,Sweater,Clothing,52,California,M,Green,Winter,4.9,No,Venmo,Standard,No,46,Venmo,3,Medium,0,Middle_Aged,0,1,-0.624385893420731,-1.427086860898663,Family-Oriented Value Buyers,1,Normal
57,Female,Blouse,Clothing,58,Pennsylvania,L,Orange,Summer,4.0,No,Credit Card,Express,No,40,PayPal,7,Medium,0,Middle_Aged,0,1,-0.6761721694929785,-1.3605604039651402,Family-Oriented Value Buyers,1,Normal
60,Female,Sweater,Clothing,34,Delaware,S,Blue,Fall,3.2,No,Credit Card,2-Day Shipping,No,31,PayPal,1,Low,0,Middle_Aged,0,1,-0.24154090500254577,-2.00604608034308,Occasional Low-Engagement Buyers,1,Normal
22,Female,Jewelry,Accessories,60,New Hampshire,M,Magenta,Winter,3.0,No,Bank Transfer,Next Day Air,No,39,Cash,7,Medium,0,Youth,0,1,-0.6833720944920582,-1.3527231764209844,Premium Loyal Customers,1,Normal
46,Female,Hoodie,Clothing,68,Florida,S,Cyan,Winter,2.6,No,Venmo,Express,No,36,PayPal,1,High,1,Adult,0,7,-1.58575173246722,-0.02461825641540799,Premium Loyal Customers,1,Normal
27,Female,Jewelry,Accessories,74,Mississippi,L,Indigo,Summer,4.4,No,Credit Card,2-Day Shipping,No,25,Debit Card,7,High,1,Young_Adult,0,5,-1.8257671643736535,0.19663580311580817,Premium Loyal Customers,1,Normal
50,Female,Scarf,Accessories,83,Montana,M,Pink,Summer,3.9,No,Credit Card,Free Shipping,No,24,Debit Card,3,Very_High,1,Adult,0,3,-1.9521939876929977,0.3659851769648483,High-Value Premium Buyers,1,Normal
65,Female,Hat,Accessories,79,Mississippi,M,Peach,Fall,4.0,No,Credit Card,2-Day Shipping,No,19,PayPal,2,High,1,Middle_Aged,0,3,-1.8942710798626818,0.24803104267960957,Premium Loyal Customers,1,Normal
61,Female,Sunglasses,Accessories,76,Tennessee,M,Lavender,Fall,4.0,No,Bank Transfer,Store Pickup,No,49,Debit Card,5,High,1,Middle_Aged,0,7,-1.783121206356739,0.2734976849238484,Premium Loyal Customers,1,Normal
57,Female,T-shirt,Clothing,20,Florida,M,Black,Spring,4.2,No,Venmo,Free Shipping,No,4,Venmo,3,Low,0,Middle_Aged,0,1,-0.11030795626513105,-2.368567665772261,Occasional Low-Engagement Buyers,1,Normal
40,Female,Shirt,Clothing,61,Illinois,XL,Lavender,Summer,4.4,No,Debit Card,Next Day Air,No,36,Cash,4,High,1,Adult,0,3,-1.575623805856546,-0.11388183793089277,Premium Loyal Customers,1,Normal
39,Female,Sandals,Footwear,78,Virginia,S,Brown,Summer,2.5,No,PayPal,Free Shipping,No,8,Debit Card,4,High,1,Adult,0,3,-1.808189973941292,0.12255217961837216,Premium Loyal Customers,1,Normal
42,Female,Hat,Accessories,21,Texas,S,Yellow,Summer,3.1,No,Debit Card,Store Pickup,No,29,Credit Card,7,Low,0,Adult,0,1,0.005702977089025625,-2.3220059276961997,Occasional Low-Engagement Buyers,1,Normal
30,Female,T-shirt,Clothing,77,Missouri,M,Olive,Winter,3.5,No,PayPal,Store Pickup,No,26,Credit Card,4,High,1,Young_Adult,0,3,-1.8508755650367161,0.21223044256791165,Premium Loyal Customers,1,Normal
65,Female,Shorts,Clothing,88,Mississippi,S,Blue,Fall,3.0,No,Credit Card,2-Day Shipping,No,47,Bank Transfer,5,Very_High,1,Middle_Aged,0,7,-1.9500398369515117,0.500026869628702,High-Value Premium Buyers,1,Normal
57,Female,Sunglasses,Accessories,64,Pennsylvania,M,Turquoise,Summer,4.4,No,Credit Card,Next Day Air,No,44,Cash,3,High,1,Middle_Aged,0,7,-1.589632121098818,-0.022310564486843765,Premium Loyal Customers,1,Normal
64,Female,Jacket,Outerwear,57,Wyoming,M,Yellow,Spring,4.9,No,Venmo,Standard,No,49,Credit Card,6,Medium,0,Middle_Aged,0,1,-0.6783070075416985,-1.3251914364676454,Family-Oriented Value Buyers,1,Normal
56,Female,Shirt,Clothing,49,Idaho,L,Turquoise,Winter,2.8,No,PayPal,Next Day Air,No,9,Venmo,6,Medium,0,Middle_Aged,0,1,-0.48705300569172394,-1.7488217423537178,Family-Oriented Value Buyers,1,Normal
40,Female,Scarf,Accessories,35,New Hampshire,M,Orange,Summer,3.3,No,Venmo,Free Shipping,No,28,Cash,1,Low,0,Adult,0,1,-0.27101975377086185,-1.976536425337174,Occasional Low-Engagement Buyers,1,Normal
55,Female,T-shirt,Clothing,99,Wyoming,S,Blue,Winter,4.9,No,Bank Transfer,Express,No,1,Debit Card,1,Very_High,1,Middle_Aged,0,5,-2.322932174952227,0.7658988584601395,High-Value Premium Buyers,-1,Anomaly
25,Female,Shorts,Clothing,42,Nebraska,M,Olive,Spring,4.2,No,Cash,Store Pickup,No,28,Cash,7,Medium,0,Youth,0,1,-0.4697382025030874,-1.7452564902513623,Young Trend-Oriented Shoppers,1,Normal
58,Female,Hat,Accessories,32,Alaska,M,Beige,Winter,3.3,No,Venmo,2-Day Shipping,No,33,Credit Card,1,Low,0,Middle_Aged,0,1,-0.20256419689713512,-2.030854086028535,Occasional Low-Engagement Buyers,1,Normal
46,Female,Jacket,Outerwear,21,Maryland,L,Lavender,Summer,2.7,No,Cash,Standard,No,28,Credit Card,6,Low,0,Adult,0,1,0.04693184229790284,-2.3865083352446,Occasional Low-Engagement Buyers,1,Normal
18,Female,Dress,Clothing,29,Maryland,XL,Magenta,Winter,3.3,No,PayPal,2-Day Shipping,No,9,Cash,3,Low,0,Youth,0,1,-0.2581865376777452,-2.167565005878898,Occasional Low-Engagement Buyers,1,Normal
26,Female,Coat,Outerwear,64,Arizona,L,Cyan,Spring,3.8,No,Bank Transfer,Free Shipping,No,28,Bank Transfer,3,High,1,Young_Adult,0,5,-1.617906841018933,-0.09350846387156658,Premium Loyal Customers,1,Normal
61,Female,Sandals,Footwear,46,Ohio,L,Lavender,Fall,3.2,No,Bank Transfer,Next Day Air,No,19,Cash,7,Medium,0,Middle_Aged,0,1,-0.44650194428537227,-1.7655784380942494,Family-Oriented Value Buyers,1,Normal
55,Female,T-shirt,Clothing,97,Minnesota,M,Black,Fall,4.1,No,Credit Card,2-Day Shipping,No,20,Bank Transfer,7,Very_High,1,Middle_Aged,0,3,-2.2402114853656045,0.7018512230236036,High-Value Premium Buyers,1,Normal
41,Female,Jacket,Outerwear,94,New Hampshire,M,Green,Spring,4.3,No,Cash,Standard,No,3,Cash,6,Very_High,1,Adult,0,5,-2.197792190467755,0.5821920032505098,High-Value Premium Buyers,1,Normal
42,Female,Sandals,Footwear,43,Louisiana,L,Silver,Summer,4.0,No,PayPal,Standard,No,22,Credit Card,2,Medium,0,Adult,0,1,-0.4388350595924404,-1.794497511273472,Family-Oriented Value Buyers,1,Normal
70,Female,Sweater,Clothing,54,Nevada,XL,Beige,Summer,3.9,No,Cash,2-Day Shipping,No,33,Credit Card,5,Medium,0,Senior,0,1,-0.6029733661039121,-1.4853645745649842,Family-Oriented Value Buyers,1,Normal
63,Female,Hat,Accessories,51,New Hampshire,M,Pink,Winter,3.3,No,Venmo,2-Day Shipping,No,21,Credit Card,3,Medium,0,Middle_Aged,0,1,-0.5578387840519453,-1.6155529746550814,Family-Oriented Value Buyers,1,Normal
60,Female,Shoes,Footwear,85,Wisconsin,S,Cyan,Fall,2.6,No,Bank Transfer,2-Day Shipping,No,7,Cash,3,Very_High,1,Middle_Aged,0,3,-1.9344741731254318,0.288449126444724,High-Value Premium Buyers,1,Normal
28,Female,Hoodie,Clothing,96,Nevada,M,Olive,Spring,4.2,No,Venmo,Next Day Air,No,46,Debit Card,6,Very_High,1,Young_Adult,0,3,-2.1629842736993026,0.7736978654031188,High-Value Premium Buyers,1,Normal
60,Female,Hat,Accessories,42,South Carolina,M,Pink,Summer,3.4,No,Venmo,2-Day Shipping,No,24,Credit Card,3,Medium,0,Middle_Aged,0,1,-0.389957207166376,-1.8273937123877566,Family-Oriented Value Buyers,1,Normal
26,Female,Skirt,Clothing,63,Florida,L,Maroon,Winter,4.1,No,Cash,Free Shipping,No,6,Debit Card,4,High,1,Young_Adult,0,5,-1.6807871791416216,-0.13447901936341855,Premium Loyal Customers,1,Normal
42,Female,Shirt,Clothing,20,Massachusetts,M,Red,Winter,3.9,No,Credit Card,Free Shipping,No,40,PayPal,6,Low,0,Adult,0,1,-0.058239075216063654,-2.271009409918789,Occasional Low-Engagement Buyers,1,Normal
56,Female,Scarf,Accessories,25,Georgia,L,Silver,Spring,2.8,No,PayPal,2-Day Shipping,No,17,Debit Card,2,Low,0,Middle_Aged,0,1,-0.04786946655117677,-2.301719066316706,Occasional Low-Engagement Buyers,1,Normal
35,Female,Pants,Clothing,95,North Dakota,L,Blue,Fall,2.6,No,Credit Card,Free Shipping,No,24,Cash,1,Very_High,1,Young_Adult,0,3,-2.1062118944558104,0.5842657321854227,High-Value Premium Buyers,-1,Anomaly
34,Female,Hat,Accessories,38,North Dakota,XL,Purple,Fall,4.0,No,Bank Transfer,Next Day Air,No,22,Cash,1,Low,0,Young_Adult,0,1,-0.38629639841443647,-1.8662586471535123,Occasional Low-Engagement Buyers,1,Normal
47,Female,Sandals,Footwear,29,Maryland,M,Brown,Fall,4.9,No,Debit Card,Express,No,3,PayPal,2,Low,0,Adult,0,1,-0.3217496932775703,-2.1213525944213636,Occasional Low-Engagement Buyers,1,Normal
49,Female,Socks,Clothing,64,New Mexico,L,Purple,Winter,3.2,No,Venmo,Free Shipping,No,39,Cash,4,High,1,Adult,0,7,-1.5612663555160968,-0.09353840093333962,Premium Loyal Customers,1,Normal
37,Female,Jewelry,Accessories,92,Iowa,S,Brown,Summer,3.9,No,Bank Transfer,Express,No,40,Debit Card,4,Very_High,1,Adult,0,3,-2.0619571502521934,0.6507041117900084,High-Value Premium Buyers,1,Normal
40,Female,Shirt,Clothing,34,Kansas,M,Charcoal,Spring,2.7,No,PayPal,Express,No,1,Credit Card,4,Low,0,Adult,0,1,-0.28311392212378517,-2.122513056043709,Occasional Low-Engagement Buyers,1,Normal
45,Female,Sneakers,Footwear,69,Virginia,M,Violet,Spring,3.4,No,Bank Transfer,Standard,No,14,Venmo,5,High,1,Adult,0,3,-1.6844062704459222,-0.04225379530168337,Premium Loyal Customers,1,Normal
57,Female,Dress,Clothing,65,Alaska,S,Yellow,Spring,3.5,No,Debit Card,Express,No,49,Bank Transfer,3,High,1,Middle_Aged,0,7,-1.5503313575703692,-0.027965974932782592,Premium Loyal Customers,1,Normal
35,Female,Shirt,Clothing,81,Nebraska,XL,Green,Winter,2.6,No,Credit Card,Standard,No,33,Debit Card,3,High,1,Young_Adult,0,3,-1.8472446652820222,0.2898460484563034,High-Value Premium Buyers,1,Normal
36,Female,Dress,Clothing,30,Colorado,L,Peach,Winter,4.7,No,Cash,Free Shipping,No,6,Bank Transfer,4,Low,0,Adult,0,1,-0.3373572794758728,-2.0710550574350863,Occasional Low-Engagement Buyers,1,Normal
35,Female,Jewelry,Accessories,86,Michigan,L,Indigo,Summer,3.5,No,Bank Transfer,Standard,No,5,PayPal,1,Very_High,1,Young_Adult,0,5,-1.9871397284394934,0.3423453045377998,High-Value Premium Buyers,1,Normal
21,Female,Hat,Accessories,64,Massachusetts,L,White,Fall,3.3,No,Bank Transfer,Store Pickup,No,29,Bank Transfer,5,High,1,Youth,0,5,-1.604508406027864,-0.08854828299661593,Premium Loyal Customers,1,Normal
66,Female,Skirt,Clothing,78,Connecticut,L,White,Spring,3.9,No,Cash,2-Day Shipping,No,44,Credit Card,7,High,1,Senior,0,7,-1.7989250539385184,0.27979825352331833,Premium Loyal Customers,1,Normal
40,Female,Hoodie,Clothing,28,Virginia,L,Turquoise,Summer,4.2,No,Cash,2-Day Shipping,No,32,Venmo,2,Low,0,Adult,0,1,-0.1796028908887502,-2.100318076157489,Occasional Low-Engagement Buyers,1,Normal
52,Female,Backpack,Accessories,49,Iowa,L,White,Spring,4.5,No,PayPal,Store Pickup,No,41,Bank Transfer,5,Medium,0,Middle_Aged,0,1,-0.5377403200663672,-1.5389692214069146,Family-Oriented Value Buyers,1,Normal
46,Female,Belt,Accessories,33,New Jersey,L,Green,Spring,2.9,No,Credit Card,Standard,No,24,Venmo,4,Low,0,Adult,0,1,-0.1966933662239323,-2.0674157970241813,Occasional Low-Engagement Buyers,1,Normal
44,Female,Shoes,Footwear,77,Minnesota,S,Brown,Summer,3.8,No,PayPal,Express,No,24,Venmo,2,High,1,Adult,0,3,-1.8173239875710903,0.20980386618212085,Premium Loyal Customers,1,Normal
52,Female,Handbag,Accessories,81,California,M,Beige,Spring,3.1,No,Bank Transfer,Store Pickup,No,33,Venmo,4,High,1,Middle_Aged,0,7,-1.8196325344330488,0.28041654138490196,High-Value Premium Buyers,1,Normal
