Education,Income,Kidhome,Teenhome,Recency,Wines,Fruits,Meat,Fish,Sweets,Gold,NumDealsPurchases,NumWebPurchases,NumCatalogPurchases,NumStorePurchases,NumWebVisitsMonth,AcceptedCmp3,AcceptedCmp4,AcceptedCmp5,AcceptedCmp1,AcceptedCmp2,Complain,Response,Age,Total_Spending,Living_with,Children,Family_Size,is_parent,Total_Purchases,Total_Campaign_Accepted,Cluster_K2,Cluster_K4,K2_Description,K4_Description
Graduate,58138.0,0,0,58,635,88,546,172,88,88,3,8,10,4,7,0,0,0,0,0,0,1,69,1617,Alone,0,1,0,22,1,0,0,High Income – High Spending,High Income – High Spending
Graduate,46344.0,1,1,38,11,1,6,2,1,6,2,1,1,2,5,0,0,0,0,0,0,0,72,27,Alone,2,3,1,4,0,1,1,Low Income – Low Spending,Low Income – High Spending
Graduate,71613.0,0,0,26,426,49,127,111,21,42,1,8,2,10,4,0,0,0,0,0,0,0,61,776,Partner,0,2,0,20,0,0,0,High Income – High Spending,High Income – High Spending
Graduate,26646.0,1,0,26,11,4,20,10,3,5,2,2,0,4,6,0,0,0,0,0,0,0,42,53,Partner,1,3,1,6,0,1,2,Low Income – Low Spending,Low Income – Low Spending
Postgraduate,58293.0,1,0,94,173,43,118,46,27,15,5,5,3,6,5,0,0,0,0,0,0,0,45,422,Partner,1,3,1,14,0,1,2,Low Income – Low Spending,Low Income – Low Spending
Postgraduate,62513.0,0,1,16,520,42,98,0,42,14,2,6,4,10,6,0,0,0,0,0,0,0,59,716,Partner,1,3,1,20,0,0,3,High Income – High Spending,High Income – Low Spending
Graduate,55635.0,0,1,34,235,65,164,50,49,27,4,7,3,7,6,0,0,0,0,0,0,0,55,590,Alone,1,2,1,17,0,0,3,High Income – High Spending,High Income – Low Spending
Postgraduate,33454.0,1,0,32,76,10,56,3,1,23,2,4,0,4,8,0,0,0,0,0,0,0,41,169,Partner,1,3,1,8,0,1,2,Low Income – Low Spending,Low Income – Low Spending
Postgraduate,30351.0,1,0,19,14,0,24,3,3,2,1,3,0,2,9,0,0,0,0,0,0,1,52,46,Partner,1,3,1,5,1,1,2,Low Income – Low Spending,Low Income – Low Spending
Postgraduate,5648.0,1,1,68,28,0,6,1,1,13,1,1,0,0,20,1,0,0,0,0,0,0,76,49,Partner,2,4,1,1,1,1,1,Low Income – Low Spending,Low Income – High Spending
Undergraduate,7500.0,0,0,59,6,16,11,11,1,16,1,2,0,3,8,0,0,0,0,0,0,0,50,61,Partner,0,2,0,5,0,1,2,Low Income – Low Spending,Low Income – Low Spending
Graduate,63033.0,0,0,82,194,61,480,225,112,30,1,3,4,8,2,0,0,0,0,0,0,0,67,1102,Alone,0,1,0,15,0,0,0,High Income – High Spending,High Income – High Spending
Postgraduate,59354.0,1,1,53,233,2,53,3,5,14,3,6,1,5,6,0,0,0,0,0,0,0,74,310,Alone,2,3,1,12,0,1,1,Low Income – Low Spending,Low Income – High Spending
Graduate,17323.0,0,0,38,3,14,17,6,1,5,1,1,0,3,8,0,0,0,0,0,0,0,39,46,Partner,0,2,0,4,0,1,2,Low Income – Low Spending,Low Income – Low Spending
Postgraduate,82800.0,0,0,23,1006,22,115,59,68,45,1,7,6,12,3,0,0,1,1,0,0,1,80,1315,Alone,0,1,0,25,3,0,0,High Income – High Spending,High Income – High Spending
Graduate,41850.0,1,1,51,53,5,19,2,13,4,3,3,0,3,8,0,0,0,0,0,0,0,46,96,Partner,2,4,1,6,0,1,1,Low Income – Low Spending,Low Income – High Spending
Graduate,37760.0,0,0,20,84,5,38,150,12,28,2,4,1,6,7,0,0,0,0,0,0,0,80,317,Partner,0,2,0,11,0,1,1,Low Income – Low Spending,Low Income – High Spending
Postgraduate,76995.0,0,1,91,1012,80,498,0,16,176,2,11,4,9,5,0,0,0,1,0,0,0,77,1782,Partner,1,3,1,24,1,0,3,High Income – High Spending,High Income – Low Spending
Undergraduate,33812.0,1,0,86,4,17,19,30,24,39,2,2,1,3,6,0,0,0,0,0,0,0,41,133,Alone,1,2,1,6,0,1,2,Low Income – Low Spending,Low Income – Low Spending
Graduate,37040.0,0,0,41,86,2,73,69,38,48,1,4,2,5,8,0,0,0,0,0,0,0,44,316,Partner,0,2,0,11,0,1,2,Low Income – Low Spending,Low Income – Low Spending
Graduate,2447.0,1,0,42,1,1,1725,1,1,1,15,0,28,0,1,0,0,0,0,0,0,0,47,1730,Partner,1,3,1,28,0,0,3,High Income – High Spending,High Income – Low Spending
Postgraduate,58607.0,0,1,63,867,0,86,0,0,19,3,2,3,9,8,0,1,0,0,0,0,0,77,972,Partner,1,3,1,14,1,1,3,Low Income – Low Spending,High Income – Low Spending
Postgraduate,65324.0,0,1,0,384,0,102,21,32,5,3,6,2,9,4,0,0,0,0,0,0,0,72,544,Partner,1,3,1,17,0,1,3,Low Income – Low Spending,High Income – Low Spending
Graduate,40689.0,0,1,69,270,3,27,39,6,99,7,7,1,5,8,0,0,0,0,0,0,0,75,444,Partner,1,3,1,13,0,1,3,Low Income – Low Spending,High Income – Low Spending
Graduate,18589.0,0,0,89,6,4,25,15,12,13,2,2,1,3,7,0,0,0,0,0,0,0,57,75,Alone,0,1,0,6,0,1,2,Low Income – Low Spending,Low Income – Low Spending
Graduate,53359.0,1,1,4,173,4,30,3,6,41,4,5,1,4,7,0,0,0,0,0,0,0,50,257,Partner,2,4,1,10,0,1,1,Low Income – Low Spending,Low Income – High Spending
Graduate,38360.0,1,0,26,36,2,42,20,21,10,2,2,1,4,3,0,0,0,0,0,0,0,37,131,Partner,1,3,1,7,0,1,2,Low Income – Low Spending,Low Income – Low Spending
Postgraduate,84618.0,0,0,96,684,100,801,21,66,0,1,6,9,10,2,0,0,1,0,0,0,0,61,1672,Partner,0,2,0,25,1,0,0,High Income – High Spending,High Income – High Spending
Postgraduate,10979.0,0,0,34,8,4,10,2,2,4,2,3,0,3,5,0,0,0,0,0,0,0,37,30,Alone,0,1,0,6,0,1,2,Low Income – Low Spending,Low Income – Low Spending
Postgraduate,38620.0,0,0,56,112,17,44,34,22,89,1,2,5,3,3,0,0,0,0,0,0,0,63,318,Partner,0,2,0,10,0,1,2,Low Income – Low Spending,Low Income – Low Spending
Graduate,40548.0,0,1,31,110,0,5,2,0,3,2,2,1,4,5,0,1,0,0,0,0,0,56,120,Partner,1,3,1,7,1,1,1,Low Income – Low Spending,Low Income – High Spending
Postgraduate,46610.0,0,2,8,96,12,96,33,22,43,6,4,1,6,6,0,0,0,0,0,0,1,74,302,Alone,2,3,1,11,1,1,1,Low Income – Low Spending,Low Income – High Spending
Postgraduate,68657.0,0,0,4,482,34,471,119,68,22,1,3,5,9,7,0,0,0,0,0,0,0,80,1196,Partner,0,2,0,17,0,0,0,High Income – High Spending,High Income – High Spending
Postgraduate,49389.0,1,1,55,40,0,19,2,1,3,1,2,0,3,7,0,0,0,0,0,0,0,75,65,Alone,2,3,1,5,0,1,1,Low Income – Low Spending,Low Income – High Spending
Postgraduate,67353.0,0,1,37,702,17,151,0,8,35,5,5,6,12,2,0,0,0,0,0,0,0,56,913,Partner,1,3,1,23,0,0,3,High Income – High Spending,High Income – Low Spending
Undergraduate,23718.0,1,0,76,6,3,14,15,7,36,3,3,1,2,7,0,0,0,0,0,0,0,50,81,Partner,1,3,1,6,0,1,2,Low Income – Low Spending,Low Income – Low Spending
Graduate,42429.0,0,1,99,55,0,6,2,0,4,2,1,1,3,5,0,0,0,0,0,0,0,53,67,Alone,1,2,1,5,0,1,1,Low Income – Low Spending,Low Income – High Spending
Postgraduate,48948.0,0,0,53,437,8,206,160,49,42,2,7,10,5,6,1,0,0,0,0,0,1,83,902,Alone,0,1,0,22,2,0,0,High Income – High Spending,High Income – High Spending
Graduate,80011.0,0,1,3,421,76,536,82,178,102,2,8,6,5,4,0,0,0,0,0,0,0,46,1395,Partner,1,3,1,19,0,0,0,High Income – High Spending,High Income – High Spending
Postgraduate,20559.0,1,0,88,13,1,29,3,0,7,2,2,0,3,8,0,0,0,0,0,0,0,41,53,Partner,1,3,1,5,0,1,2,Low Income – Low Spending,Low Income – Low Spending
Graduate,21994.0,0,1,4,9,0,6,3,1,3,1,0,0,3,5,0,0,0,0,0,0,0,69,22,Partner,1,3,1,3,0,1,1,Low Income – Low Spending,Low Income – High Spending
Postgraduate,7500.0,1,0,19,3,1,10,3,2,12,3,2,0,3,5,0,0,0,0,0,0,0,51,31,Partner,1,3,1,5,0,1,2,Low Income – Low Spending,Low Income – Low Spending
Graduate,79941.0,0,0,72,123,164,266,227,30,174,1,2,4,9,1,0,0,0,0,0,0,0,50,984,Alone,0,1,0,15,0,0,0,High Income – High Spending,High Income – High Spending
Undergraduate,7500.0,0,0,24,3,18,14,15,22,50,3,3,1,3,9,0,0,0,0,0,0,1,30,122,Partner,0,2,0,7,1,1,2,Low Income – Low Spending,Low Income – Low Spending
Graduate,41728.0,1,0,92,13,6,15,3,5,13,1,2,0,2,10,0,0,0,0,0,0,0,58,55,Partner,1,3,1,4,0,1,2,Low Income – Low Spending,Low Income – Low Spending
Postgraduate,72550.0,1,1,39,826,50,317,50,38,38,9,5,2,12,8,0,0,0,0,0,0,0,72,1319,Partner,2,4,1,19,0,0,3,High Income – High Spending,High Income – Low Spending
Graduate,65486.0,0,1,29,245,19,125,37,67,14,1,4,2,10,2,0,0,0,0,0,0,0,69,507,Alone,1,2,1,16,0,0,3,High Income – High Spending,High Income – Low Spending
Postgraduate,79143.0,0,0,2,650,37,780,27,167,32,1,6,9,13,3,0,0,0,0,0,0,0,62,1693,Partner,0,2,0,28,0,0,0,High Income – High Spending,High Income – High Spending
Graduate,35790.0,1,0,54,12,6,20,30,1,3,2,2,0,3,7,0,0,0,0,0,0,0,49,72,Alone,1,2,1,5,0,1,2,Low Income – Low Spending,Low Income – Low Spending
Graduate,82582.0,0,0,54,510,120,550,156,40,241,1,4,9,7,1,1,0,0,1,0,0,1,49,1617,Alone,0,1,0,20,3,0,0,High Income – High Spending,High Income – High Spending
Graduate,66373.0,1,1,57,328,9,124,12,24,109,7,4,2,10,3,0,0,0,0,0,0,0,48,606,Partner,2,4,1,16,0,1,3,Low Income – Low Spending,High Income – Low Spending
Postgraduate,82384.0,0,0,55,984,51,432,180,120,190,1,3,10,13,1,0,0,1,0,0,0,1,71,1957,Partner,0,2,0,26,2,0,0,High Income – High Spending,High Income – High Spending
Graduate,70287.0,0,0,30,295,35,482,121,120,40,1,5,5,10,3,0,0,0,0,0,0,1,60,1093,Alone,0,1,0,20,1,0,0,High Income – High Spending,High Income – High Spending
Graduate,27938.0,1,0,31,13,0,8,2,1,5,1,1,0,4,3,0,0,0,0,0,0,0,38,29,Alone,1,2,1,5,0,1,2,Low Income – Low Spending,Low Income – Low Spending
Postgraduate,55954.0,0,1,63,447,0,28,0,0,43,3,8,2,6,7,0,0,0,0,0,0,0,58,518,Partner,1,3,1,16,0,1,3,Low Income – Low Spending,High Income – Low Spending
Postgraduate,75777.0,0,0,12,712,26,538,69,13,80,1,3,6,11,1,0,1,1,0,0,0,1,44,1438,Alone,0,1,0,20,3,0,0,High Income – High Spending,High Income – High Spending
Graduate,66653.0,1,1,18,452,18,102,16,18,6,4,4,2,12,3,0,0,0,0,0,0,0,51,612,Partner,2,4,1,18,0,1,3,Low Income – Low Spending,High Income – Low Spending
Graduate,61823.0,0,1,26,523,7,134,37,14,169,4,8,2,10,7,0,0,0,0,0,0,0,74,884,Alone,1,2,1,20,0,0,3,High Income – High Spending,High Income – Low Spending
Postgraduate,67680.0,0,1,8,546,0,48,0,6,6,1,7,3,8,5,0,0,0,0,0,0,0,75,606,Alone,1,2,1,18,0,1,3,Low Income – Low Spending,High Income – Low Spending
Graduate,70666.0,0,0,29,398,40,367,119,122,30,1,7,4,4,4,0,0,0,0,0,0,0,78,1076,Partner,0,2,0,15,0,0,0,High Income – High Spending,High Income – High Spending
Graduate,25721.0,1,0,75,1,3,6,3,6,15,1,1,1,2,7,0,0,0,0,0,0,1,55,34,Partner,1,3,1,4,1,1,2,Low Income – Low Spending,Low Income – Low Spending
Graduate,32474.0,1,1,0,10,0,1,0,0,0,1,1,0,2,7,0,0,0,0,0,0,0,59,11,Partner,2,4,1,3,0,1,1,Low Income – Low Spending,Low Income – High Spending
Undergraduate,88194.0,0,1,19,688,14,309,201,24,38,1,11,10,10,5,1,0,0,1,0,0,1,47,1274,Alone,1,2,1,31,3,0,0,High Income – High Spending,High Income – High Spending
Graduate,69096.0,0,1,4,247,49,159,7,82,109,1,5,2,10,4,0,0,0,0,0,0,0,68,653,Partner,1,3,1,17,0,0,3,High Income – High Spending,High Income – Low Spending
Graduate,74854.0,1,2,90,856,59,487,58,29,73,7,2,5,5,5,0,0,0,0,0,0,0,56,1562,Partner,3,5,1,12,0,0,3,High Income – High Spending,High Income – Low Spending
Postgraduate,66991.0,0,0,1,496,36,460,189,60,12,3,4,8,6,3,0,0,0,0,0,0,0,72,1253,Partner,0,2,0,18,0,0,0,High Income – High Spending,High Income – High Spending
Graduate,65031.0,0,1,29,258,107,291,84,37,86,4,10,3,13,7,0,0,0,0,0,0,0,67,863,Partner,1,3,1,26,0,0,3,High Income – High Spending,High Income – Low Spending
Postgraduate,60631.0,1,1,88,565,6,65,0,6,19,5,9,2,8,7,0,1,0,0,0,0,0,51,661,Partner,2,4,1,19,1,1,3,Low Income – Low Spending,High Income – Low Spending
Graduate,28332.0,0,0,58,14,10,13,4,15,9,1,2,1,4,2,0,0,0,0,0,0,0,74,65,Partner,0,2,0,7,0,1,2,Low Income – Low Spending,Low Income – Low Spending
Graduate,40246.0,1,0,68,2,1,6,2,1,1,1,1,0,2,6,0,0,0,0,0,0,0,49,13,Alone,1,2,1,3,0,1,2,Low Income – Low Spending,Low Income – Low Spending
Postgraduate,75251.0,0,0,34,721,111,925,97,18,18,1,7,6,5,5,0,0,0,0,0,0,1,54,1890,Partner,0,2,0,18,1,0,0,High Income – High Spending,High Income – High Spending
Graduate,75825.0,0,0,40,1032,105,779,137,105,51,0,5,8,9,4,1,0,0,0,0,0,1,50,2209,Alone,0,1,0,22,2,0,0,High Income – High Spending,High Income – High Spending
Undergraduate,26326.0,0,0,12,1,0,5,0,3,9,1,0,0,3,3,0,0,0,0,0,1,0,50,18,Partner,0,2,0,3,0,1,2,Low Income – Low Spending,Low Income – Low Spending
Graduate,56046.0,0,0,9,577,0,64,0,0,51,2,10,1,8,8,1,0,0,0,0,0,1,61,692,Partner,0,2,0,19,2,1,3,Low Income – Low Spending,High Income – Low Spending
Graduate,29760.0,1,0,87,64,4,68,7,5,17,4,3,1,4,8,0,0,0,0,0,0,0,41,165,Alone,1,2,1,8,0,1,2,Low Income – Low Spending,Low Income – Low Spending
Graduate,26304.0,1,0,5,4,1,5,2,0,4,1,1,0,2,7,0,0,0,0,0,0,0,57,16,Partner,1,3,1,3,0,1,2,Low Income – Low Spending,Low Income – Low Spending
Undergraduate,23559.0,1,0,87,25,5,19,7,0,23,3,3,0,3,7,0,0,0,0,0,0,0,53,79,Partner,1,3,1,6,0,1,2,Low Income – Low Spending,Low Income – Low Spending
Postgraduate,38620.0,0,0,56,112,17,44,34,22,89,1,2,5,3,3,0,0,0,0,0,0,0,63,318,Partner,0,2,0,10,0,1,2,Low Income – Low Spending,Low Income – Low Spending
Graduate,81361.0,0,0,18,163,23,424,27,65,76,1,3,10,13,1,0,0,0,0,0,0,0,39,778,Alone,0,1,0,26,0,0,0,High Income – High Spending,High Income – High Spending
Graduate,29440.0,1,1,95,17,8,14,10,4,3,2,1,0,4,7,0,0,0,0,0,0,0,66,56,Partner,2,4,1,5,0,1,1,Low Income – Low Spending,Low Income – High Spending
Postgraduate,36138.0,1,1,48,130,0,16,0,0,5,5,3,1,4,7,0,1,0,0,0,0,0,56,151,Partner,2,4,1,8,1,1,1,Low Income – Low Spending,Low Income – High Spending
Graduate,50388.0,0,1,3,292,6,37,0,3,34,4,6,1,6,7,0,1,0,1,0,0,1,69,372,Alone,1,2,1,13,3,1,1,Low Income – Low Spending,Low Income – High Spending
Graduate,79593.0,0,0,70,350,60,568,110,133,145,1,5,6,7,2,0,0,1,0,0,0,0,53,1366,Partner,0,2,0,18,1,0,0,High Income – High Spending,High Income – High Spending
Graduate,54178.0,0,1,79,135,9,39,4,0,7,1,2,2,5,2,0,0,0,0,0,0,0,59,194,Partner,1,3,1,9,0,1,1,Low Income – Low Spending,Low Income – High Spending
Postgraduate,42394.0,1,0,69,15,2,10,0,1,4,1,1,0,3,7,0,0,0,0,0,0,0,54,32,Alone,1,2,1,4,0,1,2,Low Income – Low Spending,Low Income – Low Spending
Postgraduate,23626.0,1,0,84,27,2,14,0,0,0,3,3,1,3,5,0,0,0,0,0,0,0,56,43,Partner,1,3,1,7,0,1,2,Low Income – Low Spending,Low Income – Low Spending
Graduate,30096.0,1,0,30,5,3,11,12,5,9,1,2,0,3,6,0,0,0,0,0,0,0,43,45,Partner,1,3,1,5,0,1,2,Low Income – Low Spending,Low Income – Low Spending
Graduate,47916.0,0,1,72,505,0,26,0,0,75,5,7,4,6,6,0,1,0,0,0,0,0,66,606,Alone,1,2,1,17,1,1,3,Low Income – Low Spending,High Income – Low Spending
Graduate,51813.0,1,1,37,51,2,7,0,1,2,2,2,0,3,7,0,0,0,0,0,0,0,54,63,Alone,2,3,1,5,0,1,1,Low Income – Low Spending,Low Income – High Spending
Undergraduate,78497.0,0,0,44,207,26,447,75,0,223,1,5,7,12,2,0,0,0,1,0,0,0,75,978,Partner,0,2,0,24,1,0,0,High Income – High Spending,High Income – High Spending
Postgraduate,50150.0,0,0,32,135,46,92,65,61,11,2,5,2,7,5,0,0,0,0,0,0,0,43,410,Partner,0,2,0,14,0,0,2,High Income – High Spending,Low Income – Low Spending
Undergraduate,47823.0,0,1,0,53,1,5,2,1,10,2,2,0,3,8,0,0,0,0,0,0,0,66,72,Alone,1,2,1,5,0,1,1,Low Income – Low Spending,Low Income – High Spending
Postgraduate,34554.0,0,1,43,41,1,6,2,0,5,2,2,0,3,6,0,0,0,0,0,0,0,67,55,Alone,1,2,1,5,0,1,1,Low Income – Low Spending,Low Income – High Spending
Graduate,85693.0,0,1,59,386,172,183,185,132,111,2,9,5,11,5,0,0,0,0,0,0,0,47,1169,Partner,1,3,1,25,0,0,0,High Income – High Spending,High Income – High Spending
Postgraduate,65846.0,0,0,68,562,81,276,80,40,81,1,6,3,6,4,0,0,0,0,0,0,0,81,1120,Partner,0,2,0,15,0,0,0,High Income – High Spending,High Income – High Spending
Graduate,87195.0,0,0,35,217,76,690,50,26,38,1,3,11,5,1,0,0,0,0,0,0,1,67,1097,Partner,0,2,0,19,1,0,0,High Income – High Spending,High Income – High Spending
Undergraduate,24594.0,1,0,94,1,3,6,10,0,9,1,1,0,3,5,0,0,0,0,0,0,0,47,29,Partner,1,3,1,4,0,1,2,Low Income – Low Spending,Low Income – Low Spending
Graduate,49096.0,1,1,15,144,1,32,2,1,7,4,4,1,4,7,0,0,0,0,0,0,0,62,187,Partner,2,4,1,9,0,1,1,Low Income – Low Spending,Low Income – High Spending
Graduate,52413.0,0,2,56,295,106,271,75,98,65,4,6,4,12,6,0,0,0,0,0,0,0,57,910,Partner,2,4,1,22,0,0,3,High Income – High Spending,High Income – Low Spending
Graduate,38557.0,1,0,17,76,3,31,4,4,27,2,3,1,3,7,0,0,0,0,0,0,0,48,145,Alone,1,2,1,7,0,1,2,Low Income – Low Spending,Low Income – Low Spending
Postgraduate,89058.0,0,0,18,454,194,106,31,22,43,1,5,4,4,2,0,0,0,0,0,0,0,66,850,Partner,0,2,0,13,0,0,0,High Income – High Spending,High Income – High Spending
Graduate,77298.0,0,1,46,425,115,292,23,35,79,1,6,6,11,3,0,0,0,0,0,0,0,47,969,Partner,1,3,1,23,0,0,0,High Income – High Spending,High Income – High Spending
Postgraduate,68126.0,0,0,40,1332,17,311,23,51,86,1,7,4,5,9,0,1,0,0,0,0,1,35,1820,Alone,0,1,0,16,2,0,0,High Income – High Spending,High Income – High Spending
Postgraduate,57288.0,0,1,27,527,0,21,0,0,60,3,8,1,8,6,0,1,0,0,0,0,0,63,608,Partner,1,3,1,17,1,1,3,Low Income – Low Spending,High Income – Low Spending
Graduate,86037.0,0,0,95,490,44,125,29,20,22,1,6,7,11,3,0,1,1,0,0,0,1,35,730,Alone,0,1,0,24,3,0,0,High Income – High Spending,High Income – High Spending
Postgraduate,43974.0,1,0,19,378,0,101,0,0,72,5,6,4,6,7,0,0,0,0,0,0,0,46,551,Partner,1,3,1,16,0,1,3,Low Income – Low Spending,High Income – Low Spending
Graduate,50785.0,1,1,27,64,1,21,0,1,27,2,2,1,3,6,0,0,0,0,0,0,0,64,114,Alone,2,3,1,6,0,1,1,Low Income – Low Spending,Low Income – High Spending
Graduate,90765.0,0,0,25,547,99,812,151,82,33,0,4,6,5,1,0,0,1,1,0,0,0,56,1724,Partner,0,2,0,15,2,0,0,High Income – High Spending,High Income – High Spending
Undergraduate,36550.0,1,0,74,47,90,94,123,103,120,5,9,1,5,9,0,0,0,0,0,0,0,48,577,Partner,1,3,1,15,0,1,3,Low Income – Low Spending,High Income – Low Spending
Undergraduate,30753.0,1,1,85,12,5,25,0,9,30,2,1,1,3,5,0,0,0,0,0,0,0,59,81,Partner,2,4,1,5,0,1,1,Low Income – Low Spending,Low Income – High Spending
Graduate,21918.0,1,0,37,1,6,7,11,5,3,2,2,0,3,6,0,0,0,0,0,0,0,57,33,Partner,1,3,1,5,0,1,2,Low Income – Low Spending,Low Income – Low Spending
Postgraduate,56129.0,0,1,65,320,48,133,39,72,48,4,6,2,10,4,0,0,0,0,0,0,0,73,660,Partner,1,3,1,18,0,0,3,High Income – High Spending,High Income – Low Spending
Postgraduate,32557.0,1,0,13,34,3,29,0,4,10,3,2,1,3,5,0,0,0,0,0,0,1,59,80,Alone,1,2,1,6,1,1,2,Low Income – Low Spending,Low Income – Low Spending
Postgraduate,19510.0,2,0,63,9,0,7,3,4,7,2,1,0,3,7,0,0,0,0,0,0,0,41,30,Partner,2,4,1,4,0,1,2,Low Income – Low Spending,Low Income – Low Spending
Graduate,30992.0,1,0,83,17,0,14,7,3,2,1,1,0,3,7,0,0,0,0,0,0,0,50,43,Alone,1,2,1,4,0,1,2,Low Income – Low Spending,Low Income – Low Spending
Graduate,101970.0,0,0,69,722,27,102,44,72,168,0,6,8,13,2,0,1,1,1,0,0,1,43,1135,Alone,0,1,0,27,4,0,0,High Income – High Spending,High Income – High Spending
Undergraduate,71488.0,0,0,87,162,33,124,40,28,172,2,3,4,7,1,0,0,0,0,0,0,0,61,559,Partner,0,2,0,14,0,0,0,High Income – High Spending,High Income – High Spending
Graduate,79607.0,0,0,37,450,133,951,173,0,216,1,3,6,6,1,0,0,0,0,0,0,1,42,1923,Alone,0,1,0,15,1,0,0,High Income – High Spending,High Income – High Spending
Postgraduate,54348.0,1,1,51,70,0,16,0,0,4,2,2,0,4,6,0,0,0,0,0,0,0,73,90,Partner,2,4,1,6,0,1,1,Low Income – Low Spending,Low Income – High Spending
Postgraduate,77376.0,1,1,72,492,19,110,16,12,12,4,6,3,10,4,0,0,0,0,0,0,0,70,661,Partner,2,4,1,19,0,1,3,Low Income – Low Spending,High Income – Low Spending
Graduate,62998.0,0,1,10,120,58,73,65,89,58,5,5,4,5,5,0,0,0,0,0,0,0,74,463,Partner,1,3,1,14,0,0,3,High Income – High Spending,High Income – Low Spending
Postgraduate,61331.0,1,1,42,534,5,47,0,5,41,5,11,1,6,8,0,0,0,0,0,0,0,68,632,Alone,2,3,1,18,0,1,3,Low Income – Low Spending,High Income – Low Spending
Graduate,73448.0,0,0,10,236,106,189,23,41,130,1,7,2,9,4,0,0,0,0,0,0,0,57,725,Partner,0,2,0,18,0,0,0,High Income – High Spending,High Income – High Spending
Postgraduate,41551.0,1,1,51,220,0,33,3,0,23,5,5,1,5,8,0,0,0,0,0,0,0,62,279,Partner,2,4,1,11,0,1,1,Low Income – Low Spending,Low Income – High Spending
Postgraduate,62981.0,0,0,21,796,14,590,38,44,0,1,4,5,13,3,0,1,0,0,0,0,0,59,1482,Partner,0,2,0,22,1,0,0,High Income – High Spending,High Income – High Spending
Undergraduate,9548.0,1,0,31,0,1,3,10,6,9,2,1,0,3,8,0,0,0,0,0,0,0,50,29,Alone,1,2,1,4,0,1,2,Low Income – Low Spending,Low Income – Low Spending
Postgraduate,33762.0,2,1,61,53,1,34,2,0,16,3,2,2,2,8,0,0,0,0,0,0,0,67,106,Partner,3,5,1,6,0,1,1,Low Income – Low Spending,Low Income – High Spending
Postgraduate,35860.0,1,1,37,15,0,8,4,2,20,2,1,1,2,5,1,0,0,0,0,0,1,53,49,Alone,2,3,1,4,2,1,1,Low Income – Low Spending,Low Income – High Spending
Postgraduate,36921.0,1,1,74,17,1,12,3,1,4,2,2,0,3,7,0,0,0,0,0,0,0,61,38,Alone,2,3,1,5,0,1,1,Low Income – Low Spending,Low Income – High Spending
Postgraduate,92859.0,0,0,46,962,61,921,52,61,20,1,5,4,12,2,0,0,0,0,0,0,0,34,2077,Alone,0,1,0,21,0,0,0,High Income – High Spending,High Income – High Spending
Postgraduate,65104.0,0,1,4,738,0,232,13,20,50,2,3,5,7,7,0,0,0,0,0,0,1,50,1053,Partner,1,3,1,15,1,0,3,High Income – High Spending,High Income – Low Spending
Graduate,86111.0,0,0,73,399,28,756,36,40,126,1,5,7,10,2,0,0,0,0,0,0,0,64,1385,Partner,0,2,0,22,0,0,0,High Income – High Spending,High Income – High Spending
Postgraduate,68352.0,0,1,47,614,16,132,43,33,33,3,8,5,9,6,0,0,0,0,0,0,0,52,871,Alone,1,2,1,22,0,0,3,High Income – High Spending,High Income – Low Spending
Graduate,41883.0,1,0,13,32,34,41,73,16,116,3,4,2,3,7,0,0,0,0,0,0,0,38,312,Partner,1,3,1,9,0,1,2,Low Income – Low Spending,Low Income – Low Spending
Graduate,59809.0,0,2,36,598,16,141,32,41,49,3,3,3,6,8,0,0,0,0,0,0,0,50,877,Partner,2,4,1,12,0,1,3,Low Income – Low Spending,High Income – Low Spending
Graduate,23957.0,1,0,47,2,1,18,20,11,16,1,2,0,3,6,0,0,0,0,0,0,1,51,68,Partner,1,3,1,5,1,1,2,Low Income – Low Spending,Low Income – Low Spending
Graduate,38547.0,1,0,49,6,1,10,0,1,4,1,1,0,2,8,0,0,0,0,0,1,0,45,22,Partner,1,3,1,3,0,1,2,Low Income – Low Spending,Low Income – Low Spending
Undergraduate,35688.0,2,1,94,73,3,90,12,1,32,7,4,1,4,8,0,0,0,0,0,0,0,53,211,Partner,3,5,1,9,0,1,1,Low Income – Low Spending,Low Income – High Spending
Postgraduate,49605.0,0,0,65,42,16,29,12,20,8,1,2,1,4,3,0,0,0,0,0,0,0,60,127,Partner,0,2,0,7,0,1,2,Low Income – Low Spending,Low Income – Low Spending
Postgraduate,59354.0,0,2,59,295,21,78,39,13,13,1,4,4,7,3,0,0,0,0,0,0,0,73,459,Partner,2,4,1,15,0,1,3,Low Income – Low Spending,High Income – Low Spending
Graduate,65747.0,0,1,96,346,17,48,23,13,13,4,8,1,6,6,0,1,0,0,0,0,0,57,460,Partner,1,3,1,15,1,1,3,Low Income – Low Spending,High Income – Low Spending
Undergraduate,46344.0,0,1,28,233,20,57,8,20,91,4,7,1,5,7,0,0,0,0,0,0,0,54,429,Partner,1,3,1,13,0,1,3,Low Income – Low Spending,High Income – Low Spending
Graduate,34176.0,1,0,12,5,7,24,19,14,20,4,3,0,4,6,0,0,0,0,0,0,0,38,89,Alone,1,2,1,7,0,1,2,Low Income – Low Spending,Low Income – Low Spending
Postgraduate,61010.0,0,1,57,888,0,57,0,0,76,2,8,5,11,5,0,0,0,0,0,0,0,74,1021,Partner,1,3,1,24,0,0,3,High Income – High Spending,High Income – Low Spending
Graduate,69372.0,0,0,10,997,26,269,34,13,42,1,10,4,6,4,0,1,1,0,0,0,1,77,1381,Partner,0,2,0,20,3,0,0,High Income – High Spending,High Income – High Spending
Graduate,49967.0,0,1,4,212,6,69,4,12,3,3,6,1,5,7,0,0,0,0,0,0,0,68,306,Alone,1,2,1,12,0,1,1,Low Income – Low Spending,Low Income – High Spending
Graduate,60199.0,1,2,49,8,1,7,2,0,0,1,0,0,3,4,0,0,0,0,0,0,0,48,18,Alone,3,4,1,3,0,1,1,Low Income – Low Spending,Low Income – High Spending
Graduate,55375.0,0,1,3,42,11,57,10,28,14,1,1,1,6,2,0,0,0,0,0,0,0,49,162,Partner,1,3,1,8,0,1,1,Low Income – Low Spending,Low Income – High Spending
Graduate,80317.0,0,0,64,536,11,387,149,91,57,1,3,4,10,1,0,0,0,0,0,0,0,71,1231,Alone,0,1,0,17,0,0,0,High Income – High Spending,High Income – High Spending
Postgraduate,30523.0,2,1,0,5,0,3,0,0,5,1,1,0,2,7,0,0,0,0,0,0,0,68,13,Alone,3,4,1,3,0,1,1,Low Income – Low Spending,Low Income – High Spending
Postgraduate,70356.0,0,0,20,1349,16,249,43,16,33,2,10,6,9,6,0,0,0,0,0,0,0,81,1706,Partner,0,2,0,25,0,0,0,High Income – High Spending,High Income – High Spending
Graduate,23228.0,1,0,91,53,3,49,7,4,5,4,3,0,4,8,0,0,0,0,0,0,0,42,121,Partner,1,3,1,7,0,1,2,Low Income – Low Spending,Low Income – Low Spending
Postgraduate,74165.0,0,0,9,1001,12,240,16,12,12,1,5,4,10,2,0,0,0,0,0,0,0,51,1293,Alone,0,1,0,19,0,0,0,High Income – High Spending,High Income – High Spending
Graduate,43482.0,2,1,83,18,1,32,6,3,28,3,2,0,4,6,0,0,0,0,0,0,0,60,88,Partner,3,5,1,6,0,1,1,Low Income – Low Spending,Low Income – High Spending
Graduate,62551.0,0,0,27,125,16,98,134,21,27,1,6,7,4,3,1,0,0,0,0,0,0,73,421,Alone,0,1,0,17,1,0,0,High Income – High Spending,High Income – High Spending
Graduate,52332.0,0,0,63,212,5,33,7,0,2,1,3,2,6,4,0,1,0,0,0,0,0,67,259,Alone,0,1,0,11,1,1,2,Low Income – Low Spending,Low Income – Low Spending
Graduate,66951.0,0,0,46,277,162,305,173,76,124,1,3,4,7,1,0,0,0,0,0,0,0,38,1117,Alone,0,1,0,14,0,0,0,High Income – High Spending,High Income – High Spending
Graduate,26091.0,1,1,84,15,10,19,8,17,20,3,2,1,3,5,0,0,0,0,0,0,0,69,89,Partner,2,4,1,6,0,1,1,Low Income – Low Spending,Low Income – High Spending
Graduate,33456.0,1,1,58,7,3,10,8,1,7,2,1,0,3,7,0,0,0,0,0,0,0,61,36,Partner,2,4,1,4,0,1,1,Low Income – Low Spending,Low Income – High Spending
Graduate,28718.0,1,0,78,12,4,6,11,8,16,2,2,0,3,8,0,0,0,0,0,0,0,44,57,Partner,1,3,1,5,0,1,2,Low Income – Low Spending,Low Income – Low Spending
Graduate,50447.0,2,0,4,85,7,24,2,3,27,1,3,1,3,6,0,0,0,0,0,0,0,56,148,Partner,2,4,1,7,0,1,2,Low Income – Low Spending,Low Income – Low Spending
Postgraduate,53537.0,1,1,17,81,0,6,0,0,6,2,2,1,3,5,0,0,0,0,0,0,0,67,93,Partner,2,4,1,6,0,1,1,Low Income – Low Spending,Low Income – High Spending
Graduate,52074.0,0,1,77,59,0,12,0,0,48,1,2,2,2,4,1,0,0,0,0,0,0,59,119,Alone,1,2,1,6,1,1,1,Low Income – Low Spending,Low Income – High Spending
Postgraduate,80427.0,0,1,56,1149,71,449,69,71,26,1,11,8,8,5,0,0,0,0,0,0,0,51,1835,Partner,1,3,1,27,0,0,0,High Income – High Spending,High Income – High Spending
Postgraduate,83837.0,0,0,79,847,66,119,86,89,111,1,9,10,5,4,0,1,0,1,0,0,1,78,1318,Partner,0,2,0,24,3,0,0,High Income – High Spending,High Income – High Spending
Postgraduate,38853.0,1,1,90,29,0,14,0,0,2,2,2,0,3,7,0,0,0,0,0,0,0,56,45,Partner,2,4,1,5,0,1,1,Low Income – Low Spending,Low Income – High Spending
Graduate,38285.0,2,1,96,2,0,5,2,0,1,1,0,0,3,2,0,0,0,0,0,0,0,67,10,Partner,3,5,1,3,0,1,1,Low Income – Low Spending,Low Income – High Spending
Undergraduate,78497.0,0,0,44,207,26,447,75,0,223,1,5,7,12,2,0,0,0,1,0,0,0,75,978,Partner,0,2,0,24,1,0,0,High Income – High Spending,High Income – High Spending
Postgraduate,51650.0,0,1,81,152,3,22,2,5,7,1,4,1,4,5,0,0,0,0,0,0,0,50,191,Partner,1,3,1,9,0,1,1,Low Income – Low Spending,Low Income – High Spending
Undergraduate,16248.0,1,0,77,12,11,10,3,12,9,3,2,1,3,6,0,0,0,0,0,0,0,38,57,Partner,1,3,1,6,0,1,2,Low Income – Low Spending,Low Income – Low Spending
Postgraduate,66835.0,0,0,21,620,26,195,34,17,141,1,6,4,13,2,0,0,0,0,0,0,0,80,1033,Partner,0,2,0,23,0,0,0,High Income – High Spending,High Income – High Spending
Postgraduate,30477.0,1,0,16,47,1,6,0,0,12,1,1,1,3,6,0,0,0,0,0,0,0,42,66,Partner,1,3,1,5,0,1,2,Low Income – Low Spending,Low Income – Low Spending
Undergraduate,28249.0,0,0,80,1,9,7,2,14,10,1,2,0,3,6,0,0,0,0,0,0,0,65,43,Partner,0,2,0,5,0,1,2,Low Income – Low Spending,Low Income – Low Spending
Graduate,25271.0,1,0,45,10,1,18,10,4,7,1,1,1,2,9,0,0,0,0,0,0,0,43,50,Partner,1,3,1,4,0,1,2,Low Income – Low Spending,Low Income – Low Spending
Postgraduate,32303.0,0,1,63,35,0,2,0,0,2,2,1,0,4,5,0,0,0,0,0,0,0,56,39,Alone,1,2,1,5,0,1,1,Low Income – Low Spending,Low Income – High Spending
Graduate,61286.0,0,1,34,356,0,107,19,9,117,2,7,1,8,5,0,0,0,0,0,0,0,60,608,Partner,1,3,1,16,0,1,3,Low Income – Low Spending,High Income – Low Spending
Graduate,74068.0,0,0,14,783,30,537,140,76,15,1,4,10,9,2,0,0,0,0,0,0,0,50,1581,Partner,0,2,0,23,0,0,0,High Income – High Spending,High Income – High Spending
Postgraduate,45759.0,1,1,13,42,1,18,3,0,4,2,2,0,3,7,0,0,0,0,0,0,0,62,68,Partner,2,4,1,5,0,1,1,Low Income – Low Spending,Low Income – High Spending
Undergraduate,24882.0,1,0,52,1,4,10,29,0,36,1,1,1,2,6,1,0,0,0,0,0,0,48,80,Partner,1,3,1,4,1,1,2,Low Income – Low Spending,Low Income – Low Spending
Postgraduate,66973.0,0,0,98,466,22,432,147,113,102,1,8,7,12,3,0,0,0,0,0,0,0,37,1282,Partner,0,2,0,27,0,0,0,High Income – High Spending,High Income – High Spending
Graduate,38872.0,1,0,93,23,3,21,3,19,22,2,3,0,3,8,0,0,0,0,0,0,0,38,91,Partner,1,3,1,6,0,1,2,Low Income – Low Spending,Low Income – Low Spending
Graduate,51148.0,1,1,38,235,6,45,8,9,12,4,5,1,6,6,0,0,0,0,0,0,0,53,315,Partner,2,4,1,12,0,1,1,Low Income – Low Spending,Low Income – High Spending
Graduate,31353.0,1,1,24,10,0,10,3,1,7,2,1,1,2,8,0,0,0,0,0,0,0,49,31,Partner,2,4,1,4,0,1,1,Low Income – Low Spending,Low Income – High Spending
Postgraduate,69661.0,0,0,80,656,16,106,32,16,8,1,7,3,12,3,0,0,0,0,0,0,0,46,834,Partner,0,2,0,22,0,0,0,High Income – High Spending,High Income – High Spending
Graduate,80067.0,0,0,82,519,17,813,27,173,51,1,4,6,6,2,0,0,1,0,0,0,0,72,1600,Partner,0,2,0,16,1,0,0,High Income – High Spending,High Income – High Spending
Graduate,86718.0,0,0,20,344,189,482,50,33,172,1,5,6,5,2,0,0,0,0,0,0,0,72,1270,Partner,0,2,0,16,0,0,0,High Income – High Spending,High Income – High Spending
Postgraduate,46854.0,1,1,81,96,1,79,7,1,79,6,5,1,3,8,1,0,0,0,0,0,1,53,263,Alone,2,3,1,9,2,1,1,Low Income – Low Spending,Low Income – High Spending
Graduate,69142.0,0,1,50,448,4,34,6,4,39,3,8,1,7,5,0,1,0,0,0,0,0,74,535,Alone,1,2,1,16,1,1,3,Low Income – Low Spending,High Income – Low Spending
Graduate,75922.0,0,0,60,265,138,553,224,23,92,1,4,4,9,1,0,0,0,0,0,0,0,58,1295,Alone,0,1,0,17,0,0,0,High Income – High Spending,High Income – High Spending
Graduate,63693.0,0,1,63,587,43,337,42,87,54,3,11,6,9,6,0,0,0,0,0,0,0,48,1150,Alone,1,2,1,26,0,0,3,High Income – High Spending,High Income – Low Spending
Postgraduate,102160.0,0,0,54,763,29,138,76,176,58,0,7,9,10,4,0,1,1,1,0,0,1,49,1240,Partner,0,2,0,26,4,0,0,High Income – High Spending,High Income – High Spending
Postgraduate,40637.0,1,1,72,22,0,13,0,0,3,2,1,0,3,7,0,0,0,0,0,0,0,61,38,Alone,2,3,1,4,0,1,1,Low Income – Low Spending,Low Income – High Spending
Postgraduate,18890.0,0,0,5,6,4,1,7,2,15,1,0,1,2,6,1,0,0,0,0,0,1,42,35,Alone,0,1,0,3,2,1,2,Low Income – Low Spending,Low Income – Low Spending
Graduate,29604.0,1,0,88,7,6,13,7,6,14,1,1,0,3,9,1,0,0,0,0,0,0,38,53,Partner,1,3,1,4,1,1,2,Low Income – Low Spending,Low Income – Low Spending
Postgraduate,48721.0,1,1,50,81,18,113,47,13,21,6,4,2,5,6,0,0,0,0,0,0,0,63,293,Alone,2,3,1,11,0,1,1,Low Income – Low Spending,Low Income – High Spending
Graduate,44794.0,0,1,99,54,0,7,0,0,4,1,2,0,3,6,0,0,0,0,0,0,0,60,65,Partner,1,3,1,5,0,1,1,Low Income – Low Spending,Low Income – High Spending
Graduate,64497.0,0,1,17,1170,48,320,42,32,192,5,11,4,9,8,1,0,0,0,0,0,1,72,1804,Alone,1,2,1,24,2,0,3,High Income – High Spending,High Income – Low Spending
Graduate,46097.0,0,1,11,72,24,68,65,4,8,5,3,1,6,4,0,0,0,0,0,0,0,70,241,Partner,1,3,1,10,0,1,1,Low Income – Low Spending,Low Income – High Spending
Graduate,77972.0,0,0,18,613,22,319,33,102,12,1,4,6,9,1,0,0,0,0,0,0,0,72,1101,Partner,0,2,0,19,0,0,0,High Income – High Spending,High Income – High Spending
Postgraduate,44377.0,1,1,70,224,0,30,0,0,10,8,5,1,5,8,0,0,0,0,0,0,0,58,264,Partner,2,4,1,11,0,1,1,Low Income – Low Spending,Low Income – High Spending
Postgraduate,46014.0,1,1,21,410,0,59,19,9,44,10,7,1,8,7,0,0,0,0,0,0,0,52,541,Partner,2,4,1,16,0,1,3,Low Income – Low Spending,High Income – Low Spending
Graduate,70951.0,0,0,66,239,10,554,254,87,54,1,3,4,9,1,0,0,0,0,0,0,0,41,1198,Partner,0,2,0,16,0,0,0,High Income – High Spending,High Income – High Spending
Graduate,41443.0,1,0,79,171,7,171,25,19,89,6,8,1,5,8,0,0,0,0,0,0,0,49,482,Partner,1,3,1,14,0,1,3,Low Income – Low Spending,High Income – Low Spending
Undergraduate,52195.0,2,1,2,12,0,4,0,0,1,1,1,0,2,8,0,0,0,0,0,0,0,48,17,Alone,3,4,1,3,0,1,1,Low Income – Low Spending,Low Income – High Spending
Postgraduate,83790.0,0,0,81,1076,16,417,42,48,16,1,8,10,6,3,0,1,1,0,0,0,0,78,1615,Partner,0,2,0,24,2,0,0,High Income – High Spending,High Income – High Spending
Postgraduate,44551.0,0,1,24,182,4,33,0,0,66,2,4,1,5,7,0,0,0,0,0,0,0,72,285,Alone,1,2,1,10,0,1,1,Low Income – Low Spending,Low Income – High Spending
Graduate,69508.0,1,0,48,824,32,162,42,32,43,2,11,4,11,6,0,0,0,0,0,0,0,46,1135,Partner,1,3,1,26,0,0,3,High Income – High Spending,High Income – Low Spending
Undergraduate,45204.0,1,0,93,30,11,25,29,1,18,1,1,1,4,3,0,0,0,0,0,0,0,38,114,Partner,1,3,1,6,0,1,2,Low Income – Low Spending,Low Income – Low Spending
Graduate,72460.0,0,0,56,377,10,540,80,30,10,1,3,5,7,1,0,0,0,0,0,0,0,57,1047,Partner,0,2,0,15,0,0,0,High Income – High Spending,High Income – High Spending
Postgraduate,77622.0,0,2,3,520,7,154,19,0,14,2,6,3,11,3,0,0,0,0,0,0,0,56,714,Partner,2,4,1,20,0,0,3,High Income – High Spending,High Income – Low Spending
Postgraduate,30732.0,1,0,44,155,1,25,0,1,3,4,4,1,4,8,0,0,0,0,0,0,0,46,185,Partner,1,3,1,9,0,1,2,Low Income – Low Spending,Low Income – Low Spending
Graduate,63887.0,0,1,38,897,23,207,15,11,92,5,9,6,12,6,0,0,0,0,0,0,0,64,1245,Alone,1,2,1,27,0,0,3,High Income – High Spending,High Income – Low Spending
Graduate,42011.0,1,0,46,131,0,16,2,1,39,4,3,1,4,8,0,0,0,0,0,0,0,48,189,Partner,1,3,1,8,0,1,2,Low Income – Low Spending,Low Income – Low Spending
Graduate,51369.0,0,1,84,297,7,79,0,11,182,2,8,2,4,8,0,0,0,0,0,0,0,50,576,Partner,1,3,1,14,0,1,3,Low Income – Low Spending,High Income – Low Spending
Graduate,51537.0,0,1,27,787,20,204,0,0,92,3,2,2,11,8,0,0,0,0,0,0,0,74,1103,Alone,1,2,1,15,0,0,3,High Income – High Spending,High Income – Low Spending
Postgraduate,79930.0,0,0,72,792,86,740,67,51,17,1,3,5,8,2,0,0,0,0,0,0,0,54,1753,Partner,0,2,0,16,0,0,0,High Income – High Spending,High Income – High Spending
Postgraduate,34320.0,1,0,66,4,1,9,3,0,0,1,1,0,2,8,0,0,0,0,0,0,0,40,17,Partner,1,3,1,3,0,1,2,Low Income – Low Spending,Low Income – Low Spending
Graduate,37070.0,1,1,30,231,7,137,4,15,39,9,5,1,8,7,0,0,0,0,0,0,1,60,433,Alone,2,3,1,14,1,1,1,Low Income – Low Spending,Low Income – High Spending
Undergraduate,81975.0,0,1,2,983,76,184,180,138,27,1,6,3,4,7,0,0,1,0,0,0,0,64,1588,Alone,1,2,1,13,1,0,0,High Income – High Spending,High Income – High Spending
Graduate,38590.0,1,0,65,3,1,8,4,3,3,1,1,0,2,8,0,0,0,0,0,0,0,55,22,Partner,1,3,1,3,0,1,2,Low Income – Low Spending,Low Income – Low Spending
Graduate,15033.0,0,0,37,0,4,5,6,0,4,1,1,0,3,3,0,0,0,0,0,0,0,75,19,Alone,0,1,0,4,0,1,2,Low Income – Low Spending,Low Income – Low Spending
Postgraduate,62745.0,0,1,89,562,21,464,28,10,32,3,7,8,11,5,0,0,0,0,0,0,0,61,1117,Partner,1,3,1,26,0,0,3,High Income – High Spending,High Income – Low Spending
Undergraduate,22212.0,1,0,49,5,9,20,6,8,21,2,2,0,4,6,0,0,0,0,0,0,0,51,69,Partner,1,3,1,6,0,1,2,Low Income – Low Spending,Low Income – Low Spending
Postgraduate,23661.0,1,0,46,18,0,4,0,0,1,1,1,0,3,7,0,0,0,0,0,0,0,44,23,Partner,1,3,1,4,0,1,2,Low Income – Low Spending,Low Income – Low Spending
Postgraduate,79761.0,0,1,32,415,5,124,15,35,11,1,5,2,11,3,0,0,0,0,0,0,0,68,605,Alone,1,2,1,18,0,0,3,High Income – High Spending,High Income – Low Spending
Graduate,7500.0,1,0,54,5,3,10,12,7,20,4,3,1,3,7,0,0,0,0,0,0,0,53,57,Alone,1,2,1,7,0,1,2,Low Income – Low Spending,Low Income – Low Spending
Graduate,73455.0,0,0,98,901,61,757,186,163,20,1,6,5,10,3,0,1,0,0,0,0,0,58,2088,Alone,0,1,0,21,1,0,0,High Income – High Spending,High Income – High Spending
Graduate,64961.0,0,1,97,382,114,276,75,124,38,2,6,4,4,3,0,0,0,0,0,0,0,68,1009,Partner,1,3,1,14,0,0,0,High Income – High Spending,High Income – High Spending
Graduate,22804.0,1,0,75,14,1,7,2,1,1,1,2,0,2,9,0,0,0,0,0,0,0,55,26,Alone,1,2,1,4,0,1,2,Low Income – Low Spending,Low Income – Low Spending
Graduate,73687.0,0,0,8,559,153,503,218,13,181,1,3,9,9,2,0,0,0,1,0,0,1,36,1627,Partner,0,2,0,21,2,0,0,High Income – High Spending,High Income – High Spending
Graduate,61074.0,0,1,37,789,0,133,0,28,152,7,11,5,8,7,0,0,0,0,0,0,0,68,1102,Partner,1,3,1,24,0,0,3,High Income – High Spending,High Income – Low Spending
Postgraduate,31686.0,1,1,31,11,0,5,0,0,1,2,1,0,3,6,0,0,0,0,0,0,0,62,17,Partner,2,4,1,4,0,1,1,Low Income – Low Spending,Low Income – High Spending
Graduate,80134.0,1,0,40,1218,16,272,104,0,80,2,5,3,6,6,0,1,1,1,0,0,1,54,1690,Partner,1,3,1,14,4,0,3,High Income – High Spending,High Income – Low Spending
Graduate,75027.0,0,1,74,925,64,179,133,12,77,2,9,4,6,5,0,0,0,0,0,0,0,73,1390,Partner,1,3,1,19,0,0,3,High Income – High Spending,High Income – Low Spending
Postgraduate,67546.0,0,0,90,864,134,768,150,38,172,1,4,10,5,3,0,0,0,0,0,0,0,38,2126,Partner,0,2,0,19,0,0,0,High Income – High Spending,High Income – High Spending
Postgraduate,65176.0,0,1,57,960,28,183,220,70,70,4,9,6,6,6,0,0,0,0,0,0,0,57,1531,Partner,1,3,1,21,0,0,3,High Income – High Spending,High Income – Low Spending
Postgraduate,31160.0,1,0,59,16,3,25,6,1,13,2,2,0,3,8,0,0,0,0,0,0,0,51,64,Alone,1,2,1,5,0,1,2,Low Income – Low Spending,Low Income – Low Spending
Graduate,29938.0,1,0,52,3,3,7,0,2,11,2,1,0,3,6,0,0,0,0,0,0,0,41,26,Alone,1,2,1,4,0,1,2,Low Income – Low Spending,Low Income – Low Spending
Graduate,102692.0,0,0,5,168,148,444,32,172,148,1,6,9,13,2,0,1,1,1,1,0,1,52,1112,Alone,0,1,0,28,5,0,0,High Income – High Spending,High Income – High Spending
Undergraduate,26490.0,0,0,92,45,47,52,21,20,25,2,3,1,5,6,0,0,0,0,0,0,0,68,210,Partner,0,2,0,9,0,1,2,Low Income – Low Spending,Low Income – Low Spending
Graduate,75702.0,1,1,77,650,28,353,45,42,30,5,4,6,11,8,0,0,0,0,0,0,0,59,1148,Partner,2,4,1,21,0,0,3,High Income – High Spending,High Income – Low Spending
Postgraduate,30899.0,1,0,35,24,0,8,0,0,1,2,1,0,3,6,0,0,0,0,0,0,0,52,33,Alone,1,2,1,4,0,1,2,Low Income – Low Spending,Low Income – Low Spending
Postgraduate,63342.0,0,1,48,918,21,118,13,10,21,3,8,3,5,6,0,1,0,0,0,0,0,65,1101,Partner,1,3,1,16,1,0,3,High Income – High Spending,High Income – Low Spending
Graduate,45989.0,0,1,97,138,33,87,28,24,12,4,3,2,7,3,0,0,0,0,0,0,0,62,322,Alone,1,2,1,12,0,1,1,Low Income – Low Spending,Low Income – High Spending
Graduate,18701.0,1,1,95,12,4,2,10,6,10,4,2,0,4,5,0,0,0,0,0,0,0,62,44,Alone,2,3,1,6,0,1,1,Low Income – Low Spending,Low Income – High Spending
Postgraduate,40737.0,2,1,24,11,0,4,0,0,2,1,1,0,2,8,0,0,0,0,0,0,0,69,17,Alone,3,4,1,3,0,1,1,Low Income – Low Spending,Low Income – High Spending
Graduate,15287.0,1,0,60,1,2,8,4,3,13,2,1,1,2,7,1,0,0,0,0,0,1,47,31,Alone,1,2,1,4,2,1,2,Low Income – Low Spending,Low Income – Low Spending
Postgraduate,69674.0,0,2,46,554,41,215,11,0,24,3,10,2,10,5,0,0,0,0,0,0,0,58,845,Alone,2,3,1,22,0,0,3,High Income – High Spending,High Income – Low Spending
Postgraduate,44159.0,1,0,85,167,2,62,24,13,7,4,4,1,6,5,0,0,0,0,0,0,0,56,275,Partner,1,3,1,11,0,1,2,Low Income – Low Spending,Low Income – Low Spending
Postgraduate,37717.0,1,0,31,9,0,6,4,1,5,1,1,0,2,9,0,0,0,0,0,0,0,48,25,Partner,1,3,1,3,0,1,2,Low Income – Low Spending,Low Income – Low Spending
Postgraduate,43776.0,1,1,9,177,2,71,3,2,20,6,5,2,4,8,0,0,0,0,0,0,1,74,275,Partner,2,4,1,11,1,1,1,Low Income – Low Spending,Low Income – High Spending
Postgraduate,38179.0,1,1,30,38,4,22,4,2,20,4,3,1,3,7,0,0,0,0,0,0,0,60,90,Partner,2,4,1,7,0,1,1,Low Income – Low Spending,Low Income – High Spending
Graduate,80124.0,0,0,47,483,84,398,205,84,241,1,3,7,8,1,1,0,0,0,0,0,0,63,1495,Partner,0,2,0,18,1,0,0,High Income – High Spending,High Income – High Spending
Postgraduate,38097.0,1,1,70,77,2,35,0,1,69,4,3,2,2,7,1,0,0,0,0,0,1,56,184,Partner,2,4,1,7,2,1,1,Low Income – Low Spending,Low Income – High Spending
Graduate,72940.0,0,0,13,182,74,298,162,149,116,1,3,3,6,1,0,0,0,0,0,0,0,56,981,Partner,0,2,0,12,0,0,0,High Income – High Spending,High Income – High Spending
Graduate,22070.0,1,0,11,10,7,19,8,2,21,2,2,2,2,6,0,0,0,0,0,0,0,56,67,Partner,1,3,1,6,0,1,2,Low Income – Low Spending,Low Income – Low Spending
Graduate,69267.0,0,0,31,778,44,499,95,73,146,2,3,4,5,7,0,0,0,0,0,0,1,73,1635,Alone,0,1,0,12,1,0,0,High Income – High Spending,High Income – High Spending
Postgraduate,31788.0,1,0,15,16,7,23,0,8,6,3,3,0,4,5,0,0,0,0,0,1,0,43,60,Alone,1,2,1,7,0,1,2,Low Income – Low Spending,Low Income – Low Spending
Postgraduate,61905.0,0,1,2,167,0,43,6,2,13,2,4,2,4,5,0,0,0,0,0,0,0,51,231,Partner,1,3,1,10,0,1,1,Low Income – Low Spending,Low Income – High Spending
Graduate,29315.0,1,1,55,13,2,14,8,7,4,4,2,0,4,6,0,0,0,0,0,0,0,66,48,Partner,2,4,1,6,0,1,1,Low Income – Low Spending,Low Income – High Spending
Graduate,33378.0,1,1,38,33,6,40,3,7,10,3,2,0,4,7,0,0,0,0,0,0,0,63,99,Alone,2,3,1,6,0,1,1,Low Income – Low Spending,Low Income – High Spending
Postgraduate,66313.0,0,1,86,625,7,99,10,22,7,2,6,3,12,4,0,0,0,0,0,0,0,63,770,Partner,1,3,1,21,0,0,3,High Income – High Spending,High Income – Low Spending
Graduate,60714.0,0,0,56,216,162,224,101,92,162,2,7,4,10,5,0,0,0,0,0,0,1,70,957,Alone,0,1,0,21,1,0,0,High Income – High Spending,High Income – High Spending
Postgraduate,77882.0,0,0,29,68,129,396,188,22,15,1,3,3,5,1,0,0,0,0,0,0,0,45,818,Partner,0,2,0,11,0,0,0,High Income – High Spending,High Income – High Spending
Postgraduate,69867.0,0,0,30,196,0,512,33,130,54,1,3,5,8,1,0,0,0,1,0,0,1,40,925,Alone,0,1,0,16,2,0,0,High Income – High Spending,High Income – High Spending
Postgraduate,63841.0,0,1,64,635,15,100,20,7,131,1,9,3,9,6,0,0,0,0,0,0,0,58,908,Alone,1,2,1,21,0,0,3,High Income – High Spending,High Income – Low Spending
Undergraduate,24480.0,1,0,46,4,19,9,28,25,17,3,3,0,4,7,0,0,0,0,0,0,0,45,102,Partner,1,3,1,7,0,1,2,Low Income – Low Spending,Low Income – Low Spending
Graduate,51369.0,0,1,84,297,7,79,0,11,182,2,8,2,4,8,0,0,0,0,0,0,0,50,576,Partner,1,3,1,14,0,1,3,Low Income – Low Spending,High Income – Low Spending
Graduate,37760.0,0,0,20,84,5,38,150,12,28,2,4,1,6,7,0,0,0,0,0,0,0,80,317,Partner,0,2,0,11,0,1,1,Low Income – Low Spending,Low Income – High Spending
Postgraduate,65640.0,0,1,74,204,7,149,20,15,66,1,5,1,8,2,0,0,0,0,0,0,0,52,461,Partner,1,3,1,14,0,1,3,Low Income – Low Spending,High Income – Low Spending
Postgraduate,44319.0,1,1,18,26,0,8,0,0,3,2,2,0,3,5,0,0,0,0,0,0,0,51,37,Partner,2,4,1,5,0,1,1,Low Income – Low Spending,Low Income – High Spending
Graduate,30631.0,1,0,75,15,6,20,4,5,20,1,3,1,2,7,0,0,0,0,0,0,0,52,70,Partner,1,3,1,6,0,1,2,Low Income – Low Spending,Low Income – Low Spending
Graduate,75278.0,0,0,17,304,98,230,150,74,74,1,6,3,13,3,0,0,0,0,0,0,0,74,930,Partner,0,2,0,22,0,0,0,High Income – High Spending,High Income – High Spending
Postgraduate,50898.0,1,1,88,285,28,242,55,114,135,13,6,2,12,5,0,0,0,0,0,0,0,70,859,Partner,2,4,1,20,0,0,3,High Income – High Spending,High Income – Low Spending
Graduate,79946.0,0,0,19,395,183,565,166,141,28,1,5,11,5,3,0,0,0,0,0,0,0,60,1478,Alone,0,1,0,21,0,0,0,High Income – High Spending,High Income – High Spending
Postgraduate,35416.0,0,0,62,248,3,81,4,3,51,3,7,1,5,8,0,0,0,0,0,0,0,77,390,Alone,0,1,0,13,0,1,1,Low Income – Low Spending,Low Income – High Spending
Undergraduate,32414.0,0,0,11,20,6,5,0,9,12,1,1,0,3,7,1,0,0,0,0,0,0,42,52,Partner,0,2,0,4,1,1,2,Low Income – Low Spending,Low Income – Low Spending
Graduate,38361.0,1,0,74,39,0,56,20,8,14,3,3,1,3,7,0,0,0,0,0,0,0,57,137,Partner,1,3,1,7,0,1,2,Low Income – Low Spending,Low Income – Low Spending
Graduate,82497.0,0,0,32,777,129,573,216,21,203,1,2,7,9,4,0,0,1,0,0,0,0,46,1919,Partner,0,2,0,18,1,0,0,High Income – High Spending,High Income – High Spending
Graduate,16626.0,2,0,76,8,3,22,21,1,13,3,3,0,3,9,0,0,0,0,0,0,0,55,68,Partner,2,4,1,6,0,1,2,Low Income – Low Spending,Low Income – Low Spending
Graduate,29672.0,1,1,6,9,1,3,0,4,8,1,0,0,3,6,0,0,0,0,0,0,0,61,25,Partner,2,4,1,3,0,1,1,Low Income – Low Spending,Low Income – High Spending
Postgraduate,55951.0,0,1,62,1241,0,80,0,13,40,3,3,6,11,8,0,1,0,0,1,0,0,74,1374,Partner,1,3,1,20,2,0,3,High Income – High Spending,High Income – Low Spending
Undergraduate,35388.0,1,0,20,6,4,7,4,3,8,1,1,0,3,7,0,0,0,0,0,0,0,38,32,Alone,1,2,1,4,0,1,2,Low Income – Low Spending,Low Income – Low Spending
Postgraduate,42386.0,1,0,43,65,4,16,0,4,11,1,3,0,3,8,0,0,0,0,0,0,0,40,100,Partner,1,3,1,6,0,1,2,Low Income – Low Spending,Low Income – Low Spending
Graduate,68627.0,0,0,45,395,15,263,60,54,38,1,2,3,6,1,0,0,0,0,0,0,0,44,825,Alone,0,1,0,11,0,0,0,High Income – High Spending,High Income – High Spending
Postgraduate,57912.0,0,1,34,801,0,80,0,0,35,5,8,3,12,5,0,1,0,0,0,0,0,61,916,Alone,1,2,1,23,1,0,3,High Income – High Spending,High Income – Low Spending
Graduate,35246.0,1,1,53,36,0,12,2,2,10,4,3,1,3,5,0,0,0,0,0,0,0,68,62,Alone,2,3,1,7,0,1,1,Low Income – Low Spending,Low Income – High Spending
Undergraduate,58821.0,0,1,44,513,14,154,19,0,28,1,9,2,9,6,0,0,0,0,0,0,0,70,728,Partner,1,3,1,20,0,0,3,High Income – High Spending,High Income – Low Spending
Postgraduate,46377.0,1,0,89,37,0,46,4,3,0,1,2,1,3,4,0,0,0,0,0,0,0,48,90,Partner,1,3,1,6,0,1,2,Low Income – Low Spending,Low Income – Low Spending
Graduate,39747.0,1,0,43,80,15,93,20,13,52,3,5,1,4,8,0,0,0,0,0,0,0,38,273,Alone,1,2,1,10,0,1,2,Low Income – Low Spending,Low Income – Low Spending
Graduate,23976.0,1,0,68,14,1,21,2,3,25,3,3,1,3,7,0,0,0,0,0,0,0,42,66,Partner,1,3,1,7,0,1,2,Low Income – Low Spending,Low Income – Low Spending
Postgraduate,80950.0,0,0,44,525,147,112,219,147,63,1,6,7,9,2,0,0,0,1,0,0,0,65,1213,Partner,0,2,0,22,1,0,0,High Income – High Spending,High Income – High Spending
Graduate,27038.0,0,0,64,1,26,25,17,23,15,1,3,0,3,9,0,0,0,0,0,0,1,60,107,Alone,0,1,0,6,1,1,2,Low Income – Low Spending,Low Income – Low Spending
Graduate,77457.0,0,0,85,675,11,400,15,45,11,1,2,5,10,1,0,0,1,0,0,0,0,79,1157,Alone,0,1,0,17,1,0,0,High Income – High Spending,High Income – High Spending
Postgraduate,64100.0,0,1,93,509,0,27,0,0,10,1,8,3,6,7,0,1,0,0,0,0,0,62,546,Partner,1,3,1,17,1,1,3,Low Income – Low Spending,High Income – Low Spending
Postgraduate,42670.0,0,0,12,154,2,46,20,4,15,1,4,2,4,4,0,0,0,0,0,0,0,34,241,Partner,0,2,0,10,0,1,2,Low Income – Low Spending,Low Income – Low Spending
Graduate,12571.0,1,0,86,3,5,14,2,12,17,4,3,1,3,6,0,0,0,0,0,0,0,50,53,Alone,1,2,1,7,0,1,2,Low Income – Low Spending,Low Income – Low Spending
Graduate,22574.0,2,1,28,25,0,8,2,0,2,2,2,0,3,7,0,0,0,0,0,0,0,59,37,Partner,3,5,1,5,0,1,1,Low Income – Low Spending,Low Income – High Spending
Postgraduate,70893.0,0,0,42,768,44,561,77,44,14,1,6,6,10,3,0,0,0,0,0,0,0,50,1508,Alone,0,1,0,22,0,0,0,High Income – High Spending,High Income – High Spending
Graduate,54198.0,1,1,13,185,0,28,3,2,17,6,3,1,6,4,0,0,0,0,0,0,0,60,235,Partner,2,4,1,10,0,1,1,Low Income – Low Spending,Low Income – High Spending
Postgraduate,28839.0,1,1,86,24,0,7,0,0,1,2,2,0,3,5,0,0,0,0,0,0,0,70,32,Partner,2,4,1,5,0,1,1,Low Income – Low Spending,Low Income – High Spending
Graduate,40321.0,1,1,59,44,4,21,6,0,27,2,3,0,3,7,0,0,0,0,0,0,0,54,102,Partner,2,4,1,6,0,1,1,Low Income – Low Spending,Low Income – High Spending
Graduate,66503.0,1,0,30,91,64,128,65,3,50,2,4,3,6,3,0,0,0,0,0,0,0,41,401,Alone,1,2,1,13,0,1,2,Low Income – Low Spending,Low Income – Low Spending
Graduate,30833.0,1,1,33,11,0,7,3,1,6,2,1,0,3,5,0,0,0,0,0,0,0,75,28,Partner,2,4,1,4,0,1,1,Low Income – Low Spending,Low Income – High Spending
Graduate,64795.0,0,1,23,412,5,119,38,29,77,3,3,3,12,2,0,0,0,0,0,0,0,55,680,Partner,1,3,1,18,0,0,3,High Income – High Spending,High Income – Low Spending
Graduate,34421.0,1,0,81,3,3,7,6,2,9,1,1,0,2,7,0,0,0,0,0,0,0,52,30,Partner,1,3,1,3,0,1,2,Low Income – Low Spending,Low Income – Low Spending
Postgraduate,47025.0,1,1,6,16,0,3,0,0,1,1,1,0,2,7,0,0,0,0,0,0,0,61,20,Alone,2,3,1,3,0,1,1,Low Income – Low Spending,Low Income – High Spending
Postgraduate,64325.0,0,1,41,731,60,353,78,12,73,5,10,3,5,7,0,0,0,0,0,0,0,65,1307,Alone,1,2,1,18,0,0,3,High Income – High Spending,High Income – Low Spending
Graduate,40464.0,0,1,78,424,17,118,7,23,41,6,8,2,8,8,0,0,0,0,0,0,0,73,630,Alone,1,2,1,18,0,1,3,Low Income – Low Spending,High Income – Low Spending
Graduate,62187.0,0,0,49,792,0,275,45,45,126,1,4,8,5,3,0,0,0,0,0,0,0,69,1283,Partner,0,2,0,17,0,0,0,High Income – High Spending,High Income – High Spending
Postgraduate,14849.0,1,0,39,21,2,28,3,2,9,3,2,0,4,8,0,0,0,0,0,0,0,50,65,Alone,1,2,1,6,0,1,2,Low Income – Low Spending,Low Income – Low Spending
Graduate,27255.0,1,0,3,22,1,11,0,1,2,1,1,0,3,7,0,0,0,0,0,0,0,42,37,Partner,1,3,1,4,0,1,2,Low Income – Low Spending,Low Income – Low Spending
Postgraduate,54432.0,2,1,37,33,0,5,0,0,0,1,1,0,3,4,0,0,0,0,0,0,0,76,38,Partner,3,5,1,4,0,1,1,Low Income – Low Spending,Low Income – High Spending
Postgraduate,29999.0,1,0,22,68,7,59,10,5,11,4,3,1,4,8,0,0,0,0,0,0,0,40,160,Alone,1,2,1,8,0,1,2,Low Income – Low Spending,Low Income – Low Spending
Graduate,24072.0,1,0,79,9,1,6,3,0,4,1,1,0,2,8,0,0,0,0,0,0,0,43,23,Alone,1,2,1,3,0,1,2,Low Income – Low Spending,Low Income – Low Spending
Postgraduate,33996.0,0,0,46,40,2,15,8,0,6,1,1,1,3,4,0,0,0,0,0,0,0,37,71,Alone,0,1,0,5,0,1,2,Low Income – Low Spending,Low Income – Low Spending
Postgraduate,66334.0,0,1,82,909,11,218,0,0,23,2,9,3,5,5,0,0,0,0,0,0,1,70,1161,Partner,1,3,1,17,1,0,3,High Income – High Spending,High Income – Low Spending
Postgraduate,35178.0,1,0,10,23,1,13,2,2,18,1,1,1,2,7,1,0,0,0,0,0,1,55,59,Partner,1,3,1,4,2,1,2,Low Income – Low Spending,Low Income – Low Spending
Graduate,22010.0,1,0,51,11,2,9,3,0,8,2,2,0,3,8,0,0,0,0,0,0,0,43,33,Partner,1,3,1,5,0,1,2,Low Income – Low Spending,Low Income – Low Spending
Graduate,62204.0,0,2,38,317,46,247,151,46,139,1,4,5,12,3,0,0,0,0,0,0,0,66,946,Alone,2,3,1,21,0,0,3,High Income – High Spending,High Income – Low Spending
Graduate,75693.0,0,0,10,797,153,293,72,97,30,1,11,4,6,4,0,1,1,1,0,0,1,58,1442,Alone,0,1,0,21,4,0,0,High Income – High Spending,High Income – High Spending
Graduate,30675.0,1,0,14,10,2,16,11,2,21,1,1,0,3,8,0,0,0,0,0,0,0,54,62,Partner,1,3,1,4,0,1,2,Low Income – Low Spending,Low Income – Low Spending
Graduate,83003.0,0,0,18,856,61,570,40,25,122,1,7,6,8,3,0,0,1,0,0,0,1,61,1674,Partner,0,2,0,21,2,0,0,High Income – High Spending,High Income – High Spending
Graduate,68655.0,0,0,95,456,19,832,75,118,38,1,4,5,11,3,0,0,0,0,0,0,0,38,1538,Alone,0,1,0,20,0,0,0,High Income – High Spending,High Income – High Spending
Graduate,41411.0,0,0,11,37,32,38,11,3,18,1,2,1,4,6,0,0,0,0,0,0,0,40,139,Alone,0,1,0,7,0,1,2,Low Income – Low Spending,Low Income – Low Spending
Postgraduate,55212.0,0,1,65,1103,0,45,0,0,34,3,4,2,11,8,0,1,0,0,1,0,0,57,1182,Partner,1,3,1,17,2,0,3,High Income – High Spending,High Income – Low Spending
Postgraduate,59292.0,0,1,71,378,14,68,19,14,14,2,3,5,8,3,0,0,0,0,0,0,0,76,507,Partner,1,3,1,16,0,1,3,Low Income – Low Spending,High Income – Low Spending
Undergraduate,27190.0,1,0,13,1,6,7,0,1,3,1,1,0,2,8,1,0,0,0,0,0,1,53,18,Partner,1,3,1,3,2,1,2,Low Income – Low Spending,Low Income – Low Spending
Graduate,82623.0,0,0,58,204,34,204,172,153,173,1,2,9,4,1,0,0,0,0,0,0,0,74,940,Alone,0,1,0,15,0,0,0,High Income – High Spending,High Income – High Spending
Graduate,44300.0,1,1,65,30,0,9,0,0,3,2,1,0,3,6,0,0,0,0,0,0,0,61,42,Partner,2,4,1,4,0,1,1,Low Income – Low Spending,Low Income – High Spending
Graduate,84835.0,0,0,0,189,104,379,111,189,218,1,4,4,6,1,0,0,0,0,0,0,1,56,1190,Alone,0,1,0,14,1,0,0,High Income – High Spending,High Income – High Spending
Graduate,30372.0,1,1,33,15,0,12,7,3,7,3,2,0,3,7,0,0,0,0,0,0,0,55,44,Alone,2,3,1,5,0,1,1,Low Income – Low Spending,Low Income – High Spending
Postgraduate,33181.0,1,0,90,9,0,3,0,0,4,1,1,0,2,6,1,0,0,0,0,0,0,50,16,Partner,1,3,1,3,1,1,2,Low Income – Low Spending,Low Income – Low Spending
Graduate,71113.0,0,1,95,495,33,255,11,33,8,4,6,7,9,4,0,0,0,0,0,0,0,69,835,Partner,1,3,1,22,0,0,3,High Income – High Spending,High Income – Low Spending
Graduate,71952.0,1,0,93,656,80,455,52,107,93,2,8,4,8,4,1,0,1,0,0,0,0,40,1443,Partner,1,3,1,20,2,0,0,High Income – High Spending,High Income – High Spending
Postgraduate,69759.0,0,0,38,452,20,514,13,30,0,3,4,6,5,3,0,0,0,0,0,0,1,60,1029,Alone,0,1,0,15,1,0,0,High Income – High Spending,High Income – High Spending
Graduate,72099.0,0,0,18,546,91,410,119,0,22,1,3,4,10,1,0,0,0,0,0,0,0,52,1188,Partner,0,2,0,17,0,0,0,High Income – High Spending,High Income – High Spending
Postgraduate,60000.0,0,1,57,1048,0,217,0,0,12,5,11,3,5,6,0,0,0,0,0,0,0,50,1277,Alone,1,2,1,19,0,0,3,High Income – High Spending,High Income – Low Spending
Graduate,38643.0,1,1,45,22,2,14,0,1,10,2,2,0,3,7,0,0,0,0,0,1,0,48,49,Alone,2,3,1,5,0,1,1,Low Income – Low Spending,Low Income – High Spending
Graduate,50737.0,0,1,61,78,0,11,0,0,10,1,2,0,4,6,0,1,0,0,0,0,0,71,99,Partner,1,3,1,6,1,1,1,Low Income – Low Spending,Low Income – High Spending
Postgraduate,68462.0,0,0,6,561,64,785,84,128,48,1,3,3,8,1,0,0,0,0,0,0,0,57,1670,Partner,0,2,0,14,0,0,0,High Income – High Spending,High Income – High Spending
Postgraduate,65073.0,0,0,65,629,17,177,69,0,8,1,5,3,5,2,0,0,0,0,0,1,0,83,900,Partner,0,2,0,13,0,0,0,High Income – High Spending,High Income – High Spending
Postgraduate,46681.0,0,2,52,269,15,69,15,19,38,2,4,6,4,5,0,0,0,0,0,0,0,78,425,Partner,2,4,1,14,0,1,1,Low Income – Low Spending,Low Income – High Spending
Graduate,78618.0,0,0,87,736,163,818,212,163,61,1,4,7,10,2,0,1,0,0,0,0,0,69,2153,Partner,0,2,0,21,1,0,0,High Income – High Spending,High Income – High Spending
Postgraduate,62187.0,0,1,38,512,0,83,0,0,41,3,6,2,10,4,0,0,0,0,0,0,0,57,636,Alone,1,2,1,18,0,1,3,Low Income – Low Spending,High Income – Low Spending
Graduate,28442.0,2,0,53,19,3,10,11,8,6,3,2,1,4,4,0,0,0,0,0,0,0,48,57,Partner,2,4,1,7,0,1,2,Low Income – Low Spending,Low Income – Low Spending
Postgraduate,37717.0,1,0,31,9,0,6,4,1,5,1,1,0,2,9,0,0,0,0,0,0,0,48,25,Partner,1,3,1,3,0,1,2,Low Income – Low Spending,Low Income – Low Spending
Graduate,51479.0,1,1,67,247,8,160,6,8,65,7,6,3,6,7,0,0,0,0,0,0,0,59,494,Partner,2,4,1,15,0,1,3,Low Income – Low Spending,High Income – Low Spending
Graduate,54803.0,0,1,65,404,0,92,28,27,142,2,6,2,9,4,0,0,0,0,0,0,0,57,693,Alone,1,2,1,17,0,0,3,High Income – High Spending,High Income – Low Spending
Graduate,79530.0,0,0,64,333,0,815,129,42,29,1,4,10,11,2,0,0,0,0,0,0,0,66,1348,Partner,0,2,0,25,0,0,0,High Income – High Spending,High Income – High Spending
Graduate,31615.0,1,0,82,2,3,20,6,11,9,2,2,0,3,7,0,0,0,0,0,0,0,50,51,Alone,1,2,1,5,0,1,2,Low Income – Low Spending,Low Income – Low Spending
Graduate,72025.0,0,0,27,833,33,549,151,133,233,1,4,3,8,3,0,0,0,0,0,0,0,64,1932,Partner,0,2,0,15,0,0,0,High Income – High Spending,High Income – High Spending
Postgraduate,52614.0,0,1,63,789,0,142,12,9,38,2,2,4,8,8,0,0,0,0,0,0,0,51,990,Alone,1,2,1,14,0,1,3,Low Income – Low Spending,High Income – Low Spending
Undergraduate,35684.0,1,0,66,10,4,7,0,6,3,1,1,0,3,6,0,0,0,0,0,0,0,42,30,Partner,1,3,1,4,0,1,2,Low Income – Low Spending,Low Income – Low Spending
Graduate,48178.0,1,1,69,159,4,45,6,2,38,6,5,1,4,8,0,0,0,0,0,0,0,51,254,Partner,2,4,1,10,0,1,1,Low Income – Low Spending,Low Income – High Spending
Postgraduate,29548.0,1,0,52,7,1,6,3,1,11,1,1,1,2,4,1,0,0,0,0,0,0,56,29,Alone,1,2,1,4,1,1,2,Low Income – Low Spending,Low Income – Low Spending
Graduate,63810.0,0,1,45,977,12,253,16,12,101,4,4,3,12,8,0,1,0,0,0,0,0,60,1371,Alone,1,2,1,19,1,0,3,High Income – High Spending,High Income – Low Spending
Postgraduate,38578.0,1,1,2,38,4,22,3,3,3,3,3,0,3,8,0,0,0,0,0,0,1,54,73,Alone,2,3,1,6,1,1,1,Low Income – Low Spending,Low Income – High Spending
Postgraduate,46098.0,1,1,86,57,0,27,0,0,36,4,3,2,2,8,0,0,0,0,0,0,0,51,120,Alone,2,3,1,7,0,1,1,Low Income – Low Spending,Low Income – High Spending
Graduate,22585.0,0,0,23,3,9,15,13,2,39,1,1,1,2,9,1,0,0,0,0,0,1,56,81,Alone,0,1,0,4,2,1,2,Low Income – Low Spending,Low Income – Low Spending
Graduate,30279.0,1,0,13,10,4,14,4,4,1,1,1,0,3,8,0,0,0,0,0,0,0,37,37,Alone,1,2,1,4,0,1,2,Low Income – Low Spending,Low Income – Low Spending
Postgraduate,66426.0,0,1,14,1043,24,97,32,24,157,2,3,5,10,6,0,0,0,0,0,0,0,65,1377,Partner,1,3,1,18,0,0,3,High Income – High Spending,High Income – Low Spending
Graduate,30822.0,1,0,92,3,9,13,2,12,12,1,1,0,3,7,0,0,0,0,0,0,0,57,51,Alone,1,2,1,4,0,1,2,Low Income – Low Spending,Low Income – Low Spending
Postgraduate,33581.0,2,0,38,11,0,5,0,0,1,1,1,0,2,8,0,0,0,0,0,0,0,57,17,Partner,2,4,1,3,0,1,2,Low Income – Low Spending,Low Income – Low Spending
Graduate,19986.0,1,0,74,3,6,5,0,2,6,1,0,0,3,7,0,0,0,0,0,0,0,41,22,Partner,1,3,1,3,0,1,2,Low Income – Low Spending,Low Income – Low Spending
Graduate,27421.0,0,0,14,43,12,96,78,40,55,3,4,1,6,7,0,0,0,0,0,0,0,72,324,Alone,0,1,0,11,0,1,2,Low Income – Low Spending,Low Income – Low Spending
Undergraduate,35688.0,2,1,94,73,3,90,12,1,32,7,4,1,4,8,0,0,0,0,0,0,0,53,211,Partner,3,5,1,9,0,1,1,Low Income – Low Spending,Low Income – High Spending
Postgraduate,36143.0,1,0,33,12,0,1,0,0,6,1,0,1,2,3,0,0,0,0,0,0,0,45,19,Alone,1,2,1,3,0,1,2,Low Income – Low Spending,Low Income – Low Spending
Graduate,10245.0,1,0,32,4,7,7,6,4,13,3,1,2,2,5,0,0,0,0,0,0,0,55,41,Alone,1,2,1,5,0,1,2,Low Income – Low Spending,Low Income – Low Spending
Postgraduate,43795.0,0,1,11,314,11,53,4,3,107,3,7,3,4,7,0,1,0,0,0,0,1,58,492,Partner,1,3,1,14,2,1,3,Low Income – Low Spending,High Income – Low Spending
Graduate,63381.0,0,1,78,571,50,142,33,50,159,4,4,5,13,2,0,0,0,0,0,0,0,66,1005,Partner,1,3,1,22,0,0,3,High Income – High Spending,High Income – Low Spending
Graduate,38823.0,0,1,56,70,0,11,2,8,23,1,2,1,3,6,0,0,0,0,0,0,0,77,114,Partner,1,3,1,6,0,1,1,Low Income – Low Spending,Low Income – High Spending
Postgraduate,83664.0,1,1,57,866,21,151,28,21,86,3,2,2,12,5,0,0,0,0,0,0,0,58,1173,Alone,2,3,1,16,0,0,3,High Income – High Spending,High Income – Low Spending
Graduate,90300.0,0,0,7,594,134,786,33,134,57,0,5,6,8,1,0,0,1,0,0,0,0,47,1738,Partner,0,2,0,19,1,0,0,High Income – High Spending,High Income – High Spending
Postgraduate,62499.0,1,0,0,140,4,61,0,13,4,2,3,1,6,4,0,0,0,0,0,0,0,47,222,Partner,1,3,1,10,0,1,2,Low Income – Low Spending,Low Income – Low Spending
Graduate,74293.0,0,0,66,375,152,335,93,91,81,1,5,4,6,2,0,0,0,0,0,0,0,33,1127,Alone,0,1,0,15,0,0,0,High Income – High Spending,High Income – High Spending
Postgraduate,51012.0,0,0,86,102,9,63,2,9,24,1,4,1,4,6,0,0,0,0,0,0,0,80,209,Partner,0,2,0,9,0,1,1,Low Income – Low Spending,Low Income – High Spending
Postgraduate,70777.0,0,1,80,554,35,113,0,7,78,3,5,3,12,3,0,0,0,0,0,0,0,58,787,Partner,1,3,1,20,0,0,3,High Income – High Spending,High Income – Low Spending
Postgraduate,68682.0,0,0,56,919,0,505,99,30,45,1,4,9,10,2,0,0,0,0,0,0,0,35,1598,Partner,0,2,0,23,0,0,0,High Income – High Spending,High Income – High Spending
Graduate,43824.0,1,1,18,96,1,42,12,3,32,4,3,1,4,8,0,0,0,0,0,0,0,55,186,Partner,2,4,1,8,0,1,1,Low Income – Low Spending,Low Income – High Spending
Graduate,15345.0,1,0,51,5,2,16,3,2,19,2,1,1,2,8,0,0,0,0,0,0,1,42,47,Partner,1,3,1,4,1,1,2,Low Income – Low Spending,Low Income – Low Spending
Graduate,23442.0,1,0,71,2,0,6,8,6,5,1,1,0,3,7,0,0,0,0,0,0,0,39,27,Alone,1,2,1,4,0,1,2,Low Income – Low Spending,Low Income – Low Spending
Undergraduate,14515.0,1,0,71,6,4,9,6,36,35,4,2,2,3,7,0,0,0,0,0,0,1,46,96,Partner,1,3,1,7,1,1,2,Low Income – Low Spending,Low Income – Low Spending
Undergraduate,31395.0,1,1,80,23,1,25,0,8,7,4,2,1,3,6,0,0,0,0,0,0,0,70,64,Alone,2,3,1,6,0,1,1,Low Income – Low Spending,Low Income – High Spending
Graduate,75276.0,0,0,2,610,105,125,137,42,21,1,9,4,9,5,0,0,0,0,0,0,0,61,1040,Partner,0,2,0,22,0,0,0,High Income – High Spending,High Income – High Spending
Graduate,42373.0,1,1,83,67,5,61,3,8,19,5,2,1,5,5,0,0,0,0,0,0,0,52,163,Alone,2,3,1,8,0,1,1,Low Income – Low Spending,Low Income – High Spending
Graduate,30507.0,0,0,29,65,36,74,38,20,110,1,5,1,4,7,0,0,0,0,0,0,0,66,343,Partner,0,2,0,10,0,1,2,Low Income – Low Spending,Low Income – Low Spending
Postgraduate,55521.0,1,2,11,416,0,26,0,0,4,9,6,3,6,7,0,1,0,0,0,0,1,71,446,Alone,3,4,1,15,2,1,1,Low Income – Low Spending,Low Income – High Spending
Graduate,48006.0,1,1,55,23,0,11,3,2,2,1,1,0,3,6,0,0,0,0,0,0,0,61,41,Partner,2,4,1,4,0,1,1,Low Income – Low Spending,Low Income – High Spending
Postgraduate,27213.0,1,0,19,19,3,26,10,9,3,3,2,0,4,8,0,0,0,0,0,0,1,54,70,Alone,1,2,1,6,1,1,2,Low Income – Low Spending,Low Income – Low Spending
Postgraduate,65808.0,1,1,1,155,7,80,13,7,10,3,5,1,5,6,0,0,0,0,0,0,0,55,272,Alone,2,3,1,11,0,1,1,Low Income – Low Spending,Low Income – High Spending
Postgraduate,30351.0,1,0,19,14,0,24,3,3,2,1,3,0,2,9,0,0,0,0,0,0,0,52,46,Partner,1,3,1,5,0,1,2,Low Income – Low Spending,Low Income – Low Spending
Graduate,50437.0,0,2,28,370,9,92,6,9,4,3,7,1,8,7,0,0,0,0,0,0,0,63,490,Partner,2,4,1,16,0,1,3,Low Income – Low Spending,High Income – Low Spending
Undergraduate,23616.0,1,0,76,4,22,11,3,7,32,2,3,0,3,8,0,0,0,0,0,0,1,44,79,Alone,1,2,1,6,1,1,2,Low Income – Low Spending,Low Income – Low Spending
Graduate,53858.0,0,1,50,407,53,221,58,150,26,4,4,3,6,4,0,0,0,0,0,0,0,50,915,Partner,1,3,1,13,0,0,3,High Income – High Spending,High Income – Low Spending
Postgraduate,66465.0,0,1,1,1200,0,204,38,29,14,3,11,9,12,6,0,0,0,1,0,0,0,71,1485,Partner,1,3,1,32,1,0,3,High Income – High Spending,High Income – Low Spending
Graduate,46923.0,1,0,90,85,44,54,102,78,6,3,5,1,7,7,0,0,0,0,0,0,0,39,369,Alone,1,2,1,13,0,1,2,Low Income – Low Spending,Low Income – Low Spending
Graduate,75072.0,0,1,83,583,34,309,0,22,125,2,5,4,8,3,0,0,0,0,0,0,0,64,1073,Partner,1,3,1,17,0,0,3,High Income – High Spending,High Income – Low Spending
Postgraduate,75865.0,0,0,73,483,0,591,156,0,12,1,3,5,10,1,0,0,0,0,0,0,0,83,1242,Partner,0,2,0,18,0,0,0,High Income – High Spending,High Income – High Spending
Undergraduate,19789.0,1,0,24,2,5,9,28,6,28,3,2,1,3,5,1,0,0,0,0,0,0,51,78,Partner,1,3,1,6,1,1,2,Low Income – Low Spending,Low Income – Low Spending
Graduate,80134.0,0,0,11,966,26,282,52,26,26,1,2,7,11,5,0,1,1,1,1,0,0,32,1378,Partner,0,2,0,20,4,0,0,High Income – High Spending,High Income – High Spending
Graduate,91065.0,0,0,33,822,114,108,179,137,114,1,7,9,9,3,0,0,1,1,0,0,1,45,1474,Alone,0,1,0,25,3,0,0,High Income – High Spending,High Income – High Spending
Postgraduate,49505.0,1,1,4,604,0,100,19,0,28,9,10,2,8,8,0,0,0,0,0,0,0,55,751,Partner,2,4,1,20,0,1,3,Low Income – Low Spending,High Income – Low Spending
Postgraduate,37401.0,1,0,14,19,3,19,3,1,3,2,2,0,3,7,0,0,0,0,0,0,0,53,48,Partner,1,3,1,5,0,1,2,Low Income – Low Spending,Low Income – Low Spending
Graduate,30096.0,1,0,30,5,3,11,12,5,9,1,2,0,3,6,0,0,0,0,0,0,0,43,45,Partner,1,3,1,5,0,1,2,Low Income – Low Spending,Low Income – Low Spending
Postgraduate,18492.0,1,0,75,2,2,2,2,1,1,1,1,0,2,8,0,0,0,0,0,0,0,44,10,Partner,1,3,1,3,0,1,2,Low Income – Low Spending,Low Income – Low Spending
Postgraduate,82584.0,0,0,26,1076,68,103,29,91,68,1,3,4,8,1,0,1,1,0,0,0,1,52,1435,Partner,0,2,0,15,3,0,0,High Income – High Spending,High Income – High Spending
Postgraduate,93027.0,0,0,77,1285,42,716,55,0,21,0,7,10,5,2,0,0,1,0,0,0,0,85,2119,Partner,0,2,0,22,1,0,0,High Income – High Spending,High Income – High Spending
Graduate,48686.0,1,2,8,10,0,7,2,0,1,1,1,0,2,8,0,0,0,0,0,0,0,73,20,Partner,3,5,1,3,0,1,1,Low Income – Low Spending,Low Income – High Spending
Graduate,92910.0,0,0,42,551,137,792,179,103,33,1,6,7,13,1,0,1,1,1,0,0,0,40,1795,Partner,0,2,0,26,3,0,0,High Income – High Spending,High Income – High Spending
Graduate,75433.0,1,0,28,800,0,297,0,34,57,2,2,5,10,6,0,1,0,1,0,0,0,37,1188,Partner,1,3,1,17,2,0,3,High Income – High Spending,High Income – Low Spending
Undergraduate,10404.0,1,0,52,2,2,11,10,6,12,2,1,0,4,5,0,0,0,0,0,0,0,37,43,Partner,1,3,1,5,0,1,2,Low Income – Low Spending,Low Income – Low Spending
Graduate,61314.0,0,1,1,378,0,189,97,172,172,2,5,5,12,3,0,0,0,0,0,0,0,58,1008,Partner,1,3,1,22,0,0,0,High Income – High Spending,High Income – High Spending
Postgraduate,84865.0,0,0,1,1248,16,349,43,16,16,1,2,4,9,4,0,1,1,1,1,0,1,65,1688,Alone,0,1,0,15,5,0,0,High Income – High Spending,High Income – High Spending
Graduate,42387.0,1,0,42,235,0,235,19,4,191,5,8,1,7,8,0,0,0,0,0,0,0,37,684,Partner,1,3,1,16,0,1,3,Low Income – Low Spending,High Income – Low Spending
Undergraduate,67309.0,1,1,76,515,47,181,149,95,95,15,9,6,9,7,0,0,0,0,0,0,0,59,1082,Partner,2,4,1,24,0,0,3,High Income – High Spending,High Income – Low Spending
Graduate,75236.0,0,1,27,438,66,400,12,38,114,1,8,3,13,4,0,0,0,0,0,0,0,62,1068,Partner,1,3,1,24,0,0,3,High Income – High Spending,High Income – Low Spending
Graduate,30015.0,1,0,28,25,0,22,2,3,5,2,1,0,4,5,0,0,0,0,0,0,0,56,57,Alone,1,2,1,5,0,1,2,Low Income – Low Spending,Low Income – Low Spending
Postgraduate,50943.0,0,1,49,31,0,7,2,0,6,1,1,0,3,5,0,0,0,0,0,0,0,70,46,Partner,1,3,1,4,0,1,1,Low Income – Low Spending,Low Income – High Spending
Graduate,67272.0,0,1,12,357,35,271,28,28,14,3,6,2,12,5,0,0,0,0,0,0,0,60,733,Alone,1,2,1,20,0,0,3,High Income – High Spending,High Income – Low Spending
Postgraduate,51529.0,0,1,14,400,4,35,6,0,22,2,9,1,5,8,0,0,0,0,0,0,0,77,467,Alone,1,2,1,15,0,1,1,Low Income – Low Spending,Low Income – High Spending
Postgraduate,32011.0,1,0,89,99,0,15,2,1,5,3,2,1,4,7,0,0,0,0,0,0,0,55,122,Partner,1,3,1,7,0,1,2,Low Income – Low Spending,Low Income – Low Spending
Undergraduate,7500.0,1,0,96,1,11,5,4,6,9,2,2,0,3,8,0,0,0,0,0,0,0,40,36,Partner,1,3,1,5,0,1,2,Low Income – Low Spending,Low Income – Low Spending
Graduate,28691.0,1,0,56,5,4,13,8,0,4,1,1,0,3,8,0,0,0,0,0,0,0,37,34,Partner,1,3,1,4,0,1,2,Low Income – Low Spending,Low Income – Low Spending
Postgraduate,56223.0,0,1,72,77,28,31,16,0,4,2,2,1,5,4,0,0,0,0,0,0,0,78,156,Partner,1,3,1,8,0,1,1,Low Income – Low Spending,Low Income – High Spending
Graduate,18100.0,0,0,14,3,1,2,4,3,1,1,0,0,3,5,0,0,0,0,0,0,0,80,14,Partner,0,2,0,3,0,1,2,Low Income – Low Spending,Low Income – Low Spending
Graduate,30279.0,1,0,13,10,4,14,4,4,1,1,1,0,3,8,0,0,0,0,0,0,0,37,37,Alone,1,2,1,4,0,1,2,Low Income – Low Spending,Low Income – Low Spending
Undergraduate,20130.0,0,0,99,0,6,3,7,6,12,1,1,0,3,8,0,0,0,0,0,0,0,52,34,Partner,0,2,0,4,0,1,2,Low Income – Low Spending,Low Income – Low Spending
Graduate,23295.0,0,0,72,0,0,1,2,12,5,1,1,0,2,8,0,0,0,0,0,0,0,67,20,Alone,0,1,0,3,0,1,2,Low Income – Low Spending,Low Income – Low Spending
Postgraduate,42618.0,1,0,92,76,14,74,13,5,10,2,5,0,4,8,0,0,0,0,0,0,0,54,192,Alone,1,2,1,9,0,1,2,Low Income – Low Spending,Low Income – Low Spending
Graduate,81246.0,0,0,87,398,190,537,61,156,37,1,4,5,7,1,1,0,0,1,0,0,0,62,1379,Alone,0,1,0,16,2,0,0,High Income – High Spending,High Income – High Spending
Graduate,24027.0,1,0,7,14,7,11,11,0,5,2,2,0,3,8,0,0,0,0,0,0,0,50,48,Partner,1,3,1,5,0,1,2,Low Income – Low Spending,Low Income – Low Spending
Postgraduate,55707.0,0,1,91,208,7,82,30,66,35,2,3,2,9,3,0,0,0,0,0,0,0,73,428,Partner,1,3,1,14,0,1,3,Low Income – Low Spending,High Income – Low Spending
Graduate,57959.0,0,1,71,430,16,322,43,24,33,5,4,7,11,3,0,0,0,0,0,0,0,71,868,Alone,1,2,1,22,0,0,3,High Income – High Spending,High Income – Low Spending
Graduate,56796.0,0,1,24,656,38,161,62,47,37,3,8,9,7,7,0,0,0,0,0,0,0,57,1001,Partner,1,3,1,24,0,0,3,High Income – High Spending,High Income – Low Spending
Postgraduate,36230.0,1,0,17,14,2,30,8,2,3,1,2,0,4,5,0,0,0,0,0,0,0,55,59,Alone,1,2,1,6,0,1,2,Low Income – Low Spending,Low Income – Low Spending
Undergraduate,70829.0,1,1,87,141,70,106,72,19,23,2,4,2,8,3,0,0,0,0,0,0,0,46,431,Partner,2,4,1,14,0,1,3,Low Income – Low Spending,High Income – Low Spending
Graduate,65991.0,0,1,21,507,19,364,25,47,9,3,9,5,10,7,0,0,0,0,0,0,0,50,971,Partner,1,3,1,24,0,0,3,High Income – High Spending,High Income – Low Spending
Graduate,38988.0,1,2,90,164,24,103,12,3,42,7,5,1,6,8,0,0,0,0,0,0,0,54,348,Partner,3,5,1,12,0,1,1,Low Income – Low Spending,Low Income – High Spending
Undergraduate,89572.0,0,0,44,606,24,974,197,194,64,1,7,7,9,4,0,1,0,1,0,0,1,60,2059,Alone,0,1,0,23,3,0,0,High Income – High Spending,High Income – High Spending
Postgraduate,42207.0,1,0,71,116,11,72,3,17,46,4,4,1,5,6,1,0,0,0,0,0,1,42,265,Partner,1,3,1,10,2,1,2,Low Income – Low Spending,Low Income – Low Spending
Graduate,50300.0,0,1,52,143,15,60,24,23,5,2,2,1,8,2,0,0,0,0,0,0,0,74,270,Partner,1,3,1,11,0,1,1,Low Income – Low Spending,Low Income – High Spending
Undergraduate,66664.0,0,0,78,398,96,447,220,96,32,1,5,7,6,3,0,0,0,0,0,0,0,44,1289,Partner,0,2,0,18,0,0,0,High Income – High Spending,High Income – High Spending
Graduate,60597.0,0,1,2,522,0,257,32,16,66,4,2,2,8,7,0,0,0,1,0,0,1,62,893,Partner,1,3,1,12,2,1,3,Low Income – Low Spending,High Income – Low Spending
Graduate,70165.0,0,0,60,161,0,253,199,191,122,1,3,7,11,1,0,0,0,0,0,0,0,77,926,Alone,0,1,0,21,0,0,0,High Income – High Spending,High Income – High Spending
Postgraduate,50520.0,0,1,25,112,0,6,2,1,14,2,3,1,3,6,0,0,0,0,0,0,0,68,135,Alone,1,2,1,7,0,1,1,Low Income – Low Spending,Low Income – High Spending
Graduate,80124.0,0,0,47,483,84,398,205,84,241,1,3,7,8,1,1,0,0,0,0,0,0,63,1495,Partner,0,2,0,18,1,0,0,High Income – High Spending,High Income – High Spending
Graduate,33183.0,1,0,46,7,5,39,17,15,37,2,4,0,3,7,0,0,0,0,0,0,0,51,120,Partner,1,3,1,7,0,1,2,Low Income – Low Spending,Low Income – Low Spending
Postgraduate,66582.0,0,0,83,789,25,420,16,38,0,1,2,8,9,1,0,0,0,0,0,0,0,57,1288,Alone,0,1,0,19,0,0,0,High Income – High Spending,High Income – High Spending
Postgraduate,75261.0,0,0,17,1239,17,413,23,34,17,1,5,6,5,2,0,1,1,0,0,0,1,71,1743,Partner,0,2,0,16,3,0,0,High Income – High Spending,High Income – High Spending
Graduate,31880.0,1,0,13,4,1,5,2,0,3,1,1,0,2,8,0,0,0,0,0,0,0,56,15,Alone,1,2,1,3,0,1,2,Low Income – Low Spending,Low Income – Low Spending
Graduate,53790.0,0,2,86,335,42,127,28,5,5,3,7,2,8,6,0,0,0,0,0,0,0,75,542,Partner,2,4,1,17,0,1,3,Low Income – Low Spending,High Income – Low Spending
Postgraduate,49269.0,1,0,92,639,8,166,11,8,58,3,7,3,12,7,0,0,0,0,0,0,0,55,890,Partner,1,3,1,22,0,1,3,Low Income – Low Spending,High Income – Low Spending
Graduate,61456.0,0,1,47,563,76,384,84,192,89,4,6,10,13,4,0,0,0,0,0,0,0,51,1388,Partner,1,3,1,29,0,0,0,High Income – High Spending,High Income – High Spending
Graduate,37406.0,1,0,18,2,0,8,2,2,3,1,1,0,2,8,0,0,0,0,0,0,1,46,17,Partner,1,3,1,3,1,1,2,Low Income – Low Spending,Low Income – Low Spending
Postgraduate,56937.0,1,0,81,746,8,125,11,8,8,7,8,6,9,6,0,1,0,0,0,0,1,45,906,Partner,1,3,1,23,2,0,3,High Income – High Spending,High Income – Low Spending
Graduate,38415.0,1,1,91,22,1,13,4,0,4,2,1,0,3,7,0,0,0,0,0,0,0,48,44,Partner,2,4,1,4,0,1,1,Low Income – Low Spending,Low Income – High Spending
Graduate,20518.0,1,0,58,4,1,6,4,1,9,1,1,1,2,5,0,0,0,0,0,0,0,38,25,Alone,1,2,1,4,0,1,2,Low Income – Low Spending,Low Income – Low Spending
Graduate,62503.0,0,1,40,478,0,193,110,75,117,4,8,3,11,5,0,0,0,0,0,0,0,70,973,Partner,1,3,1,22,0,0,3,High Income – High Spending,High Income – Low Spending
Postgraduate,41644.0,1,1,67,20,3,4,2,0,2,2,1,0,3,3,0,0,0,0,0,0,0,54,31,Alone,2,3,1,4,0,1,1,Low Income – Low Spending,Low Income – High Spending
Postgraduate,55842.0,0,1,19,451,0,39,0,4,24,1,7,1,8,5,0,0,0,0,0,0,0,49,518,Partner,1,3,1,16,0,1,3,Low Income – Low Spending,High Income – Low Spending
Postgraduate,62010.0,0,1,93,371,22,39,6,0,92,4,6,2,7,5,0,0,0,0,0,0,0,54,530,Partner,1,3,1,15,0,1,3,Low Income – Low Spending,High Income – Low Spending
Graduate,41124.0,1,0,41,281,7,84,15,0,119,7,7,3,4,8,0,0,0,0,0,0,0,49,506,Partner,1,3,1,14,0,1,3,Low Income – Low Spending,High Income – Low Spending
Postgraduate,38961.0,1,0,60,19,7,19,0,1,24,1,2,1,2,7,0,0,0,0,0,0,0,53,70,Partner,1,3,1,5,0,1,2,Low Income – Low Spending,Low Income – Low Spending
Postgraduate,37760.0,1,0,54,26,3,13,2,10,0,1,2,0,3,6,0,0,0,0,0,0,0,54,54,Alone,1,2,1,5,0,1,2,Low Income – Low Spending,Low Income – Low Spending
Graduate,32233.0,1,0,26,138,15,35,25,11,72,2,6,2,2,9,1,0,0,0,0,0,1,52,296,Alone,1,2,1,10,2,1,2,Low Income – Low Spending,Low Income – Low Spending
Graduate,43057.0,0,1,30,213,2,44,0,2,5,4,4,2,5,5,0,0,0,0,0,0,0,51,266,Partner,1,3,1,11,0,1,1,Low Income – Low Spending,Low Income – High Spending
Postgraduate,83151.0,0,0,93,407,28,100,120,74,18,1,5,9,4,3,0,0,0,0,0,0,0,66,747,Partner,0,2,0,18,0,0,0,High Income – High Spending,High Income – High Spending
Postgraduate,78825.0,0,0,35,483,74,114,169,37,18,1,5,10,13,3,0,0,0,0,0,0,1,62,895,Alone,0,1,0,28,1,0,0,High Income – High Spending,High Income – High Spending
Postgraduate,65104.0,0,1,4,738,0,232,13,20,50,2,3,5,7,7,0,0,0,0,0,0,0,50,1053,Partner,1,3,1,15,0,0,3,High Income – High Spending,High Income – Low Spending
Graduate,60093.0,0,1,92,502,12,109,16,6,90,2,7,2,10,6,0,0,0,0,0,0,0,52,735,Partner,1,3,1,19,0,0,3,High Income – High Spending,High Income – Low Spending
Graduate,14045.0,1,0,24,11,0,5,2,1,1,1,1,0,3,7,0,0,0,0,0,0,0,57,20,Partner,1,3,1,4,0,1,2,Low Income – Low Spending,Low Income – Low Spending
Undergraduate,28457.0,0,0,96,24,1,108,29,29,14,1,4,1,4,8,0,0,0,0,0,0,0,74,205,Alone,0,1,0,9,0,1,2,Low Income – Low Spending,Low Income – Low Spending
Postgraduate,78952.0,0,1,11,1170,19,594,99,76,134,2,2,5,12,6,0,0,0,0,0,0,0,68,2092,Partner,1,3,1,19,0,0,0,High Income – High Spending,High Income – High Spending
Graduate,46310.0,1,0,99,185,2,88,15,5,14,2,6,1,5,8,0,0,0,0,0,0,0,50,309,Alone,1,2,1,12,0,1,2,Low Income – Low Spending,Low Income – Low Spending
Graduate,76005.0,0,0,72,983,20,389,240,50,40,1,3,5,13,6,0,0,0,1,0,0,0,71,1722,Partner,0,2,0,21,1,0,0,High Income – High Spending,High Income – High Spending
Postgraduate,58308.0,0,1,77,691,0,69,10,0,130,4,2,6,3,8,0,0,0,0,0,0,0,62,900,Alone,1,2,1,11,0,1,3,Low Income – Low Spending,High Income – Low Spending
Postgraduate,55614.0,0,0,85,504,13,131,8,0,26,1,9,4,6,7,0,1,0,0,0,0,0,82,682,Alone,0,1,0,19,1,0,3,High Income – High Spending,High Income – Low Spending
Postgraduate,59432.0,0,1,88,317,25,265,25,19,12,3,5,3,11,5,0,0,0,0,0,0,0,64,663,Alone,1,2,1,19,0,0,3,High Income – High Spending,High Income – Low Spending
Graduate,55563.0,0,1,22,29,1,9,2,0,2,1,2,0,3,3,0,0,0,0,0,0,0,48,43,Alone,1,2,1,5,0,1,1,Low Income – Low Spending,Low Income – High Spending
Postgraduate,78642.0,0,1,83,1396,0,322,46,35,17,1,4,9,4,6,0,0,0,0,0,0,0,55,1816,Partner,1,3,1,17,0,0,3,High Income – High Spending,High Income – Low Spending
Postgraduate,67911.0,0,1,63,529,0,356,63,28,0,3,6,7,11,3,0,0,0,0,0,0,0,77,976,Partner,1,3,1,24,0,0,3,High Income – High Spending,High Income – Low Spending
Graduate,65275.0,0,0,9,388,14,218,91,14,21,1,4,3,13,2,0,0,0,0,0,0,0,82,746,Partner,0,2,0,20,0,0,0,High Income – High Spending,High Income – High Spending
Graduate,27203.0,1,1,92,13,2,21,4,0,24,2,1,1,2,8,0,0,0,0,0,0,0,76,64,Partner,2,4,1,4,0,1,1,Low Income – Low Spending,Low Income – High Spending
Postgraduate,48330.0,0,1,2,28,0,4,0,0,0,1,1,0,3,5,0,0,0,0,0,0,0,65,32,Partner,1,3,1,4,0,1,1,Low Income – Low Spending,Low Income – High Spending
Undergraduate,24279.0,0,0,6,16,36,21,20,62,108,1,4,1,3,8,0,0,0,0,0,0,0,36,263,Partner,0,2,0,8,0,1,2,Low Income – Low Spending,Low Income – Low Spending
Postgraduate,64355.0,1,0,66,1047,0,140,67,38,153,2,4,3,12,8,0,0,0,0,0,0,0,41,1445,Partner,1,3,1,19,0,0,3,High Income – High Spending,High Income – Low Spending
Postgraduate,50943.0,0,1,49,31,0,7,2,0,6,1,1,0,3,5,0,0,0,0,0,0,0,70,46,Partner,1,3,1,4,0,1,1,Low Income – Low Spending,Low Income – High Spending
Graduate,53653.0,0,0,29,815,10,239,28,10,108,2,10,4,12,6,0,0,0,0,0,0,0,73,1210,Alone,0,1,0,26,0,0,3,High Income – High Spending,High Income – Low Spending
Graduate,65665.0,0,1,77,225,162,387,106,36,29,1,5,10,8,3,0,0,0,0,0,0,0,50,945,Partner,1,3,1,23,0,0,0,High Income – High Spending,High Income – High Spending
Graduate,81217.0,0,0,77,493,70,324,146,40,84,1,3,7,11,1,0,0,0,0,0,0,0,37,1157,Alone,0,1,0,21,0,0,0,High Income – High Spending,High Income – High Spending
Graduate,34935.0,0,0,71,34,4,66,3,10,20,1,2,1,4,7,0,0,0,0,0,0,0,34,137,Partner,0,2,0,7,0,1,2,Low Income – Low Spending,Low Income – Low Spending
Graduate,61250.0,0,1,49,382,138,65,60,26,59,6,5,2,12,5,0,0,0,0,0,0,0,67,730,Alone,1,2,1,19,0,0,3,High Income – High Spending,High Income – Low Spending
Postgraduate,39665.0,1,0,97,127,1,56,0,1,31,3,4,2,3,7,1,0,0,0,0,0,0,45,216,Partner,1,3,1,9,1,1,2,Low Income – Low Spending,Low Income – Low Spending
Graduate,60152.0,0,1,6,325,83,300,86,58,91,1,6,4,12,3,0,0,0,0,0,0,0,47,943,Alone,1,2,1,22,0,0,0,High Income – High Spending,High Income – High Spending
Graduate,48920.0,0,2,93,238,17,68,8,10,6,3,6,2,5,7,0,1,0,0,0,0,0,62,347,Partner,2,4,1,13,1,1,1,Low Income – Low Spending,Low Income – High Spending
Postgraduate,89120.0,0,0,78,1168,92,408,72,129,55,1,5,6,7,1,0,0,1,0,0,0,0,67,1924,Partner,0,2,0,18,1,0,0,High Income – High Spending,High Income – High Spending
Postgraduate,44124.0,0,1,62,284,0,55,0,6,52,4,6,2,5,8,0,0,0,0,0,0,0,80,397,Partner,1,3,1,13,0,1,1,Low Income – Low Spending,Low Income – High Spending
Postgraduate,81169.0,0,0,47,1288,20,613,80,61,27,1,5,7,9,2,0,0,0,0,0,0,0,51,2089,Alone,0,1,0,21,0,0,0,High Income – High Spending,High Income – High Spending
Graduate,36443.0,1,1,9,65,0,46,4,3,20,4,3,1,3,8,0,0,0,0,0,0,0,65,138,Partner,2,4,1,7,0,1,1,Low Income – Low Spending,Low Income – High Spending
Graduate,26095.0,1,0,77,11,7,9,3,1,11,1,1,0,3,7,0,0,0,0,0,0,0,36,42,Alone,1,2,1,4,0,1,2,Low Income – Low Spending,Low Income – Low Spending
Graduate,71367.0,0,0,24,227,23,389,42,21,75,1,4,5,7,2,0,0,0,0,0,0,0,67,777,Partner,0,2,0,16,0,0,0,High Income – High Spending,High Income – High Spending
Postgraduate,80184.0,0,0,19,1035,134,670,25,38,0,1,6,3,10,3,0,0,1,1,0,0,0,82,1902,Partner,0,2,0,19,2,0,0,High Income – High Spending,High Income – High Spending
Graduate,30630.0,1,1,67,27,1,12,2,0,10,2,2,0,3,7,0,0,0,0,0,0,0,61,52,Alone,2,3,1,5,0,1,1,Low Income – Low Spending,Low Income – High Spending
Postgraduate,73454.0,0,0,95,982,73,351,56,14,175,1,2,4,6,5,1,0,0,0,0,0,0,39,1651,Alone,0,1,0,12,1,0,0,High Income – High Spending,High Income – High Spending
Graduate,42691.0,0,0,48,179,2,64,38,17,58,1,5,1,6,5,0,0,0,0,0,0,0,35,358,Partner,0,2,0,12,0,1,2,Low Income – Low Spending,Low Income – Low Spending
Graduate,70503.0,0,0,73,1379,33,216,0,33,66,1,2,4,9,6,0,1,1,0,0,0,0,73,1727,Partner,0,2,0,15,2,0,0,High Income – High Spending,High Income – High Spending
Graduate,25545.0,1,0,35,32,1,64,16,12,85,3,2,2,3,6,0,0,0,0,0,0,1,39,210,Partner,1,3,1,7,1,1,2,Low Income – Low Spending,Low Income – Low Spending
Graduate,32880.0,1,0,76,8,4,15,7,6,2,1,1,0,3,8,0,0,0,0,0,0,0,40,42,Partner,1,3,1,4,0,1,2,Low Income – Low Spending,Low Income – Low Spending
Postgraduate,77863.0,0,0,20,881,38,319,16,25,12,1,4,5,10,2,0,0,0,0,0,0,0,68,1291,Partner,0,2,0,19,0,0,0,High Income – High Spending,High Income – High Spending
Postgraduate,50353.0,0,0,72,141,15,153,67,31,35,1,4,4,6,3,0,0,0,0,0,0,0,49,442,Partner,0,2,0,14,0,0,2,High Income – High Spending,Low Income – Low Spending
Graduate,61839.0,0,0,20,1000,155,379,224,17,120,1,4,8,4,8,0,0,0,0,0,0,0,62,1895,Alone,0,1,0,16,0,0,0,High Income – High Spending,High Income – High Spending
Postgraduate,49154.0,1,1,69,206,10,67,30,27,71,6,4,1,8,6,0,0,0,0,0,0,0,66,411,Partner,2,4,1,13,0,1,3,Low Income – Low Spending,High Income – Low Spending
Undergraduate,47682.0,0,1,80,162,61,83,97,57,61,4,4,3,8,5,0,0,0,0,0,0,0,51,521,Alone,1,2,1,15,0,0,3,High Income – High Spending,High Income – Low Spending
Graduate,72679.0,0,1,65,619,54,260,127,54,54,1,4,7,5,1,0,0,0,0,0,0,0,57,1168,Alone,1,2,1,16,0,0,0,High Income – High Spending,High Income – High Spending
Postgraduate,57954.0,1,1,52,456,4,24,0,0,9,7,8,2,6,7,0,1,0,0,0,0,0,49,493,Partner,2,4,1,16,1,1,3,Low Income – Low Spending,High Income – Low Spending
Graduate,65316.0,1,1,65,112,6,92,3,9,38,2,3,2,5,4,0,0,0,0,0,0,0,64,260,Partner,2,4,1,10,0,1,1,Low Income – Low Spending,Low Income – High Spending
Graduate,28567.0,1,0,57,11,3,22,2,2,6,2,2,0,3,6,0,0,0,0,0,0,0,44,46,Alone,1,2,1,5,0,1,2,Low Income – Low Spending,Low Income – Low Spending
Postgraduate,47352.0,0,1,70,172,12,112,8,0,15,4,6,1,5,7,0,0,0,0,0,0,0,75,319,Partner,1,3,1,12,0,1,1,Low Income – Low Spending,Low Income – High Spending
Graduate,44931.0,0,1,0,78,0,11,0,0,7,1,2,1,3,5,0,0,0,0,0,0,0,59,96,Partner,1,3,1,6,0,1,1,Low Income – Low Spending,Low Income – High Spending
Graduate,76982.0,0,0,19,464,151,292,65,60,30,1,8,3,4,4,0,0,1,0,0,0,1,59,1062,Alone,0,1,0,15,2,0,0,High Income – High Spending,High Income – High Spending
Undergraduate,57247.0,0,1,50,99,4,32,37,54,6,2,2,1,7,2,0,0,0,0,0,0,0,74,232,Partner,1,3,1,10,0,1,1,Low Income – Low Spending,Low Income – High Spending
Postgraduate,22944.0,1,0,67,19,3,19,4,5,26,3,3,0,3,7,0,0,0,0,0,0,0,45,76,Alone,1,2,1,6,0,1,2,Low Income – Low Spending,Low Income – Low Spending
Undergraduate,25315.0,1,0,46,1,9,8,11,3,22,3,3,0,3,8,0,0,0,0,0,0,0,49,54,Partner,1,3,1,6,0,1,2,Low Income – Low Spending,Low Income – Low Spending
Graduate,43638.0,0,1,37,63,10,83,7,19,19,2,4,1,4,7,0,0,0,0,0,0,0,57,201,Alone,1,2,1,9,0,1,1,Low Income – Low Spending,Low Income – High Spending
Postgraduate,42710.0,1,0,38,252,3,42,4,3,102,2,4,5,3,6,0,0,0,0,0,0,0,42,406,Alone,1,2,1,12,0,1,2,Low Income – Low Spending,Low Income – Low Spending
Postgraduate,84169.0,0,0,9,1478,19,403,0,19,0,1,7,6,6,3,0,1,1,0,0,0,1,44,1919,Partner,0,2,0,19,3,0,0,High Income – High Spending,High Income – High Spending
Graduate,54058.0,0,1,56,198,18,252,32,108,54,2,4,6,8,3,0,0,0,0,0,0,0,50,662,Partner,1,3,1,18,0,0,3,High Income – High Spending,High Income – Low Spending
Undergraduate,24683.0,1,0,98,8,4,10,6,7,6,2,2,0,4,5,0,0,0,0,0,0,0,36,41,Partner,1,3,1,6,0,1,2,Low Income – Low Spending,Low Income – Low Spending
Graduate,85620.0,0,0,68,416,46,925,60,107,46,1,3,6,4,1,0,0,0,0,0,0,1,62,1600,Alone,0,1,0,13,1,0,0,High Income – High Spending,High Income – High Spending
Graduate,47850.0,1,0,72,42,7,43,20,12,10,1,3,0,4,6,0,0,0,0,0,0,0,46,134,Partner,1,3,1,7,0,1,2,Low Income – Low Spending,Low Income – Low Spending
Graduate,19514.0,1,1,47,14,3,21,2,1,28,4,3,1,2,8,1,0,0,0,0,0,1,58,69,Partner,2,4,1,6,2,1,1,Low Income – Low Spending,Low Income – High Spending
Postgraduate,27159.0,1,1,33,17,0,3,0,0,1,2,1,0,3,6,0,0,0,0,0,0,0,53,21,Partner,2,4,1,4,0,1,1,Low Income – Low Spending,Low Income – High Spending
Undergraduate,39548.0,1,1,87,15,4,10,3,4,18,2,1,1,3,3,0,0,0,0,0,0,0,63,54,Alone,2,3,1,5,0,1,1,Low Income – Low Spending,Low Income – High Spending
Graduate,21474.0,1,0,0,6,16,24,11,0,34,2,3,1,2,7,1,0,0,0,0,0,1,37,91,Alone,1,2,1,6,2,1,2,Low Income – Low Spending,Low Income – Low Spending
Postgraduate,60504.0,0,1,73,458,0,24,6,4,34,2,6,2,8,6,0,0,0,0,0,0,0,55,526,Alone,1,2,1,16,0,1,3,Low Income – Low Spending,High Income – Low Spending
Graduate,22419.0,0,0,74,30,3,47,19,21,42,1,3,2,2,8,0,0,0,0,0,0,0,63,162,Partner,0,2,0,7,0,1,2,Low Income – Low Spending,Low Income – Low Spending
Postgraduate,81698.0,0,0,4,179,28,520,111,123,47,1,3,8,13,1,0,0,0,0,0,0,1,77,1008,Partner,0,2,0,24,1,0,0,High Income – High Spending,High Income – High Spending
Graduate,43462.0,1,1,50,90,17,97,15,6,15,6,4,1,5,8,0,0,0,0,0,0,0,74,240,Partner,2,4,1,10,0,1,1,Low Income – Low Spending,Low Income – High Spending
Postgraduate,54880.0,1,0,57,308,85,137,102,45,118,2,6,2,11,5,0,0,0,0,0,0,0,48,795,Alone,1,2,1,19,0,0,3,High Income – High Spending,High Income – Low Spending
Graduate,79908.0,0,0,30,557,129,761,29,185,111,1,5,6,7,2,0,0,1,0,0,0,0,44,1772,Partner,0,2,0,18,1,0,0,High Income – High Spending,High Income – High Spending
Undergraduate,15315.0,0,0,27,7,4,13,15,8,17,2,2,0,4,5,0,0,0,0,0,0,0,56,64,Partner,0,2,0,6,0,1,2,Low Income – Low Spending,Low Income – Low Spending
Graduate,87771.0,0,1,61,1492,38,287,50,57,33,1,5,10,4,6,0,1,1,1,1,0,1,67,1957,Partner,1,3,1,19,5,0,0,High Income – High Spending,High Income – High Spending
Graduate,33039.0,1,0,4,30,8,12,8,8,12,1,2,0,4,5,0,0,0,0,0,0,0,48,78,Partner,1,3,1,6,0,1,2,Low Income – Low Spending,Low Income – Low Spending
Graduate,81741.0,0,0,75,249,153,940,58,134,38,0,6,6,7,2,0,0,0,0,0,0,0,46,1572,Alone,0,1,0,19,0,0,0,High Income – High Spending,High Income – High Spending
Postgraduate,71499.0,0,1,12,465,25,132,136,0,37,2,8,3,13,4,0,0,0,0,0,0,0,55,795,Partner,1,3,1,24,0,0,3,High Income – High Spending,High Income – Low Spending
Undergraduate,62466.0,0,1,13,129,129,259,168,121,83,5,6,3,12,4,0,0,0,0,0,0,0,56,889,Partner,1,3,1,21,0,0,0,High Income – High Spending,High Income – High Spending
Postgraduate,48799.0,0,1,9,174,18,81,28,6,24,3,3,2,7,3,0,0,0,0,0,0,0,63,331,Alone,1,2,1,12,0,1,1,Low Income – Low Spending,Low Income – High Spending
Postgraduate,52157.0,0,1,48,189,2,29,3,2,40,2,3,2,5,4,0,0,0,0,0,0,0,76,265,Partner,1,3,1,10,0,1,1,Low Income – Low Spending,Low Income – High Spending
Graduate,66565.0,0,1,80,747,10,161,65,40,42,4,4,2,9,8,0,0,0,0,0,0,0,64,1065,Alone,1,2,1,15,0,0,3,High Income – High Spending,High Income – Low Spending
Postgraduate,29298.0,1,1,60,6,0,2,2,0,1,1,1,0,2,5,0,0,0,0,0,0,0,75,11,Partner,2,4,1,3,0,1,1,Low Income – Low Spending,Low Income – High Spending
Graduate,47691.0,0,1,43,14,0,3,0,0,4,1,1,0,2,6,0,0,0,0,0,0,0,47,21,Alone,1,2,1,3,0,1,1,Low Income – Low Spending,Low Income – High Spending
Graduate,38200.0,1,1,19,12,0,4,0,0,1,1,1,0,2,7,0,0,0,0,0,0,0,56,17,Partner,2,4,1,3,0,1,1,Low Income – Low Spending,Low Income – High Spending
Graduate,44989.0,0,1,26,98,0,106,49,10,106,5,5,1,5,6,0,0,0,0,0,0,0,52,369,Partner,1,3,1,11,0,1,3,Low Income – Low Spending,High Income – Low Spending
Postgraduate,38443.0,1,1,58,32,0,5,0,0,1,2,1,0,3,7,0,0,0,0,0,0,0,58,38,Partner,2,4,1,4,0,1,1,Low Income – Low Spending,Low Income – High Spending
Undergraduate,38593.0,1,0,42,51,12,49,17,24,24,3,4,1,3,8,0,0,0,0,0,0,0,48,177,Alone,1,2,1,8,0,1,2,Low Income – Low Spending,Low Income – Low Spending
Postgraduate,64413.0,0,1,27,200,5,44,0,10,20,1,5,1,5,5,0,0,0,0,0,0,0,56,279,Partner,1,3,1,11,0,1,1,Low Income – Low Spending,Low Income – High Spending
Postgraduate,36959.0,1,0,56,25,6,25,6,0,0,2,2,0,3,8,0,0,0,0,0,0,0,45,62,Partner,1,3,1,5,0,1,2,Low Income – Low Spending,Low Income – Low Spending
Postgraduate,61996.0,0,1,27,1050,12,144,0,0,24,3,6,4,8,5,0,1,0,1,1,0,1,49,1230,Partner,1,3,1,18,4,0,3,High Income – High Spending,High Income – Low Spending
Graduate,51287.0,1,1,10,117,0,22,13,0,30,3,4,1,3,7,0,0,0,0,0,0,0,58,182,Partner,2,4,1,8,0,1,1,Low Income – Low Spending,Low Income – High Spending
Graduate,13260.0,1,1,48,9,4,17,10,2,7,4,3,0,3,8,0,0,0,0,0,0,0,56,49,Partner,2,4,1,6,0,1,1,Low Income – Low Spending,Low Income – High Spending
Postgraduate,47472.0,1,1,39,56,0,11,0,0,8,2,2,0,4,5,0,0,0,0,0,0,0,60,75,Partner,2,4,1,6,0,1,1,Low Income – Low Spending,Low Income – High Spending
Postgraduate,54603.0,1,1,85,145,13,46,17,2,4,6,4,2,4,7,0,0,0,0,0,0,0,70,227,Partner,2,4,1,10,0,1,1,Low Income – Low Spending,Low Income – High Spending
Postgraduate,45207.0,1,1,64,203,0,10,0,0,2,5,3,1,6,6,0,1,0,0,0,0,0,52,215,Partner,2,4,1,10,1,1,1,Low Income – Low Spending,Low Income – High Spending
Graduate,40689.0,0,1,69,270,3,27,39,6,99,7,7,1,5,8,0,0,0,0,0,0,0,75,444,Partner,1,3,1,13,0,1,3,Low Income – Low Spending,High Income – Low Spending
Undergraduate,47821.0,1,1,54,9,0,16,6,6,10,1,1,0,3,8,0,0,0,0,0,0,0,59,47,Partner,2,4,1,4,0,1,1,Low Income – Low Spending,Low Income – High Spending
Postgraduate,27450.0,0,0,57,37,12,23,8,11,52,1,2,1,3,7,0,0,0,0,0,0,0,75,143,Partner,0,2,0,6,0,1,2,Low Income – Low Spending,Low Income – Low Spending
Graduate,39453.0,1,0,64,46,0,7,0,0,2,2,2,0,3,6,0,0,0,0,0,0,0,43,55,Partner,1,3,1,5,0,1,2,Low Income – Low Spending,Low Income – Low Spending
Undergraduate,26850.0,1,1,10,31,1,13,7,2,9,4,2,1,4,4,0,0,0,0,0,0,0,55,63,Partner,2,4,1,7,0,1,1,Low Income – Low Spending,Low Income – High Spending
Graduate,79800.0,0,0,65,1060,21,530,32,0,224,1,5,11,5,3,1,0,1,1,0,0,1,71,1867,Alone,0,1,0,21,4,0,0,High Income – High Spending,High Income – High Spending
Postgraduate,61794.0,0,1,74,264,47,188,54,47,11,2,4,4,10,2,0,0,0,0,0,0,0,65,611,Partner,1,3,1,18,0,0,3,High Income – High Spending,High Income – Low Spending
Graduate,53863.0,0,1,4,399,4,30,6,4,30,3,7,1,7,7,0,1,0,0,0,0,0,71,473,Partner,1,3,1,15,1,1,3,Low Income – Low Spending,High Income – Low Spending
Graduate,24221.0,0,0,94,8,9,9,2,5,22,1,1,1,3,4,0,0,0,0,0,0,0,67,55,Partner,0,2,0,5,0,1,2,Low Income – Low Spending,Low Income – Low Spending
Postgraduate,39684.0,1,0,41,19,0,35,6,4,17,2,2,1,2,7,0,0,0,0,0,1,1,42,81,Alone,1,2,1,5,1,1,2,Low Income – Low Spending,Low Income – Low Spending
Postgraduate,92163.0,0,0,25,817,183,797,106,163,20,0,5,11,5,2,0,0,1,1,0,0,1,51,2086,Partner,0,2,0,21,3,0,0,High Income – High Spending,High Income – High Spending
Postgraduate,69882.0,0,0,94,292,127,635,132,127,165,1,3,7,9,1,0,0,0,0,0,0,0,61,1478,Alone,0,1,0,19,0,0,0,High Income – High Spending,High Income – High Spending
Graduate,33178.0,1,0,9,12,6,2,11,2,16,1,1,0,3,4,0,0,0,0,0,0,0,49,49,Partner,1,3,1,4,0,1,2,Low Income – Low Spending,Low Income – Low Spending
Postgraduate,59973.0,0,0,47,130,30,168,20,34,0,1,3,4,7,1,0,0,0,0,0,0,0,54,382,Partner,0,2,0,14,0,0,0,High Income – High Spending,High Income – High Spending
Postgraduate,17459.0,1,0,12,6,4,16,3,10,30,3,3,1,2,7,0,0,0,0,0,0,1,51,69,Partner,1,3,1,6,1,1,2,Low Income – Low Spending,Low Income – Low Spending
Graduate,23910.0,1,0,80,16,12,18,7,1,13,1,2,0,3,7,0,0,0,0,0,0,0,57,67,Alone,1,2,1,5,0,1,2,Low Income – Low Spending,Low Income – Low Spending
Postgraduate,42169.0,1,1,20,19,0,9,0,0,2,2,1,0,3,8,0,0,0,0,0,0,0,57,30,Partner,2,4,1,4,0,1,1,Low Income – Low Spending,Low Income – High Spending
Undergraduate,26224.0,1,0,39,4,7,15,13,9,15,3,2,1,3,6,0,0,0,0,0,0,0,48,63,Partner,1,3,1,6,0,1,2,Low Income – Low Spending,Low Income – Low Spending
Graduate,31089.0,1,0,57,31,3,31,2,8,4,3,3,0,4,8,0,0,0,0,0,0,0,45,79,Partner,1,3,1,7,0,1,2,Low Income – Low Spending,Low Income – Low Spending
Graduate,30081.0,0,1,27,36,0,2,0,0,4,1,1,0,3,7,0,0,0,0,0,0,0,65,42,Alone,1,2,1,4,0,1,1,Low Income – Low Spending,Low Income – High Spending
Graduate,62807.0,0,1,83,526,28,135,10,21,99,3,5,3,12,5,0,0,0,0,0,0,0,66,819,Partner,1,3,1,20,0,0,3,High Income – High Spending,High Income – Low Spending
Graduate,72906.0,0,0,79,400,32,519,71,75,54,1,3,4,9,1,0,0,0,0,0,0,0,71,1151,Alone,0,1,0,16,0,0,0,High Income – High Spending,High Income – High Spending
Postgraduate,61467.0,0,2,69,410,16,114,0,5,49,3,5,2,10,5,0,0,0,0,0,0,0,78,594,Partner,2,4,1,17,0,1,3,Low Income – Low Spending,High Income – Low Spending
Postgraduate,49618.0,1,1,77,80,3,26,4,2,14,4,3,1,3,7,0,0,0,0,0,0,0,60,129,Partner,2,4,1,7,0,1,1,Low Income – Low Spending,Low Income – High Spending
Postgraduate,21888.0,1,0,15,88,10,46,2,3,64,4,5,1,2,10,0,0,0,0,0,0,1,40,213,Alone,1,2,1,8,1,1,2,Low Income – Low Spending,Low Income – Low Spending
Graduate,42429.0,0,1,99,55,0,6,2,0,4,2,1,1,3,5,0,0,0,0,0,0,0,53,67,Alone,1,2,1,5,0,1,1,Low Income – Low Spending,Low Income – High Spending
Graduate,26150.0,2,1,61,5,1,13,3,5,1,1,1,0,3,7,0,0,0,0,0,0,0,70,28,Alone,3,4,1,4,0,1,1,Low Income – Low Spending,Low Income – High Spending
Undergraduate,30801.0,0,1,23,8,4,5,15,2,11,2,1,0,3,7,0,0,0,0,0,0,0,51,45,Partner,1,3,1,4,0,1,1,Low Income – Low Spending,Low Income – High Spending
Graduate,81168.0,0,0,84,410,0,592,147,22,22,1,6,4,7,3,0,0,0,1,0,0,0,61,1193,Partner,0,2,0,17,1,0,0,High Income – High Spending,High Income – High Spending
Postgraduate,26877.0,0,0,74,101,13,76,20,18,40,2,3,1,6,6,0,0,0,0,0,0,0,57,268,Alone,0,1,0,10,0,1,2,Low Income – Low Spending,Low Income – Low Spending
Postgraduate,45006.0,0,0,90,162,25,53,16,0,10,1,3,1,7,3,0,0,0,0,0,0,0,82,266,Alone,0,1,0,11,0,1,1,Low Income – Low Spending,Low Income – High Spending
Undergraduate,18978.0,1,0,41,2,8,1,4,7,15,1,1,0,3,8,0,0,0,0,0,0,0,53,37,Partner,1,3,1,4,0,1,2,Low Income – Low Spending,Low Income – Low Spending
Graduate,22574.0,2,1,28,25,0,8,2,0,2,2,2,0,3,7,0,0,0,0,0,0,0,59,37,Partner,3,5,1,5,0,1,1,Low Income – Low Spending,Low Income – High Spending
Postgraduate,48240.0,0,0,73,389,91,248,64,49,41,3,6,3,13,5,0,0,0,0,0,0,1,57,882,Alone,0,1,0,22,1,0,0,High Income – High Spending,High Income – High Spending
Graduate,45837.0,1,1,88,215,13,87,17,17,24,5,6,2,5,7,0,0,0,0,0,0,0,52,373,Partner,2,4,1,13,0,1,1,Low Income – Low Spending,Low Income – High Spending
Postgraduate,35791.0,2,1,94,27,0,5,0,0,3,2,1,0,3,8,0,0,0,0,0,0,0,61,35,Alone,3,4,1,4,0,1,1,Low Income – Low Spending,Low Income – High Spending
Graduate,54162.0,1,1,31,5,6,10,6,5,10,1,1,0,3,4,0,0,0,0,0,0,0,48,42,Alone,2,3,1,4,0,1,1,Low Income – Low Spending,Low Income – High Spending
Postgraduate,30522.0,0,1,6,179,8,83,19,11,26,5,1,2,9,2,0,0,0,0,0,0,0,66,326,Partner,1,3,1,12,0,1,1,Low Income – Low Spending,Low Income – High Spending
Postgraduate,54456.0,0,1,23,352,0,27,10,0,15,3,6,1,7,6,0,0,0,0,0,0,0,65,404,Partner,1,3,1,14,0,1,1,Low Income – Low Spending,Low Income – High Spending
Graduate,31632.0,0,0,92,17,8,12,11,15,32,1,2,1,2,7,0,0,0,0,0,0,0,55,95,Alone,0,1,0,5,0,1,2,Low Income – Low Spending,Low Income – Low Spending
Graduate,72298.0,0,0,52,625,35,169,58,17,35,1,4,3,6,1,0,1,1,0,0,0,0,77,939,Alone,0,1,0,13,2,0,0,High Income – High Spending,High Income – High Spending
Undergraduate,36975.0,1,0,50,10,6,11,0,4,2,1,1,0,3,7,0,0,0,0,0,0,0,48,33,Alone,1,2,1,4,0,1,2,Low Income – Low Spending,Low Income – Low Spending
Undergraduate,72635.0,0,0,54,390,22,323,104,35,107,1,6,8,6,3,0,0,0,1,0,0,0,71,981,Partner,0,2,0,20,1,0,0,High Income – High Spending,High Income – High Spending
Graduate,13624.0,1,0,93,10,2,15,2,1,6,2,2,0,3,6,0,0,0,0,0,0,0,50,36,Partner,1,3,1,5,0,1,2,Low Income – Low Spending,Low Income – Low Spending
Graduate,84196.0,0,1,56,215,63,507,231,31,190,1,8,4,7,3,0,0,0,0,0,0,0,51,1237,Alone,1,2,1,19,0,0,0,High Income – High Spending,High Income – High Spending
Graduate,70971.0,0,1,28,1001,17,572,93,125,17,7,11,11,5,7,0,0,0,0,0,0,1,66,1825,Partner,1,3,1,27,1,0,3,High Income – High Spending,High Income – Low Spending
Postgraduate,34487.0,1,1,94,19,18,33,24,1,8,3,3,0,3,9,0,0,0,0,0,0,0,49,103,Alone,2,3,1,6,0,1,1,Low Income – Low Spending,Low Income – High Spending
Graduate,28769.0,1,0,76,41,5,129,10,3,3,3,4,1,4,9,0,0,0,0,0,0,0,49,191,Alone,1,2,1,9,0,1,2,Low Income – Low Spending,Low Income – Low Spending
Postgraduate,69084.0,1,0,43,1181,107,199,39,30,30,2,7,3,13,8,0,0,0,0,0,0,0,56,1586,Partner,1,3,1,23,0,0,3,High Income – High Spending,High Income – Low Spending
Postgraduate,65488.0,0,0,46,603,45,207,36,18,54,1,3,4,6,1,0,0,0,0,0,0,0,68,963,Partner,0,2,0,13,0,0,0,High Income – High Spending,High Income – High Spending
Undergraduate,62466.0,0,1,13,129,129,259,168,121,83,5,6,3,12,4,0,0,0,0,0,0,0,56,889,Partner,1,3,1,21,0,0,0,High Income – High Spending,High Income – High Spending
Undergraduate,32218.0,0,0,27,10,24,15,13,1,30,1,2,1,3,7,1,0,0,0,0,0,1,66,93,Alone,0,1,0,6,2,1,2,Low Income – Low Spending,Low Income – Low Spending
Graduate,83917.0,0,0,12,514,22,732,42,198,79,1,6,7,7,3,0,0,0,0,0,0,1,53,1587,Alone,0,1,0,20,1,0,0,High Income – High Spending,High Income – High Spending
Graduate,46102.0,2,1,3,14,0,1,0,0,1,1,1,0,2,7,0,0,0,0,0,0,0,64,16,Alone,3,4,1,3,0,1,1,Low Income – Low Spending,Low Income – High Spending
Graduate,84574.0,0,0,72,387,20,713,38,54,163,1,9,11,11,5,0,0,0,0,0,0,0,74,1375,Alone,0,1,0,31,0,0,0,High Income – High Spending,High Income – High Spending
Graduate,56181.0,0,1,6,121,103,69,8,44,48,1,4,2,7,4,0,0,0,0,0,0,0,64,393,Partner,1,3,1,13,0,1,3,Low Income – Low Spending,High Income – Low Spending
Postgraduate,63120.0,0,1,53,965,69,279,54,41,69,5,8,4,9,7,0,0,0,0,0,0,1,76,1477,Alone,1,2,1,21,1,0,3,High Income – High Spending,High Income – Low Spending
Graduate,73691.0,0,1,58,707,21,250,85,43,73,2,6,2,8,2,1,0,0,0,0,0,0,55,1179,Partner,1,3,1,16,1,0,3,High Income – High Spending,High Income – Low Spending
Graduate,63381.0,0,1,78,571,50,142,33,50,159,4,4,5,13,2,0,0,0,0,0,0,0,66,1005,Partner,1,3,1,22,0,0,3,High Income – High Spending,High Income – Low Spending
Postgraduate,76140.0,0,0,57,586,66,653,17,0,26,1,5,9,6,2,0,0,0,0,0,0,0,78,1348,Partner,0,2,0,20,0,0,0,High Income – High Spending,High Income – High Spending
Postgraduate,62859.0,0,1,37,1063,89,102,16,12,25,4,9,4,6,6,0,0,0,0,0,0,0,67,1307,Alone,1,2,1,19,0,0,3,High Income – High Spending,High Income – Low Spending
Graduate,45906.0,0,1,20,305,3,27,4,3,144,2,5,4,4,5,1,0,0,0,0,0,0,62,486,Alone,1,2,1,13,1,1,3,Low Income – Low Spending,High Income – Low Spending
Postgraduate,77632.0,0,0,73,1200,105,758,0,42,147,1,4,2,6,2,0,1,1,0,0,0,1,79,2252,Partner,0,2,0,12,3,0,0,High Income – High Spending,High Income – High Spending
Postgraduate,46463.0,1,1,56,163,2,40,8,11,11,7,3,1,6,6,0,0,0,0,0,0,0,55,235,Partner,2,4,1,10,0,1,1,Low Income – Low Spending,Low Income – High Spending
Graduate,105471.0,0,0,36,1009,181,104,202,21,207,0,9,8,13,3,0,0,1,1,0,0,1,56,1724,Partner,0,2,0,30,3,0,0,High Income – High Spending,High Income – High Spending
Postgraduate,55282.0,1,0,9,125,6,73,8,4,19,1,3,1,6,4,0,0,0,0,0,0,0,56,235,Alone,1,2,1,10,0,1,2,Low Income – Low Spending,Low Income – Low Spending
Postgraduate,78710.0,0,1,42,721,0,152,119,50,50,3,7,6,12,4,0,0,0,0,0,0,0,49,1092,Partner,1,3,1,25,0,0,3,High Income – High Spending,High Income – Low Spending
Graduate,66886.0,0,1,28,315,4,62,41,31,146,2,7,1,7,5,0,0,0,0,0,0,0,68,599,Partner,1,3,1,15,0,0,3,High Income – High Spending,High Income – Low Spending
Postgraduate,98777.0,0,0,23,1000,19,711,125,115,38,0,4,6,9,1,0,1,0,0,0,0,0,66,2008,Alone,0,1,0,19,1,0,0,High Income – High Spending,High Income – High Spending
Graduate,29103.0,1,0,38,16,0,17,6,3,6,2,1,0,3,9,0,0,0,0,0,0,0,41,48,Partner,1,3,1,4,0,1,2,Low Income – Low Spending,Low Income – Low Spending
Graduate,67445.0,0,1,63,757,80,217,29,80,11,5,9,6,12,6,0,0,0,0,0,0,0,52,1174,Partner,1,3,1,27,0,0,3,High Income – High Spending,High Income – Low Spending
Postgraduate,50616.0,0,1,71,30,2,25,0,1,9,1,1,1,4,2,0,0,0,0,0,0,0,76,67,Partner,1,3,1,6,0,1,1,Low Income – Low Spending,Low Income – High Spending
Graduate,49431.0,0,1,9,219,3,100,26,0,17,2,7,1,5,8,0,0,0,0,0,0,0,71,365,Alone,1,2,1,13,0,1,1,Low Income – Low Spending,Low Income – High Spending
Graduate,61278.0,0,1,87,111,3,28,2,6,15,2,3,1,4,6,0,0,0,0,0,0,0,73,165,Partner,1,3,1,8,0,1,1,Low Income – Low Spending,Low Income – High Spending
Undergraduate,26490.0,0,0,92,45,47,52,21,20,25,2,3,1,5,6,0,0,0,0,0,0,0,68,210,Partner,0,2,0,9,0,1,2,Low Income – Low Spending,Low Income – Low Spending
Postgraduate,73059.0,0,1,36,410,112,420,0,82,71,1,9,3,13,4,0,0,0,0,0,0,0,79,1095,Partner,1,3,1,25,0,0,3,High Income – High Spending,High Income – Low Spending
Postgraduate,46734.0,1,2,86,100,1,39,6,1,76,4,3,2,3,6,1,0,0,0,0,0,0,60,223,Alone,3,4,1,8,1,1,1,Low Income – Low Spending,Low Income – High Spending
Graduate,56253.0,0,1,83,509,0,65,7,11,5,4,7,2,9,6,0,0,0,0,0,0,0,63,597,Partner,1,3,1,18,0,1,3,Low Income – Low Spending,High Income – Low Spending
Graduate,19986.0,1,0,74,3,6,5,0,2,6,1,0,0,3,7,0,0,0,0,0,0,0,41,22,Partner,1,3,1,3,0,1,2,Low Income – Low Spending,Low Income – Low Spending
Graduate,58330.0,0,1,87,445,53,213,104,98,151,1,6,4,13,4,0,0,0,0,0,0,0,51,1064,Alone,1,2,1,23,0,0,0,High Income – High Spending,High Income – High Spending
Undergraduate,25965.0,0,0,29,2,2,11,41,7,11,1,2,0,3,8,0,0,0,0,0,0,0,46,74,Partner,0,2,0,5,0,1,2,Low Income – Low Spending,Low Income – Low Spending
Postgraduate,14661.0,0,0,88,4,1,11,6,2,2,1,1,0,3,6,0,0,0,0,0,0,0,70,26,Partner,0,2,0,4,0,1,2,Low Income – Low Spending,Low Income – Low Spending
Graduate,18690.0,0,0,77,6,1,7,23,4,19,1,1,1,2,8,0,0,0,0,0,0,0,67,60,Partner,0,2,0,4,0,1,2,Low Income – Low Spending,Low Income – Low Spending
Postgraduate,45068.0,0,1,25,14,0,3,0,0,3,1,1,0,2,7,0,0,0,0,0,0,0,52,20,Partner,1,3,1,3,0,1,1,Low Income – Low Spending,Low Income – High Spending
Undergraduate,21063.0,1,0,34,1,10,11,19,3,15,2,2,0,3,6,0,0,0,0,0,0,0,39,59,Alone,1,2,1,5,0,1,2,Low Income – Low Spending,Low Income – Low Spending
Postgraduate,29187.0,1,0,43,26,0,6,0,0,2,1,1,0,3,8,0,0,0,0,0,0,0,58,34,Partner,1,3,1,4,0,1,2,Low Income – Low Spending,Low Income – Low Spending
Undergraduate,54690.0,1,1,76,111,16,37,7,9,18,3,3,1,5,3,0,0,0,0,0,0,0,55,198,Partner,2,4,1,9,0,1,1,Low Income – Low Spending,Low Income – High Spending
Postgraduate,59304.0,0,1,81,418,61,428,80,51,10,3,7,8,10,5,0,0,0,0,0,0,0,62,1048,Partner,1,3,1,25,0,0,3,High Income – High Spending,High Income – Low Spending
Postgraduate,59247.0,0,2,87,327,9,122,19,14,83,5,5,2,9,6,0,0,0,0,0,0,0,64,574,Alone,2,3,1,16,0,1,3,Low Income – Low Spending,High Income – Low Spending
Graduate,66731.0,0,1,33,371,159,194,58,106,141,4,4,3,6,3,0,0,0,0,0,0,0,56,1029,Alone,1,2,1,13,0,0,0,High Income – High Spending,High Income – High Spending
Graduate,77353.0,0,1,38,275,59,107,69,101,59,2,6,4,8,4,0,0,0,0,0,0,0,46,670,Partner,1,3,1,18,0,0,3,High Income – High Spending,High Income – Low Spending
Postgraduate,52614.0,0,1,63,789,0,142,12,9,38,2,2,4,8,8,0,0,0,0,0,0,0,51,990,Alone,1,2,1,14,0,1,3,Low Income – Low Spending,High Income – Low Spending
Graduate,26751.0,2,0,26,1,1,5,0,3,1,1,1,0,2,8,0,0,0,0,0,0,0,52,11,Partner,2,4,1,3,0,1,2,Low Income – Low Spending,Low Income – Low Spending
Postgraduate,81300.0,0,1,17,1004,12,145,32,12,36,3,10,3,5,5,0,0,0,1,0,0,1,63,1241,Partner,1,3,1,18,2,0,3,High Income – High Spending,High Income – Low Spending
Graduate,70337.0,0,0,75,187,81,149,25,43,91,1,2,2,12,1,0,0,0,0,0,0,0,47,576,Alone,0,1,0,16,0,0,0,High Income – High Spending,High Income – High Spending
Undergraduate,36145.0,1,0,13,56,4,76,17,1,18,4,4,1,3,9,1,0,0,0,0,0,1,41,172,Partner,1,3,1,8,2,1,2,Low Income – Low Spending,Low Income – Low Spending
Postgraduate,65295.0,0,0,19,365,32,117,34,110,6,1,3,3,13,2,0,0,0,0,0,0,0,46,664,Alone,0,1,0,19,0,0,0,High Income – High Spending,High Income – High Spending
Graduate,68118.0,0,1,51,595,23,123,10,23,154,2,8,9,4,6,0,0,0,0,0,0,0,63,928,Alone,1,2,1,21,0,0,3,High Income – High Spending,High Income – Low Spending
Graduate,68743.0,0,0,81,1132,134,384,175,134,115,1,11,5,13,7,0,0,0,0,0,0,0,59,2074,Alone,0,1,0,29,0,0,0,High Income – High Spending,High Income – High Spending
Undergraduate,41039.0,0,0,32,34,11,137,179,61,45,1,8,1,5,8,0,0,0,0,0,0,0,44,467,Partner,0,2,0,14,0,0,2,High Income – High Spending,Low Income – Low Spending
Graduate,38946.0,0,1,84,116,6,82,6,6,41,2,3,1,6,5,0,0,0,0,0,0,0,71,257,Partner,1,3,1,10,0,1,1,Low Income – Low Spending,Low Income – High Spending
Graduate,65777.0,0,0,87,565,32,435,28,32,54,1,2,8,6,1,0,0,0,0,0,0,0,59,1146,Partner,0,2,0,16,0,0,0,High Income – High Spending,High Income – High Spending
Postgraduate,66476.0,0,1,99,372,18,126,47,48,78,2,5,2,11,4,0,0,0,0,0,0,0,50,689,Alone,1,2,1,18,0,0,3,High Income – High Spending,High Income – Low Spending
Postgraduate,86857.0,0,0,96,899,102,838,133,102,40,1,5,6,10,2,0,0,0,0,0,0,1,54,2114,Alone,0,1,0,21,1,0,0,High Income – High Spending,High Income – High Spending
Postgraduate,77845.0,0,0,40,760,40,480,0,40,26,1,3,5,12,1,0,0,1,1,0,0,0,37,1346,Partner,0,2,0,20,2,0,0,High Income – High Spending,High Income – High Spending
Postgraduate,69476.0,0,0,3,260,86,559,63,9,67,1,4,6,4,2,0,0,0,0,0,0,0,57,1044,Partner,0,2,0,14,0,0,0,High Income – High Spending,High Income – High Spending
Postgraduate,50611.0,0,1,98,459,0,24,6,0,4,6,4,5,7,6,0,1,0,0,0,0,1,66,493,Alone,1,2,1,16,2,1,3,Low Income – Low Spending,High Income – Low Spending
Graduate,61209.0,0,0,73,466,0,224,119,49,99,1,5,3,4,2,0,0,0,0,0,0,0,56,957,Alone,0,1,0,12,0,0,0,High Income – High Spending,High Income – High Spending
Postgraduate,42315.0,0,1,90,67,15,80,17,11,80,3,1,4,4,3,0,0,0,0,0,0,0,68,270,Partner,1,3,1,9,0,1,1,Low Income – Low Spending,Low Income – High Spending
Undergraduate,13084.0,0,0,29,2,0,7,3,7,10,1,1,0,3,6,0,0,0,0,0,0,0,74,29,Partner,0,2,0,4,0,1,2,Low Income – Low Spending,Low Income – Low Spending
Postgraduate,47570.0,1,1,3,67,1,20,0,2,31,3,2,2,2,7,0,0,0,0,0,0,1,77,121,Alone,2,3,1,6,1,1,1,Low Income – Low Spending,Low Income – High Spending
Postgraduate,61923.0,0,2,94,92,4,18,3,3,6,1,2,1,4,3,0,0,0,0,0,0,0,65,126,Partner,2,4,1,7,0,1,1,Low Income – Low Spending,Low Income – High Spending
Graduate,34824.0,0,0,65,4,2,11,2,0,4,1,1,0,2,6,0,0,0,0,0,0,0,31,23,Alone,0,1,0,3,0,1,2,Low Income – Low Spending,Low Income – Low Spending
Postgraduate,26518.0,1,1,33,20,1,28,3,3,2,3,2,0,3,8,0,0,0,0,0,0,1,77,57,Alone,2,3,1,5,1,1,1,Low Income – Low Spending,Low Income – High Spending
Graduate,45938.0,0,0,46,273,11,178,62,83,29,2,8,4,6,6,0,0,0,0,0,0,0,65,636,Alone,0,1,0,18,0,0,3,High Income – High Spending,High Income – Low Spending
Graduate,78468.0,0,0,29,434,22,388,104,22,34,1,10,7,10,4,0,0,0,1,0,0,0,66,1004,Partner,0,2,0,27,1,0,0,High Income – High Spending,High Income – High Spending
Graduate,78901.0,0,1,99,321,11,309,33,26,34,3,9,3,5,4,0,0,0,0,0,0,0,53,734,Alone,1,2,1,17,0,0,3,High Income – High Spending,High Income – Low Spending
Graduate,71427.0,2,0,26,212,123,177,15,64,23,2,8,2,8,4,0,0,0,0,0,0,0,48,614,Partner,2,4,1,18,0,1,3,Low Income – Low Spending,High Income – Low Spending
Graduate,71022.0,0,1,30,909,12,278,0,12,242,3,5,2,11,8,1,0,0,0,0,0,0,48,1453,Alone,1,2,1,18,1,0,3,High Income – High Spending,High Income – Low Spending
Postgraduate,90247.0,0,0,27,1184,32,352,21,16,16,1,3,4,7,1,0,1,1,1,0,0,1,38,1621,Alone,0,1,0,14,4,0,0,High Income – High Spending,High Income – High Spending
Postgraduate,41335.0,1,0,24,112,19,21,16,14,5,3,4,1,4,7,0,0,0,0,0,0,0,58,187,Alone,1,2,1,9,0,1,2,Low Income – Low Spending,Low Income – Low Spending
Graduate,71952.0,1,0,93,656,80,455,52,107,93,2,8,4,8,4,1,0,1,0,0,0,0,40,1443,Partner,1,3,1,20,2,0,0,High Income – High Spending,High Income – High Spending
Postgraduate,35682.0,1,0,34,23,0,8,6,2,18,1,1,1,3,2,0,0,0,0,0,0,0,56,57,Alone,1,2,1,5,0,1,2,Low Income – Low Spending,Low Income – Low Spending
Graduate,43185.0,0,1,88,537,6,42,16,6,30,2,9,3,6,8,0,0,0,0,0,0,0,75,637,Alone,1,2,1,18,0,1,3,Low Income – Low Spending,High Income – Low Spending
Postgraduate,66375.0,0,1,96,712,0,45,0,0,191,3,2,4,5,7,1,0,0,0,0,0,0,78,948,Partner,1,3,1,11,1,0,3,High Income – High Spending,High Income – Low Spending
Postgraduate,35178.0,1,0,10,23,1,13,2,2,18,1,1,1,2,7,1,0,0,0,0,0,1,55,59,Partner,1,3,1,4,2,1,2,Low Income – Low Spending,Low Income – Low Spending
Graduate,25252.0,1,0,26,1,3,4,2,2,6,1,1,0,2,8,0,0,0,0,0,0,0,40,18,Partner,1,3,1,3,0,1,2,Low Income – Low Spending,Low Income – Low Spending
Postgraduate,55250.0,0,1,49,664,58,83,32,0,66,4,7,5,10,5,0,0,0,0,0,0,0,61,903,Alone,1,2,1,22,0,0,3,High Income – High Spending,High Income – Low Spending
Graduate,33249.0,1,0,11,6,10,21,19,14,42,2,2,1,3,6,0,0,0,0,0,0,0,51,112,Alone,1,2,1,6,0,1,2,Low Income – Low Spending,Low Income – Low Spending
Graduate,58398.0,0,0,44,299,5,201,21,21,49,3,5,4,8,4,0,0,0,0,0,0,0,73,596,Partner,0,2,0,17,0,0,3,High Income – High Spending,High Income – Low Spending
Graduate,50272.0,1,0,75,99,13,66,43,8,4,3,4,1,5,7,0,0,0,0,0,0,0,44,233,Partner,1,3,1,10,0,1,2,Low Income – Low Spending,Low Income – Low Spending
Postgraduate,76618.0,0,0,64,749,40,294,121,160,147,1,3,2,5,1,0,0,0,0,0,0,0,51,1511,Partner,0,2,0,10,0,0,0,High Income – High Spending,High Income – High Spending
Undergraduate,87305.0,0,0,19,345,25,501,63,138,80,1,5,3,8,2,0,0,1,0,0,0,1,66,1152,Alone,0,1,0,16,2,0,0,High Income – High Spending,High Income – High Spending
Graduate,25851.0,1,0,45,9,4,18,7,5,5,2,2,0,3,7,0,0,0,0,0,0,0,48,48,Partner,1,3,1,5,0,1,2,Low Income – Low Spending,Low Income – Low Spending
Graduate,58710.0,0,1,77,440,81,368,0,122,174,6,11,5,9,6,0,0,0,0,0,0,0,56,1185,Alone,1,2,1,25,0,0,3,High Income – High Spending,High Income – Low Spending
Graduate,45160.0,1,1,9,8,2,5,3,0,3,1,1,0,2,7,0,0,0,0,0,0,0,68,21,Alone,2,3,1,3,0,1,1,Low Income – Low Spending,Low Income – High Spending
Postgraduate,74806.0,0,1,1,670,9,249,0,28,9,2,5,4,5,4,0,0,0,0,0,0,0,61,965,Partner,1,3,1,14,0,0,3,High Income – High Spending,High Income – Low Spending
Graduate,59111.0,0,0,90,524,0,134,28,28,155,1,11,1,8,7,0,0,0,0,0,0,0,72,869,Partner,0,2,0,20,0,0,3,High Income – High Spending,High Income – Low Spending
Postgraduate,18988.0,1,0,43,6,0,6,2,1,1,2,1,0,3,7,0,0,0,0,0,0,0,42,16,Partner,1,3,1,4,0,1,2,Low Income – Low Spending,Low Income – Low Spending
Graduate,72190.0,0,0,79,597,166,597,172,166,249,1,5,6,4,3,0,0,0,0,0,0,0,61,1947,Partner,0,2,0,15,0,0,0,High Income – High Spending,High Income – High Spending
Graduate,7500.0,1,0,19,7,0,12,13,7,32,5,4,1,2,9,1,0,0,0,0,0,1,50,71,Partner,1,3,1,7,2,1,2,Low Income – Low Spending,Low Income – Low Spending
Graduate,44794.0,0,1,99,54,0,7,0,0,4,1,2,0,3,6,0,0,0,0,0,0,0,60,65,Partner,1,3,1,5,0,1,1,Low Income – Low Spending,Low Income – High Spending
Graduate,80395.0,0,0,62,445,25,706,80,76,48,1,6,5,12,2,0,0,0,1,0,0,0,71,1380,Partner,0,2,0,23,1,0,0,High Income – High Spending,High Income – High Spending
Postgraduate,75012.0,0,0,41,294,142,218,164,58,151,1,3,8,11,1,0,0,0,0,0,0,0,50,1027,Alone,0,1,0,22,0,0,0,High Income – High Spending,High Income – High Spending
Postgraduate,56962.0,2,1,60,292,3,77,10,3,26,7,6,3,5,7,0,0,0,0,0,0,0,61,411,Partner,3,5,1,14,0,1,1,Low Income – Low Spending,Low Income – High Spending
Graduate,89891.0,0,0,17,412,22,132,59,28,183,1,11,6,8,4,0,0,1,0,0,0,0,35,836,Partner,0,2,0,25,1,0,0,High Income – High Spending,High Income – High Spending
Postgraduate,35946.0,1,1,24,8,0,3,0,0,0,1,0,0,3,5,0,0,0,0,0,0,0,77,11,Alone,2,3,1,3,0,1,1,Low Income – Low Spending,Low Income – High Spending
Postgraduate,53593.0,1,1,60,349,4,78,6,0,43,8,7,2,6,8,0,0,0,0,0,0,0,73,480,Partner,2,4,1,15,0,1,3,Low Income – Low Spending,High Income – Low Spending
Graduate,66373.0,1,1,57,328,9,124,12,24,109,7,4,2,10,3,0,0,0,0,0,0,0,48,606,Partner,2,4,1,16,0,1,3,Low Income – Low Spending,High Income – Low Spending
Postgraduate,45072.0,1,2,74,144,2,99,7,2,30,5,6,1,4,8,0,0,0,0,0,0,0,78,284,Alone,3,4,1,11,0,1,1,Low Income – Low Spending,Low Income – High Spending
Graduate,89694.0,1,1,22,1126,28,211,37,28,42,3,4,3,4,5,0,1,1,1,0,0,0,53,1472,Alone,2,3,1,11,3,0,3,High Income – High Spending,High Income – Low Spending
Graduate,72025.0,0,0,46,967,0,617,43,50,0,1,4,8,13,2,0,1,1,1,0,0,1,77,1677,Partner,0,2,0,25,4,0,0,High Income – High Spending,High Income – High Spending
Graduate,67432.0,0,1,69,432,79,341,177,136,170,2,8,5,4,4,0,0,0,0,0,0,0,53,1335,Partner,1,3,1,17,0,0,0,High Income – High Spending,High Income – High Spending
Postgraduate,70545.0,0,1,29,138,39,63,55,18,21,1,4,1,7,2,0,0,0,0,0,0,0,74,334,Partner,1,3,1,12,0,1,3,Low Income – Low Spending,High Income – Low Spending
Undergraduate,17487.0,1,0,37,0,0,1,7,4,6,1,1,0,2,7,0,0,0,0,0,0,0,37,18,Partner,1,3,1,3,0,1,2,Low Income – Low Spending,Low Income – Low Spending
Graduate,62882.0,0,1,26,509,133,497,78,24,97,2,7,5,6,4,0,0,0,0,0,0,0,57,1338,Partner,1,3,1,18,0,0,0,High Income – High Spending,High Income – High Spending
Postgraduate,64108.0,0,1,8,948,10,86,13,21,21,4,6,9,11,5,0,0,0,0,0,0,0,73,1099,Alone,1,2,1,26,0,0,3,High Income – High Spending,High Income – Low Spending
Postgraduate,34941.0,1,1,26,39,2,25,4,3,24,2,3,0,3,8,0,0,0,0,0,0,0,70,97,Partner,2,4,1,6,0,1,1,Low Income – Low Spending,Low Income – High Spending
Postgraduate,48767.0,1,2,79,28,1,21,3,0,10,3,2,1,3,5,0,0,0,0,0,0,0,76,63,Alone,3,4,1,6,0,1,1,Low Income – Low Spending,Low Income – High Spending
Undergraduate,38702.0,1,0,71,13,11,24,13,8,40,2,3,0,4,6,0,0,0,0,0,0,0,48,109,Partner,1,3,1,7,0,1,2,Low Income – Low Spending,Low Income – Low Spending
Graduate,82224.0,0,0,83,307,26,360,138,31,40,1,6,9,5,3,0,0,0,1,0,0,0,62,902,Partner,0,2,0,20,1,0,0,High Income – High Spending,High Income – High Spending
Graduate,83844.0,0,0,57,901,31,345,75,31,191,1,4,4,11,1,0,0,1,0,0,0,0,74,1574,Partner,0,2,0,19,1,0,0,High Income – High Spending,High Income – High Spending
Undergraduate,17003.0,1,0,37,2,5,12,4,8,7,3,2,0,4,5,0,0,0,0,0,0,0,51,38,Partner,1,3,1,6,0,1,2,Low Income – Low Spending,Low Income – Low Spending
Graduate,71163.0,0,0,30,283,17,372,138,106,44,1,3,8,12,1,0,0,0,0,0,0,0,31,960,Alone,0,1,0,23,0,0,0,High Income – High Spending,High Income – High Spending
Graduate,33697.0,1,0,34,4,3,7,0,3,11,1,1,0,2,7,1,0,0,0,0,0,0,56,28,Alone,1,2,1,3,1,1,2,Low Income – Low Spending,Low Income – Low Spending
Undergraduate,63564.0,0,0,0,769,80,252,15,34,65,1,10,10,7,6,1,0,0,0,0,0,1,72,1215,Partner,0,2,0,27,2,0,0,High Income – High Spending,High Income – High Spending
Postgraduate,83443.0,0,0,89,518,42,742,55,56,84,1,6,10,5,2,0,0,0,0,0,0,0,54,1497,Partner,0,2,0,21,0,0,0,High Income – High Spending,High Income – High Spending
Postgraduate,51518.0,0,1,92,350,8,66,17,4,4,2,3,2,10,3,0,0,0,0,0,0,0,68,449,Partner,1,3,1,15,0,1,1,Low Income – Low Spending,Low Income – High Spending
Graduate,58330.0,0,1,87,445,53,213,104,98,151,1,6,4,13,4,0,0,0,0,0,0,0,51,1064,Alone,1,2,1,23,0,0,0,High Income – High Spending,High Income – High Spending
Graduate,80952.0,0,0,20,778,178,689,41,27,44,1,8,5,11,8,0,1,1,1,0,0,1,57,1757,Partner,0,2,0,24,4,0,0,High Income – High Spending,High Income – High Spending
Graduate,75507.0,0,0,56,709,93,374,104,80,80,1,8,6,6,3,0,0,0,0,0,0,0,47,1440,Partner,0,2,0,20,0,0,0,High Income – High Spending,High Income – High Spending
Undergraduate,63855.0,0,0,28,359,35,314,93,116,89,1,7,3,13,4,0,0,0,0,0,0,0,48,1006,Partner,0,2,0,23,0,0,0,High Income – High Spending,High Income – High Spending
Postgraduate,62220.0,0,1,55,799,12,375,16,12,12,5,7,6,5,6,0,0,0,0,0,0,1,54,1226,Partner,1,3,1,18,1,0,3,High Income – High Spending,High Income – Low Spending
Graduate,58512.0,0,1,25,895,10,101,13,0,152,5,3,4,8,8,0,0,0,0,0,0,0,62,1171,Partner,1,3,1,15,0,0,3,High Income – High Spending,High Income – Low Spending
Postgraduate,40662.0,1,0,0,40,2,23,0,4,23,2,2,1,3,4,0,0,0,0,0,0,0,47,92,Partner,1,3,1,6,0,1,2,Low Income – Low Spending,Low Income – Low Spending
Postgraduate,38829.0,0,1,86,76,0,7,0,0,16,1,3,2,2,5,0,0,0,0,0,0,0,67,99,Partner,1,3,1,7,0,1,1,Low Income – Low Spending,Low Income – High Spending
Undergraduate,35523.0,1,0,8,11,5,22,12,5,11,2,3,0,3,7,0,0,0,0,0,0,0,45,66,Partner,1,3,1,6,0,1,2,Low Income – Low Spending,Low Income – Low Spending
Graduate,79146.0,1,1,33,245,16,223,21,43,16,2,8,1,8,6,0,0,0,0,0,0,0,59,564,Alone,2,3,1,17,0,1,3,Low Income – Low Spending,High Income – Low Spending
Postgraduate,78285.0,0,0,13,647,107,391,175,67,40,1,6,4,10,3,0,0,0,0,0,0,0,38,1427,Partner,0,2,0,20,0,0,0,High Income – High Spending,High Income – High Spending
Postgraduate,31626.0,1,0,12,39,1,9,2,1,34,1,2,1,2,7,1,0,0,0,0,0,1,48,86,Alone,1,2,1,5,2,1,2,Low Income – Low Spending,Low Income – Low Spending
Graduate,75127.0,0,0,92,203,35,305,46,17,227,1,2,11,5,1,0,0,0,0,0,0,0,74,833,Alone,0,1,0,18,0,0,0,High Income – High Spending,High Income – High Spending
Graduate,48726.0,0,1,90,138,3,38,4,0,59,3,3,2,4,6,0,0,0,0,0,0,0,71,242,Partner,1,3,1,9,0,1,1,Low Income – Low Spending,Low Income – High Spending
Graduate,74985.0,0,0,8,587,51,898,247,0,86,1,3,6,7,2,0,0,0,0,0,0,0,49,1869,Partner,0,2,0,16,0,0,0,High Income – High Spending,High Income – High Spending
Graduate,67430.0,0,0,6,595,97,291,127,133,121,1,11,5,12,6,0,0,0,0,0,0,0,39,1364,Partner,0,2,0,28,0,0,0,High Income – High Spending,High Income – High Spending
Undergraduate,46891.0,0,1,91,43,12,23,29,15,61,1,2,1,4,4,0,0,0,0,0,0,0,61,183,Partner,1,3,1,7,0,1,1,Low Income – Low Spending,Low Income – High Spending
Postgraduate,62058.0,0,1,52,301,7,74,10,0,58,4,6,1,7,6,0,0,0,0,0,0,0,70,450,Partner,1,3,1,14,0,1,3,Low Income – Low Spending,High Income – Low Spending
Graduate,72063.0,0,1,3,180,32,348,76,32,90,2,5,2,12,2,0,0,0,0,0,0,0,47,758,Partner,1,3,1,19,0,0,3,High Income – High Spending,High Income – Low Spending
Postgraduate,78939.0,0,0,57,794,115,243,150,0,205,1,8,5,6,3,0,0,0,0,0,0,0,75,1507,Partner,0,2,0,19,0,0,0,High Income – High Spending,High Income – High Spending
Graduate,42720.0,1,1,9,392,5,91,28,26,112,8,7,3,7,8,0,0,0,0,0,0,1,61,654,Alone,2,3,1,17,1,1,3,Low Income – Low Spending,High Income – Low Spending
Graduate,33622.0,1,1,22,39,1,22,3,4,12,3,2,0,4,7,0,0,0,0,0,0,0,54,81,Partner,2,4,1,6,0,1,1,Low Income – Low Spending,Low Income – High Spending
Postgraduate,6835.0,0,1,76,107,2,12,2,2,12,0,0,0,1,20,0,0,0,0,0,0,0,69,137,Partner,1,3,1,1,0,1,1,Low Income – Low Spending,Low Income – High Spending
Graduate,41452.0,1,1,86,13,0,3,0,0,0,1,1,0,2,7,0,0,0,0,0,0,0,73,16,Partner,2,4,1,3,0,1,1,Low Income – Low Spending,Low Income – High Spending
Postgraduate,40760.0,0,1,64,70,0,17,0,0,6,2,2,1,3,6,0,0,0,0,0,0,0,61,93,Alone,1,2,1,6,0,1,1,Low Income – Low Spending,Low Income – High Spending
Postgraduate,74250.0,0,0,90,680,11,392,75,0,0,1,2,11,4,1,0,0,0,0,0,0,0,68,1158,Partner,0,2,0,17,0,0,0,High Income – High Spending,High Income – High Spending
Postgraduate,51124.0,1,1,79,26,1,11,0,1,4,2,1,0,3,3,0,0,0,0,0,0,0,71,43,Alone,2,3,1,4,0,1,1,Low Income – Low Spending,Low Income – High Spending
Graduate,72258.0,0,1,28,522,0,522,227,120,134,2,6,9,5,2,0,0,0,0,0,0,0,55,1525,Alone,1,2,1,20,0,0,0,High Income – High Spending,High Income – High Spending
Postgraduate,71466.0,0,0,86,412,12,546,78,182,0,1,4,4,10,1,0,0,0,0,0,0,0,52,1230,Alone,0,1,0,18,0,0,0,High Income – High Spending,High Income – High Spending
Graduate,36283.0,1,1,42,6,5,5,8,0,5,2,1,0,3,4,0,0,0,0,0,0,0,50,29,Partner,2,4,1,4,0,1,1,Low Income – Low Spending,Low Income – High Spending
Graduate,20587.0,1,0,39,2,3,6,4,1,9,1,1,1,2,7,0,0,0,0,0,0,0,56,25,Alone,1,2,1,4,0,1,2,Low Income – Low Spending,Low Income – Low Spending
Graduate,30467.0,1,0,8,1,3,8,2,5,5,1,1,0,2,7,0,0,0,0,0,0,0,54,24,Partner,1,3,1,3,0,1,2,Low Income – Low Spending,Low Income – Low Spending
Graduate,31590.0,1,0,40,6,2,15,6,6,3,1,1,0,3,8,0,0,0,0,0,0,0,54,38,Partner,1,3,1,4,0,1,2,Low Income – Low Spending,Low Income – Low Spending
Undergraduate,20425.0,1,0,5,4,12,5,3,16,17,2,2,0,3,7,0,0,0,0,0,0,0,40,57,Partner,1,3,1,5,0,1,2,Low Income – Low Spending,Low Income – Low Spending
Postgraduate,17144.0,1,1,96,18,2,19,0,2,6,5,3,0,4,7,0,0,0,0,0,0,0,66,47,Partner,2,4,1,7,0,1,1,Low Income – Low Spending,Low Income – High Spending
Postgraduate,42564.0,0,1,28,324,48,186,39,18,198,6,6,8,4,7,1,0,0,0,0,0,1,58,813,Alone,1,2,1,18,2,0,3,High Income – High Spending,High Income – Low Spending
Postgraduate,43783.0,1,0,22,327,9,125,25,4,139,6,7,1,8,7,1,0,0,0,0,0,0,48,629,Partner,1,3,1,16,1,1,3,Low Income – Low Spending,High Income – Low Spending
Graduate,40780.0,0,1,30,229,27,71,13,3,34,4,7,1,5,9,0,0,0,0,0,0,0,50,377,Alone,1,2,1,13,0,1,1,Low Income – Low Spending,Low Income – High Spending
Postgraduate,62847.0,0,0,45,521,168,706,80,76,61,1,3,6,4,2,0,0,0,0,0,0,0,81,1612,Partner,0,2,0,13,0,0,0,High Income – High Spending,High Income – High Spending
Postgraduate,82017.0,0,0,58,184,23,446,30,23,23,1,5,4,7,2,0,1,1,1,0,0,1,69,729,Partner,0,2,0,16,4,0,0,High Income – High Spending,High Income – High Spending
Graduate,16813.0,0,0,49,4,8,11,12,2,13,1,2,0,3,7,1,0,0,0,0,0,0,76,50,Alone,0,1,0,5,1,1,2,Low Income – Low Spending,Low Income – Low Spending
Graduate,51267.0,1,1,37,183,2,64,7,2,12,4,3,3,5,4,0,0,0,0,0,0,0,48,270,Partner,2,4,1,11,0,1,1,Low Income – Low Spending,Low Income – High Spending
Graduate,46524.0,0,1,70,31,19,35,26,14,52,2,1,1,5,3,0,0,0,0,0,0,0,65,177,Alone,1,2,1,7,0,1,1,Low Income – Low Spending,Low Income – High Spending
Postgraduate,45183.0,0,0,33,219,3,60,12,9,12,1,4,1,7,7,0,1,0,0,0,0,0,64,315,Alone,0,1,0,12,1,1,2,Low Income – Low Spending,Low Income – Low Spending
Postgraduate,70421.0,0,1,98,479,28,136,75,14,35,3,10,3,7,6,0,0,0,0,0,0,0,72,767,Partner,1,3,1,20,0,0,3,High Income – High Spending,High Income – Low Spending
Undergraduate,60161.0,0,1,17,584,44,212,46,8,177,3,11,4,8,8,0,0,0,0,0,0,0,61,1071,Alone,1,2,1,23,0,0,3,High Income – High Spending,High Income – Low Spending
Graduate,73926.0,0,0,54,627,91,597,159,91,15,1,6,5,12,3,0,0,0,0,0,0,0,53,1580,Partner,0,2,0,23,0,0,0,High Income – High Spending,High Income – High Spending
Graduate,19329.0,1,0,39,24,1,16,12,2,5,3,4,0,3,8,0,0,0,0,0,0,0,58,60,Partner,1,3,1,7,0,1,2,Low Income – Low Spending,Low Income – Low Spending
Postgraduate,61872.0,0,1,81,330,5,159,36,27,16,4,4,4,9,4,0,0,0,0,0,0,0,56,573,Partner,1,3,1,17,0,0,3,High Income – High Spending,High Income – Low Spending
Graduate,46984.0,1,1,71,19,1,10,2,1,8,1,1,0,3,5,0,0,0,0,0,0,0,70,41,Alone,2,3,1,4,0,1,1,Low Income – Low Spending,Low Income – High Spending
Graduate,34838.0,1,1,62,28,23,29,29,14,47,3,2,1,4,6,0,0,0,0,0,0,0,75,170,Partner,2,4,1,7,0,1,1,Low Income – Low Spending,Low Income – High Spending
Postgraduate,82716.0,0,0,8,606,148,228,15,148,22,1,6,8,13,2,0,0,0,0,0,0,0,82,1167,Alone,0,1,0,27,0,0,0,High Income – High Spending,High Income – High Spending
Graduate,48192.0,0,0,76,1039,43,204,153,58,29,3,2,8,12,8,0,1,0,1,1,0,1,68,1526,Partner,0,2,0,22,4,0,0,High Income – High Spending,High Income – High Spending
Postgraduate,49681.0,0,2,66,411,0,26,0,0,21,6,7,1,7,7,0,0,0,0,0,0,0,50,458,Partner,2,4,1,15,0,1,3,Low Income – Low Spending,High Income – Low Spending
Postgraduate,56850.0,0,1,83,34,1,19,2,7,0,1,1,1,3,2,0,0,0,0,0,0,0,55,63,Partner,1,3,1,5,0,1,1,Low Income – Low Spending,Low Income – High Spending
Graduate,55267.0,0,1,28,161,28,136,32,3,45,4,3,4,6,3,0,0,0,0,0,0,0,69,405,Partner,1,3,1,13,0,1,3,Low Income – Low Spending,High Income – Low Spending
Graduate,59666.0,1,1,87,623,53,178,23,17,133,7,3,2,8,8,0,1,0,0,0,0,0,54,1027,Partner,2,4,1,13,1,1,3,Low Income – Low Spending,High Income – Low Spending
Graduate,72504.0,0,1,43,604,26,470,123,161,94,2,5,9,6,2,0,0,0,0,0,0,0,54,1478,Alone,1,2,1,20,0,0,0,High Income – High Spending,High Income – High Spending
Graduate,26872.0,0,0,0,3,10,8,3,16,32,1,1,1,2,6,0,0,0,0,0,0,0,45,72,Partner,0,2,0,4,0,1,2,Low Income – Low Spending,Low Income – Low Spending
Graduate,21359.0,1,0,1,12,2,17,6,1,10,2,2,0,3,8,0,0,0,0,0,0,1,54,48,Alone,1,2,1,5,1,1,2,Low Income – Low Spending,Low Income – Low Spending
Graduate,73170.0,0,0,1,184,174,256,50,30,32,1,5,4,6,2,0,0,0,0,0,0,0,51,726,Alone,0,1,0,15,0,0,0,High Income – High Spending,High Income – High Spending
Postgraduate,52750.0,0,1,72,393,0,239,90,69,69,6,5,7,9,4,0,0,0,0,0,0,0,71,860,Partner,1,3,1,21,0,0,3,High Income – High Spending,High Income – Low Spending
Postgraduate,91820.0,0,0,72,410,73,747,76,161,30,0,5,5,12,1,0,0,0,0,0,0,0,40,1497,Partner,0,2,0,22,0,0,0,High Income – High Spending,High Income – High Spending
Postgraduate,65968.0,0,1,12,376,9,83,19,4,4,2,5,4,7,3,0,0,0,0,0,0,0,56,495,Partner,1,3,1,16,0,1,3,Low Income – Low Spending,High Income – Low Spending
Graduate,30772.0,1,1,89,7,2,4,2,1,4,1,1,0,2,6,0,0,0,0,0,0,0,50,20,Partner,2,4,1,3,0,1,1,Low Income – Low Spending,Low Income – High Spending
Graduate,22507.0,0,0,67,68,0,226,51,157,68,3,10,2,4,9,0,0,0,0,0,0,0,72,570,Alone,0,1,0,16,0,0,3,High Income – High Spending,High Income – Low Spending
Graduate,65685.0,0,1,54,642,14,49,0,7,57,1,9,2,9,5,0,0,0,0,0,0,0,54,769,Partner,1,3,1,20,0,0,3,High Income – High Spending,High Income – Low Spending
Undergraduate,25804.0,1,0,34,8,7,9,13,6,12,2,2,0,3,8,0,0,0,0,0,0,0,48,55,Partner,1,3,1,5,0,1,2,Low Income – Low Spending,Low Income – Low Spending
Postgraduate,76412.0,0,0,15,840,53,804,23,71,17,1,5,4,8,3,0,0,1,1,0,0,1,46,1808,Alone,0,1,0,17,3,0,0,High Income – High Spending,High Income – High Spending
Graduate,22063.0,1,0,43,7,10,13,3,11,11,2,2,0,3,7,0,0,0,0,0,0,0,54,55,Partner,1,3,1,5,0,1,2,Low Income – Low Spending,Low Income – Low Spending
Graduate,57091.0,0,0,0,464,5,64,7,0,37,1,7,3,7,5,0,0,0,0,1,0,1,65,577,Alone,0,1,0,17,2,0,3,High Income – High Spending,High Income – Low Spending
Graduate,22419.0,0,0,74,30,3,47,19,21,42,1,3,2,2,8,0,0,0,0,0,0,0,63,162,Partner,0,2,0,7,0,1,2,Low Income – Low Spending,Low Income – Low Spending
Graduate,87771.0,0,1,61,1492,38,287,50,57,33,1,5,10,4,6,0,1,1,1,1,0,1,67,1957,Partner,1,3,1,19,5,0,0,High Income – High Spending,High Income – High Spending
Undergraduate,78353.0,0,1,51,752,122,476,39,153,34,1,10,2,11,8,0,0,0,0,0,0,0,67,1576,Alone,1,2,1,23,0,0,0,High Income – High Spending,High Income – High Spending
Graduate,93404.0,1,2,97,1279,15,287,20,0,15,3,3,4,7,5,0,1,1,0,0,0,0,72,1616,Partner,3,5,1,14,2,0,3,High Income – High Spending,High Income – Low Spending
Graduate,37859.0,1,2,75,22,1,8,2,1,2,2,1,0,3,8,0,0,0,0,0,0,0,64,36,Alone,3,4,1,4,0,1,1,Low Income – Low Spending,Low Income – High Spending
Postgraduate,80995.0,0,1,83,860,28,409,73,56,56,1,8,9,4,4,0,0,0,0,0,0,0,68,1482,Alone,1,2,1,21,0,0,0,High Income – High Spending,High Income – High Spending
Graduate,16529.0,1,0,23,3,0,5,13,0,1,1,1,0,3,6,0,0,0,0,0,0,0,42,22,Partner,1,3,1,4,0,1,2,Low Income – Low Spending,Low Income – Low Spending
Postgraduate,55412.0,1,1,65,10,5,28,11,1,8,1,2,0,3,5,0,0,0,0,0,0,0,50,63,Alone,2,3,1,5,0,1,1,Low Income – Low Spending,Low Income – High Spending
Graduate,48789.0,0,0,94,351,16,156,7,5,145,1,6,4,7,6,0,0,0,0,0,0,0,34,680,Alone,0,1,0,17,0,0,3,High Income – High Spending,High Income – Low Spending
Postgraduate,56575.0,0,2,42,421,5,90,0,16,10,3,7,3,7,5,0,0,0,0,0,0,0,59,542,Partner,2,4,1,17,0,1,3,Low Income – Low Spending,High Income – Low Spending
Undergraduate,25130.0,1,0,10,2,5,7,0,18,18,2,2,0,3,7,0,0,0,0,0,0,0,46,50,Partner,1,3,1,5,0,1,2,Low Income – Low Spending,Low Income – Low Spending
Graduate,35441.0,1,1,94,25,1,9,2,1,1,2,1,0,3,8,0,0,0,0,0,0,0,59,39,Partner,2,4,1,4,0,1,1,Low Income – Low Spending,Low Income – High Spending
Graduate,71391.0,0,1,50,336,123,274,46,123,141,5,6,5,12,3,0,0,0,0,0,0,0,70,1043,Partner,1,3,1,23,0,0,3,High Income – High Spending,High Income – Low Spending
Postgraduate,49494.0,1,0,46,191,9,97,0,6,82,2,6,1,5,7,0,0,0,0,0,0,0,54,385,Alone,1,2,1,12,0,1,2,Low Income – Low Spending,Low Income – Low Spending
Graduate,81702.0,0,0,98,563,50,774,28,31,187,1,7,7,12,3,0,0,0,0,0,0,0,46,1633,Alone,0,1,0,26,0,0,0,High Income – High Spending,High Income – High Spending
Undergraduate,45889.0,0,1,42,31,0,6,0,1,8,1,1,0,3,6,0,0,0,0,0,0,0,46,46,Alone,1,2,1,4,0,1,1,Low Income – Low Spending,Low Income – High Spending
Graduate,56628.0,0,1,30,479,5,82,7,17,171,2,7,6,5,5,1,0,0,0,0,0,0,49,761,Alone,1,2,1,18,1,0,3,High Income – High Spending,High Income – Low Spending
Graduate,34026.0,1,1,11,18,6,15,12,8,17,3,2,1,3,5,0,0,0,0,0,0,0,76,76,Partner,2,4,1,6,0,1,1,Low Income – Low Spending,Low Income – High Spending
Graduate,40049.0,0,1,61,91,65,52,10,44,28,3,3,2,6,5,0,0,0,0,0,0,0,52,290,Partner,1,3,1,11,0,1,1,Low Income – Low Spending,Low Income – High Spending
Graduate,34176.0,1,0,12,5,7,24,19,14,20,4,3,0,4,6,0,0,0,0,0,0,0,38,89,Alone,1,2,1,7,0,1,2,Low Income – Low Spending,Low Income – Low Spending
Graduate,19419.0,1,0,76,2,14,28,16,3,7,4,4,0,3,9,0,0,0,0,0,0,0,45,70,Partner,1,3,1,7,0,1,2,Low Income – Low Spending,Low Income – Low Spending
Undergraduate,82504.0,0,0,2,362,50,431,134,35,54,1,3,6,7,1,0,0,0,0,0,0,0,66,1066,Partner,0,2,0,16,0,0,0,High Income – High Spending,High Income – High Spending
Graduate,81205.0,0,0,43,724,74,929,97,55,130,1,5,6,7,2,1,0,1,0,1,0,1,56,2009,Partner,0,2,0,18,4,0,0,High Income – High Spending,High Income – High Spending
Undergraduate,61618.0,0,0,27,605,91,399,0,45,205,2,3,6,8,3,0,0,0,0,0,0,0,35,1345,Alone,0,1,0,17,0,0,0,High Income – High Spending,High Income – High Spending
Postgraduate,55284.0,0,1,60,547,7,140,0,7,63,3,7,5,8,5,0,0,0,0,0,0,0,70,764,Alone,1,2,1,20,0,0,3,High Income – High Spending,High Income – Low Spending
Graduate,49980.0,0,1,79,104,1,54,13,9,14,2,3,1,5,5,0,0,0,0,0,0,0,63,195,Alone,1,2,1,9,0,1,1,Low Income – Low Spending,Low Income – High Spending
Graduate,15072.0,2,0,96,8,2,15,0,10,18,4,3,1,3,5,0,0,0,0,0,0,0,46,53,Partner,2,4,1,7,0,1,2,Low Income – Low Spending,Low Income – Low Spending
Graduate,49166.0,0,1,17,224,2,25,7,0,110,2,5,3,3,6,0,0,0,0,0,0,0,52,368,Alone,1,2,1,11,0,1,1,Low Income – Low Spending,Low Income – High Spending
Postgraduate,65324.0,0,1,0,384,0,102,21,32,5,3,6,2,9,4,0,0,0,0,0,0,0,72,544,Partner,1,3,1,17,0,1,3,Low Income – Low Spending,High Income – Low Spending
Undergraduate,82347.0,0,0,38,556,54,845,202,133,63,1,7,7,10,3,1,0,0,1,0,0,0,69,1853,Partner,0,2,0,24,2,0,0,High Income – High Spending,High Income – High Spending
Postgraduate,30843.0,1,1,43,24,0,2,0,0,9,2,1,1,2,5,1,0,0,0,0,0,0,60,35,Partner,2,4,1,4,1,1,1,Low Income – Low Spending,Low Income – High Spending
Postgraduate,46374.0,0,1,1,408,0,21,0,0,17,3,7,1,7,8,0,1,0,1,0,0,1,52,446,Partner,1,3,1,15,3,1,1,Low Income – Low Spending,Low Income – High Spending
Graduate,60474.0,0,1,25,265,199,303,234,9,170,7,10,2,12,7,0,0,0,0,0,0,0,47,1180,Alone,1,2,1,24,0,0,3,High Income – High Spending,High Income – Low Spending
Postgraduate,38576.0,0,1,2,34,0,7,0,0,0,1,1,0,3,7,0,0,0,0,0,0,0,53,41,Partner,1,3,1,4,0,1,1,Low Income – Low Spending,Low Income – High Spending
Graduate,55357.0,2,0,66,374,64,116,84,25,64,3,6,2,11,5,0,0,0,0,0,0,0,41,727,Partner,2,4,1,19,0,1,3,Low Income – Low Spending,High Income – Low Spending
Graduate,37758.0,1,1,49,27,2,10,0,0,1,2,1,0,3,8,0,0,0,0,0,0,0,60,40,Partner,2,4,1,4,0,1,1,Low Income – Low Spending,Low Income – High Spending
Undergraduate,85710.0,0,0,5,600,20,350,29,30,33,1,6,9,10,2,0,0,1,0,0,0,0,37,1062,Partner,0,2,0,25,1,0,0,High Income – High Spending,High Income – High Spending
Graduate,23228.0,1,0,71,13,2,18,6,1,0,2,2,0,3,8,0,0,0,0,0,0,0,57,40,Partner,1,3,1,5,0,1,2,Low Income – Low Spending,Low Income – Low Spending
Postgraduate,44602.0,1,1,35,167,2,89,0,0,34,6,6,1,4,8,0,0,0,0,0,0,0,57,292,Partner,2,4,1,11,0,1,1,Low Income – Low Spending,Low Income – High Spending
Graduate,7500.0,0,0,94,0,2,3,4,1,5,1,0,0,3,6,0,0,0,0,0,0,0,39,15,Partner,0,2,0,3,0,1,2,Low Income – Low Spending,Low Income – Low Spending
Undergraduate,38683.0,1,0,80,46,35,69,84,41,66,6,4,1,6,7,0,0,0,0,0,0,0,37,341,Partner,1,3,1,11,0,1,2,Low Income – Low Spending,Low Income – Low Spending
Undergraduate,49514.0,1,0,61,88,39,78,58,13,93,2,6,1,4,7,0,0,0,0,0,0,0,51,369,Alone,1,2,1,11,0,1,2,Low Income – Low Spending,Low Income – Low Spending
Postgraduate,57906.0,0,1,29,243,11,119,10,3,15,3,4,2,8,4,0,0,0,0,0,0,0,53,401,Partner,1,3,1,14,0,1,3,Low Income – Low Spending,High Income – Low Spending
Postgraduate,43456.0,0,1,0,275,11,68,25,7,7,3,5,1,8,5,0,0,0,0,0,0,0,60,393,Alone,1,2,1,14,0,1,1,Low Income – Low Spending,Low Income – High Spending
Postgraduate,19485.0,2,0,80,6,0,4,0,0,0,1,1,0,2,7,0,0,0,0,0,0,0,40,10,Alone,2,3,1,3,0,1,2,Low Income – Low Spending,Low Income – Low Spending
Graduate,53172.0,0,1,54,121,62,90,68,20,125,3,2,3,8,3,0,0,0,0,0,0,0,48,486,Partner,1,3,1,13,0,0,3,High Income – High Spending,High Income – Low Spending
Graduate,30545.0,1,0,71,4,12,15,19,7,12,2,2,0,3,7,0,0,0,0,0,0,0,47,69,Partner,1,3,1,5,0,1,2,Low Income – Low Spending,Low Income – Low Spending
Postgraduate,70123.0,0,0,27,1308,0,396,23,0,0,1,5,7,4,3,0,1,0,0,1,0,0,43,1727,Partner,0,2,0,16,2,0,0,High Income – High Spending,High Income – High Spending
Graduate,62450.0,0,1,61,515,47,267,62,66,38,2,5,5,4,3,0,1,0,0,0,0,0,67,995,Alone,1,2,1,14,1,0,3,High Income – High Spending,High Income – Low Spending
Graduate,21675.0,1,0,55,4,0,16,17,4,4,3,4,0,3,7,0,0,0,0,0,0,0,50,45,Partner,1,3,1,7,0,1,2,Low Income – Low Spending,Low Income – Low Spending
Undergraduate,42395.0,1,1,35,48,13,57,24,15,25,4,3,1,4,7,0,0,0,0,0,0,0,45,182,Alone,2,3,1,8,0,1,1,Low Income – Low Spending,Low Income – High Spending
Postgraduate,61346.0,1,0,34,562,58,168,43,16,142,1,5,7,10,3,0,0,0,0,0,0,0,48,989,Partner,1,3,1,22,0,0,0,High Income – High Spending,High Income – High Spending
Graduate,80812.0,0,0,95,769,22,500,210,143,33,1,4,8,5,2,1,0,1,1,0,0,0,73,1677,Partner,0,2,0,17,3,0,0,High Income – High Spending,High Income – High Spending
Postgraduate,42835.0,1,1,64,379,4,93,12,9,98,7,6,6,4,6,0,0,0,0,0,0,0,55,595,Alone,2,3,1,16,0,1,3,Low Income – Low Spending,High Income – Low Spending
Graduate,39922.0,1,0,30,29,12,59,19,1,36,2,3,0,4,8,0,0,0,0,0,0,0,43,156,Partner,1,3,1,7,0,1,2,Low Income – Low Spending,Low Income – Low Spending
Postgraduate,86424.0,0,0,12,387,68,569,89,45,68,1,6,9,12,1,0,0,0,0,0,0,0,70,1226,Alone,0,1,0,27,0,0,0,High Income – High Spending,High Income – High Spending
Undergraduate,17117.0,1,0,96,12,23,38,30,18,7,4,3,1,3,9,0,0,0,0,0,0,0,48,128,Partner,1,3,1,7,0,1,2,Low Income – Low Spending,Low Income – Low Spending
Graduate,24762.0,1,0,16,6,10,12,3,15,40,3,3,1,2,8,1,0,0,0,0,0,1,54,86,Alone,1,2,1,6,2,1,2,Low Income – Low Spending,Low Income – Low Spending
Graduate,35797.0,0,1,16,27,1,14,4,1,21,2,2,0,3,8,0,0,0,0,0,0,0,51,68,Partner,1,3,1,5,0,1,1,Low Income – Low Spending,Low Income – High Spending
Graduate,36627.0,2,0,78,9,1,5,0,0,1,1,0,0,3,5,0,0,0,0,0,0,0,51,16,Alone,2,3,1,3,0,1,2,Low Income – Low Spending,Low Income – Low Spending
Undergraduate,51111.0,1,1,83,22,0,19,6,5,3,2,2,0,3,6,0,0,0,0,0,0,0,45,55,Partner,2,4,1,5,0,1,1,Low Income – Low Spending,Low Income – High Spending
Postgraduate,86857.0,0,0,96,899,102,838,133,102,40,1,5,6,10,2,0,0,0,0,0,0,1,54,2114,Alone,0,1,0,21,1,0,0,High Income – High Spending,High Income – High Spending
Postgraduate,82072.0,0,0,67,889,55,685,168,92,129,1,3,2,13,1,0,0,0,0,0,0,0,56,2018,Partner,0,2,0,18,0,0,0,High Income – High Spending,High Income – High Spending
Postgraduate,46231.0,2,1,87,189,2,55,0,5,12,4,6,1,4,9,0,0,0,0,0,0,0,73,263,Alone,3,4,1,11,0,1,1,Low Income – Low Spending,Low Income – High Spending
Graduate,42243.0,1,1,34,48,0,2,0,0,5,2,2,0,3,7,0,0,0,0,0,0,0,67,55,Partner,2,4,1,5,0,1,1,Low Income – Low Spending,Low Income – High Spending
Graduate,51195.0,1,1,46,230,14,156,82,24,58,8,9,2,5,8,0,0,0,0,0,0,0,64,564,Partner,2,4,1,16,0,1,3,Low Income – Low Spending,High Income – Low Spending
Postgraduate,68092.0,0,0,7,852,60,207,78,36,48,2,2,6,10,5,0,0,0,0,0,0,0,48,1281,Alone,0,1,0,18,0,0,0,High Income – High Spending,High Income – High Spending
Graduate,31814.0,1,0,73,35,3,20,4,1,20,2,2,0,3,9,1,0,0,0,0,0,0,53,83,Partner,1,3,1,5,1,1,2,Low Income – Low Spending,Low Income – Low Spending
Postgraduate,51390.0,1,1,54,205,20,47,23,2,56,6,5,2,5,5,0,0,0,0,0,0,0,61,353,Alone,2,3,1,12,0,1,1,Low Income – Low Spending,Low Income – High Spending
Graduate,76630.0,0,0,93,255,31,446,40,56,175,1,3,10,11,1,0,0,0,0,0,0,0,43,1003,Partner,0,2,0,24,0,0,0,High Income – High Spending,High Income – High Spending
Undergraduate,26868.0,1,0,52,0,0,1,8,3,2,1,1,0,2,7,0,0,0,0,0,0,0,35,14,Alone,1,2,1,3,0,1,2,Low Income – Low Spending,Low Income – Low Spending
Postgraduate,48948.0,0,0,53,437,8,206,160,49,42,2,7,10,5,6,1,0,0,0,0,0,1,83,902,Alone,0,1,0,22,2,0,0,High Income – High Spending,High Income – High Spending
Postgraduate,55260.0,0,1,81,825,8,53,11,0,242,2,8,10,5,6,0,0,0,0,0,0,0,54,1139,Alone,1,2,1,23,0,0,3,High Income – High Spending,High Income – Low Spending
Graduate,64090.0,0,1,8,316,58,161,76,51,135,1,6,9,4,5,0,0,0,0,0,0,1,70,797,Partner,1,3,1,19,1,0,3,High Income – High Spending,High Income – Low Spending
Graduate,78331.0,0,1,97,756,138,354,160,169,61,2,10,6,7,4,0,0,0,0,0,0,0,68,1638,Alone,1,2,1,23,0,0,0,High Income – High Spending,High Income – High Spending
Postgraduate,37087.0,1,0,50,194,55,134,15,0,3,3,4,2,8,6,0,0,0,0,0,0,0,52,401,Partner,1,3,1,14,0,1,2,Low Income – Low Spending,Low Income – Low Spending
Graduate,21846.0,1,0,38,7,17,18,6,10,26,4,4,0,3,8,0,0,0,0,0,0,0,40,84,Alone,1,2,1,7,0,1,2,Low Income – Low Spending,Low Income – Low Spending
Graduate,81320.0,0,0,61,183,33,493,59,103,57,1,4,3,10,2,0,0,0,0,0,0,0,68,928,Partner,0,2,0,17,0,0,0,High Income – High Spending,High Income – High Spending
Graduate,54137.0,0,1,46,171,0,11,0,1,20,2,4,1,4,6,0,0,0,0,0,0,0,56,203,Alone,1,2,1,9,0,1,1,Low Income – Low Spending,Low Income – High Spending
Graduate,66825.0,0,0,73,243,101,405,29,40,40,1,4,5,6,2,0,0,0,0,0,0,0,59,858,Partner,0,2,0,15,0,0,0,High Income – High Spending,High Income – High Spending
Graduate,57100.0,0,0,19,181,21,69,39,3,96,1,3,3,6,3,0,0,0,0,0,0,0,53,409,Partner,0,2,0,12,0,1,2,Low Income – Low Spending,Low Income – Low Spending
Graduate,58917.0,1,2,10,151,7,89,0,7,28,5,4,1,6,5,0,0,0,0,0,0,0,57,282,Partner,3,5,1,11,0,1,1,Low Income – Low Spending,Low Income – High Spending
Graduate,85072.0,0,0,94,494,92,391,194,11,241,1,3,4,10,0,0,0,0,0,0,0,0,49,1423,Alone,0,1,0,17,0,0,0,High Income – High Spending,High Income – High Spending
Graduate,86429.0,0,0,10,464,28,873,29,18,37,0,7,4,7,2,0,0,0,1,0,0,1,65,1449,Alone,0,1,0,18,2,0,0,High Income – High Spending,High Income – High Spending
Graduate,45684.0,1,0,37,5,1,5,10,0,7,1,1,0,2,7,0,0,0,0,0,0,0,55,28,Alone,1,2,1,3,0,1,2,Low Income – Low Spending,Low Income – Low Spending
Graduate,47889.0,1,0,94,29,0,29,0,5,4,1,2,0,3,5,0,0,0,0,0,0,0,52,67,Partner,1,3,1,5,0,1,2,Low Income – Low Spending,Low Income – Low Spending
Postgraduate,45921.0,0,0,23,102,9,49,24,3,12,1,2,1,6,4,0,0,0,0,0,0,0,40,199,Partner,0,2,0,9,0,1,2,Low Income – Low Spending,Low Income – Low Spending
Postgraduate,78420.0,0,0,75,604,28,674,91,28,28,1,3,10,8,1,0,0,0,0,0,0,0,60,1453,Alone,0,1,0,21,0,0,0,High Income – High Spending,High Income – High Spending
Graduate,75114.0,0,0,40,571,12,523,63,60,24,1,3,10,5,2,0,0,0,0,0,0,0,34,1253,Partner,0,2,0,18,0,0,0,High Income – High Spending,High Income – High Spending
Postgraduate,52278.0,0,1,24,953,0,71,0,0,174,6,10,5,10,8,0,0,0,0,0,0,1,63,1198,Alone,1,2,1,25,1,0,3,High Income – High Spending,High Income – Low Spending
Postgraduate,35641.0,1,0,11,63,3,67,8,9,28,2,3,1,4,7,0,0,0,0,0,0,1,54,178,Partner,1,3,1,8,1,1,2,Low Income – Low Spending,Low Income – Low Spending
Graduate,95529.0,0,0,29,770,29,890,250,27,24,1,7,3,7,3,0,0,1,0,0,0,1,32,1990,Alone,0,1,0,17,2,0,0,High Income – High Spending,High Income – High Spending
Graduate,62820.0,0,0,51,398,61,265,138,61,53,1,3,4,6,1,0,0,0,0,0,0,0,72,976,Partner,0,2,0,13,0,0,0,High Income – High Spending,High Income – High Spending
Postgraduate,73113.0,0,0,86,741,19,154,50,9,28,1,3,4,7,2,0,0,0,0,0,0,0,66,1001,Partner,0,2,0,14,0,0,0,High Income – High Spending,High Income – High Spending
Postgraduate,84169.0,0,0,9,1478,19,403,0,19,0,1,7,6,6,3,0,1,1,0,0,0,1,44,1919,Partner,0,2,0,19,3,0,0,High Income – High Spending,High Income – High Spending
Undergraduate,42607.0,0,1,30,156,29,56,30,32,47,2,3,2,7,3,0,0,0,0,0,0,0,72,350,Alone,1,2,1,12,0,1,1,Low Income – Low Spending,Low Income – High Spending
Postgraduate,74637.0,0,0,73,960,64,464,146,0,16,1,6,9,9,3,0,0,0,1,0,0,0,72,1650,Alone,0,1,0,24,1,0,0,High Income – High Spending,High Income – High Spending
Postgraduate,46015.0,1,1,25,38,0,2,0,0,6,1,1,0,3,7,1,0,0,0,1,0,0,71,46,Partner,2,4,1,4,2,1,1,Low Income – Low Spending,Low Income – High Spending
Graduate,72354.0,0,0,67,315,26,473,220,12,182,1,2,10,6,1,0,0,0,0,0,0,0,33,1228,Alone,0,1,0,18,0,0,0,High Income – High Spending,High Income – High Spending
Postgraduate,39858.0,1,0,67,15,20,25,2,7,26,1,2,0,4,6,0,0,0,0,0,0,1,57,95,Alone,1,2,1,6,1,1,2,Low Income – Low Spending,Low Income – Low Spending
Postgraduate,34469.0,1,1,58,19,6,20,0,5,12,3,1,1,4,4,0,0,0,0,0,0,0,78,62,Partner,2,4,1,6,0,1,1,Low Income – Low Spending,Low Income – High Spending
Graduate,83033.0,1,0,82,812,99,431,237,149,33,1,11,4,10,5,0,0,0,1,0,0,0,40,1761,Partner,1,3,1,25,1,0,0,High Income – High Spending,High Income – High Spending
Postgraduate,24401.0,0,0,98,73,28,217,10,24,115,3,6,1,6,8,0,0,0,0,0,0,0,47,467,Partner,0,2,0,13,0,1,2,Low Income – Low Spending,Low Income – Low Spending
Graduate,77583.0,0,0,93,372,23,384,250,12,108,1,4,5,9,2,0,0,0,1,0,0,0,48,1149,Partner,0,2,0,18,1,0,0,High Income – High Spending,High Income – High Spending
Undergraduate,74116.0,0,0,53,871,111,704,145,55,166,1,4,4,10,2,0,1,0,0,0,0,0,44,2052,Alone,0,1,0,18,1,0,0,High Income – High Spending,High Income – High Spending
Graduate,74293.0,0,0,66,375,152,335,93,91,81,1,5,4,6,2,0,0,0,0,0,0,0,33,1127,Alone,0,1,0,15,0,0,0,High Income – High Spending,High Income – High Spending
Postgraduate,68397.0,0,1,6,760,80,466,17,13,80,1,6,9,5,3,0,0,0,0,0,0,0,50,1416,Partner,1,3,1,20,0,0,0,High Income – High Spending,High Income – High Spending
Postgraduate,79632.0,0,0,42,471,0,510,99,21,12,1,6,4,9,2,0,0,0,0,0,0,0,52,1113,Partner,0,2,0,19,0,0,0,High Income – High Spending,High Income – High Spending
Graduate,46107.0,1,0,78,31,9,27,16,9,33,1,1,1,4,3,0,0,0,0,0,0,0,37,125,Alone,1,2,1,6,0,1,2,Low Income – Low Spending,Low Income – Low Spending
Postgraduate,64950.0,0,1,29,819,0,72,12,0,63,2,11,2,10,7,0,1,0,0,0,0,0,75,966,Alone,1,2,1,23,1,0,3,High Income – High Spending,High Income – Low Spending
Undergraduate,25443.0,1,0,82,1,4,3,8,9,7,1,1,0,3,8,0,0,0,0,0,0,0,37,32,Partner,1,3,1,4,0,1,2,Low Income – Low Spending,Low Income – Low Spending
Graduate,75127.0,0,0,92,203,35,305,46,17,227,1,2,11,5,1,0,0,0,0,0,0,0,74,833,Alone,0,1,0,18,0,0,0,High Income – High Spending,High Income – High Spending
Postgraduate,32892.0,1,0,78,26,0,15,2,1,2,2,3,0,3,8,0,0,0,0,0,0,0,55,46,Partner,1,3,1,6,0,1,2,Low Income – Low Spending,Low Income – Low Spending
Graduate,71796.0,0,0,54,354,21,311,167,75,32,1,9,3,4,4,0,0,0,0,0,0,0,55,960,Partner,0,2,0,16,0,0,0,High Income – High Spending,High Income – High Spending
Postgraduate,67536.0,0,1,45,1253,0,447,23,71,35,3,11,5,11,8,0,0,0,1,0,0,0,56,1829,Partner,1,3,1,27,1,0,3,High Income – High Spending,High Income – Low Spending
Graduate,55239.0,0,1,59,371,17,238,23,24,106,3,7,5,11,5,0,0,0,0,0,0,0,55,779,Alone,1,2,1,23,0,0,3,High Income – High Spending,High Income – Low Spending
Postgraduate,60554.0,1,0,8,588,7,76,110,15,15,2,8,4,9,6,0,0,0,0,0,0,0,51,811,Alone,1,2,1,21,0,0,3,High Income – High Spending,High Income – Low Spending
Undergraduate,64831.0,1,1,51,480,86,249,75,86,144,8,6,3,5,6,0,0,0,0,0,0,0,74,1120,Alone,2,3,1,14,0,0,3,High Income – High Spending,High Income – Low Spending
Postgraduate,56067.0,0,1,51,517,12,54,16,6,120,2,7,4,7,5,0,0,0,0,0,0,0,64,725,Partner,1,3,1,18,0,0,3,High Income – High Spending,High Income – Low Spending
Graduate,82025.0,0,0,76,267,98,606,48,70,98,1,3,2,6,1,0,0,1,0,0,0,1,43,1187,Alone,0,1,0,11,2,0,0,High Income – High Spending,High Income – High Spending
Graduate,94384.0,0,0,62,1111,24,790,160,45,172,0,5,8,5,2,0,1,1,1,0,0,1,73,2302,Partner,0,2,0,18,4,0,0,High Income – High Spending,High Income – High Spending
Undergraduate,14906.0,0,0,86,7,7,14,7,16,15,3,2,1,3,7,0,0,0,0,0,0,0,40,66,Alone,0,1,0,6,0,1,2,Low Income – Low Spending,Low Income – Low Spending
Postgraduate,51563.0,0,0,60,1166,0,48,0,0,36,1,4,4,10,8,0,1,1,0,0,0,0,39,1250,Partner,0,2,0,18,2,0,3,High Income – High Spending,High Income – Low Spending
Undergraduate,57937.0,0,1,56,261,42,144,55,48,133,3,4,4,9,3,0,0,0,0,0,0,0,44,683,Partner,1,3,1,17,0,0,3,High Income – High Spending,High Income – Low Spending
Graduate,68274.0,1,1,83,135,25,51,23,25,46,2,4,2,5,3,0,0,0,0,0,0,0,47,305,Alone,2,3,1,11,0,1,1,Low Income – Low Spending,Low Income – High Spending
Graduate,39771.0,1,0,92,6,2,18,2,8,14,1,2,0,3,4,0,0,0,0,0,0,0,49,50,Partner,1,3,1,5,0,1,2,Low Income – Low Spending,Low Income – Low Spending
Undergraduate,67893.0,0,1,31,711,28,142,49,18,47,2,3,2,9,8,0,0,0,0,0,0,0,51,995,Alone,1,2,1,14,0,0,3,High Income – High Spending,High Income – Low Spending
Postgraduate,27922.0,1,0,80,11,0,13,2,4,11,1,2,0,3,4,0,0,0,0,0,0,0,47,41,Partner,1,3,1,5,0,1,2,Low Income – Low Spending,Low Income – Low Spending
Postgraduate,52190.0,1,1,39,42,0,17,0,0,18,3,2,1,3,5,1,0,0,0,0,0,0,50,77,Partner,2,4,1,6,1,1,1,Low Income – Low Spending,Low Income – High Spending
Postgraduate,44051.0,1,1,20,79,7,58,6,3,18,4,3,1,4,6,0,0,0,0,0,0,1,53,171,Alone,2,3,1,8,1,1,1,Low Income – Low Spending,Low Income – High Spending
Postgraduate,42767.0,2,0,53,20,6,43,19,5,38,1,3,1,2,8,0,0,0,0,0,0,0,55,131,Alone,2,3,1,6,0,1,2,Low Income – Low Spending,Low Income – Low Spending
Postgraduate,46106.0,1,1,84,30,0,8,2,0,14,1,1,1,2,6,0,0,0,0,0,0,0,50,54,Partner,2,4,1,4,0,1,1,Low Income – Low Spending,Low Income – High Spending
Postgraduate,16927.0,1,1,50,20,2,23,3,1,4,5,3,0,4,8,0,0,0,0,0,0,0,50,53,Partner,2,4,1,7,0,1,1,Low Income – Low Spending,Low Income – High Spending
Graduate,59754.0,0,1,96,115,27,44,4,146,139,3,5,2,6,5,0,0,0,0,0,0,1,61,475,Partner,1,3,1,13,1,0,3,High Income – High Spending,High Income – Low Spending
Graduate,53700.0,0,1,94,263,5,233,69,41,83,4,5,5,8,5,0,0,0,0,0,0,0,74,694,Alone,1,2,1,18,0,0,3,High Income – High Spending,High Income – Low Spending
Graduate,59041.0,1,1,25,69,2,15,2,2,6,2,2,0,4,5,0,0,0,0,0,0,0,53,96,Partner,2,4,1,6,0,1,1,Low Income – Low Spending,Low Income – High Spending
Postgraduate,54237.0,0,1,48,267,3,30,4,0,57,4,5,2,5,6,0,0,0,0,0,0,0,69,361,Alone,1,2,1,12,0,1,1,Low Income – Low Spending,Low Income – High Spending
Graduate,70647.0,0,1,65,561,85,171,25,123,114,2,4,7,13,2,0,0,0,0,0,0,0,59,1079,Alone,1,2,1,24,0,0,0,High Income – High Spending,High Income – High Spending
Postgraduate,52597.0,0,1,69,492,0,37,7,0,42,3,6,3,8,5,0,0,0,0,0,0,0,64,578,Alone,1,2,1,17,0,1,3,Low Income – Low Spending,High Income – Low Spending
Postgraduate,41021.0,1,0,12,14,7,9,6,16,12,2,2,0,3,6,0,0,0,0,0,0,1,57,64,Partner,1,3,1,5,1,1,2,Low Income – Low Spending,Low Income – Low Spending
Postgraduate,40233.0,0,1,84,80,4,46,0,17,2,5,2,1,5,6,0,0,0,0,0,0,0,51,149,Partner,1,3,1,8,0,1,1,Low Income – Low Spending,Low Income – High Spending
Graduate,50183.0,1,1,47,97,12,84,13,10,15,7,3,1,6,5,0,0,0,0,0,0,0,46,231,Partner,2,4,1,10,0,1,1,Low Income – Low Spending,Low Income – High Spending
Graduate,54753.0,0,1,87,197,107,227,7,59,131,3,5,2,11,4,0,0,0,0,0,0,0,67,728,Partner,1,3,1,18,0,0,3,High Income – High Spending,High Income – Low Spending
Graduate,92955.0,0,0,35,693,21,925,31,24,84,1,6,7,9,2,0,0,1,1,0,0,1,53,1778,Partner,0,2,0,22,3,0,0,High Income – High Spending,High Income – High Spending
Graduate,33471.0,1,0,47,43,2,27,0,9,12,3,3,0,4,7,0,0,0,0,0,0,0,53,93,Partner,1,3,1,7,0,1,2,Low Income – Low Spending,Low Income – Low Spending
Postgraduate,34596.0,1,0,48,14,0,2,0,0,7,1,1,0,2,8,0,0,0,0,0,0,1,52,23,Partner,1,3,1,3,1,1,2,Low Income – Low Spending,Low Income – Low Spending
Graduate,44010.0,1,0,46,186,36,234,86,72,48,6,10,2,6,9,0,0,0,0,0,0,0,46,662,Partner,1,3,1,18,0,1,3,Low Income – Low Spending,High Income – Low Spending
Graduate,84219.0,0,0,27,434,137,400,45,137,45,1,3,4,10,1,0,0,0,0,0,0,0,38,1198,Partner,0,2,0,17,0,0,0,High Income – High Spending,High Income – High Spending
Postgraduate,40706.0,2,1,37,59,0,11,4,2,5,4,3,0,4,7,0,0,0,0,0,0,0,58,81,Partner,3,5,1,7,0,1,1,Low Income – Low Spending,Low Income – High Spending
Undergraduate,15716.0,1,0,8,16,5,30,8,7,26,3,3,0,4,8,0,0,0,0,0,1,0,38,92,Partner,1,3,1,7,0,1,2,Low Income – Low Spending,Low Income – Low Spending
Undergraduate,59052.0,0,1,29,230,35,75,63,57,31,3,7,1,7,5,0,0,0,0,0,0,0,67,491,Alone,1,2,1,15,0,1,3,Low Income – Low Spending,High Income – Low Spending
Postgraduate,80573.0,0,0,85,829,138,430,60,92,15,1,4,6,13,2,0,0,0,0,0,0,0,55,1564,Partner,0,2,0,23,0,0,0,High Income – High Spending,High Income – High Spending
Graduate,83715.0,0,0,2,318,8,407,150,35,8,1,2,8,13,0,0,0,0,0,0,0,0,64,926,Partner,0,2,0,23,0,0,0,High Income – High Spending,High Income – High Spending
Postgraduate,82576.0,0,0,66,1206,55,445,168,18,18,1,2,4,12,1,0,0,1,0,0,0,0,67,1910,Partner,0,2,0,18,1,0,0,High Income – High Spending,High Income – High Spending
Postgraduate,56962.0,2,1,60,292,3,77,10,3,26,7,6,3,5,7,0,0,0,0,0,0,0,61,411,Partner,3,5,1,14,0,1,1,Low Income – Low Spending,Low Income – High Spending
Graduate,35704.0,1,1,54,30,9,12,2,11,30,3,2,0,4,4,0,0,0,0,0,0,0,74,94,Partner,2,4,1,6,0,1,1,Low Income – Low Spending,Low Income – High Spending
Graduate,53103.0,0,1,70,729,17,133,11,0,195,5,10,6,7,7,1,0,0,0,0,0,0,72,1085,Partner,1,3,1,23,1,0,3,High Income – High Spending,High Income – Low Spending
Undergraduate,46779.0,1,1,55,12,1,3,0,0,7,1,0,1,2,4,0,0,0,0,0,0,0,66,23,Alone,2,3,1,3,0,1,1,Low Income – Low Spending,Low Income – High Spending
Graduate,4861.0,0,0,20,2,1,1,1,0,1,0,0,0,0,14,0,0,0,0,0,0,0,61,6,Alone,0,1,0,0,0,1,2,Low Income – Low Spending,Low Income – Low Spending
Postgraduate,33462.0,1,0,78,22,3,18,0,0,11,1,2,0,3,7,0,0,0,0,0,0,0,47,54,Alone,1,2,1,5,0,1,2,Low Income – Low Spending,Low Income – Low Spending
Graduate,63693.0,0,1,63,587,43,337,42,87,54,3,11,6,9,6,0,0,0,0,0,0,0,48,1150,Alone,1,2,1,26,0,0,3,High Income – High Spending,High Income – Low Spending
Graduate,80763.0,0,0,17,674,168,108,192,42,231,1,5,11,6,3,0,0,1,1,0,0,1,76,1415,Partner,0,2,0,22,3,0,0,High Income – High Spending,High Income – High Spending
Postgraduate,65352.0,0,1,43,284,3,84,4,7,23,2,4,2,8,4,0,0,0,0,0,0,0,52,405,Partner,1,3,1,14,0,1,3,Low Income – Low Spending,High Income – Low Spending
Postgraduate,82170.0,0,0,13,1023,93,651,49,55,37,1,5,6,7,2,0,0,0,0,0,0,0,48,1908,Partner,0,2,0,18,0,0,0,High Income – High Spending,High Income – High Spending
Graduate,75759.0,0,0,46,1394,22,708,89,91,182,1,9,7,9,5,1,0,1,1,0,0,1,57,2486,Partner,0,2,0,25,4,0,0,High Income – High Spending,High Income – High Spending
Undergraduate,79689.0,0,0,65,311,26,640,180,37,121,1,4,9,13,2,0,0,0,0,0,0,0,50,1315,Alone,0,1,0,26,0,0,0,High Income – High Spending,High Income – High Spending
Postgraduate,35340.0,1,1,1,27,0,12,0,1,5,2,2,0,3,5,0,0,0,0,0,0,0,70,45,Alone,2,3,1,5,0,1,1,Low Income – Low Spending,Low Income – High Spending
Graduate,85683.0,0,0,6,1296,17,311,45,69,51,1,2,4,10,1,0,1,1,1,1,0,1,72,1789,Alone,0,1,0,16,5,0,0,High Income – High Spending,High Income – High Spending
Undergraduate,24884.0,1,0,32,3,6,7,0,0,3,1,0,0,3,7,0,0,0,0,0,0,0,54,19,Partner,1,3,1,3,0,1,2,Low Income – Low Spending,Low Income – Low Spending
Postgraduate,42021.0,1,0,34,393,5,136,7,5,27,5,10,1,6,9,1,0,0,0,0,0,0,45,573,Partner,1,3,1,17,1,1,3,Low Income – Low Spending,High Income – Low Spending
Graduate,64449.0,1,0,70,218,63,282,137,35,70,4,5,3,12,4,0,0,0,0,0,0,0,37,805,Alone,1,2,1,20,0,0,3,High Income – High Spending,High Income – Low Spending
Graduate,64587.0,1,1,49,66,0,16,0,6,20,2,1,1,4,3,0,0,0,0,0,0,0,72,108,Alone,2,3,1,6,0,1,1,Low Income – Low Spending,Low Income – High Spending
Graduate,34824.0,0,0,65,4,2,11,2,0,4,1,1,0,2,6,0,0,0,0,0,0,0,31,23,Alone,0,1,0,3,0,1,2,Low Income – Low Spending,Low Income – Low Spending
Graduate,75437.0,0,0,25,795,0,545,95,58,0,1,8,4,10,6,0,0,0,1,0,0,0,48,1493,Partner,0,2,0,22,1,0,0,High Income – High Spending,High Income – High Spending
Graduate,26091.0,1,1,84,15,10,19,8,17,20,3,2,1,3,5,0,0,0,0,0,0,0,69,89,Partner,2,4,1,6,0,1,1,Low Income – Low Spending,Low Income – High Spending
Graduate,52845.0,1,0,7,384,25,292,130,41,64,3,8,8,6,6,1,0,0,0,0,0,0,53,936,Partner,1,3,1,22,1,0,3,High Income – High Spending,High Income – Low Spending
Graduate,46086.0,0,1,34,244,8,32,7,2,50,4,3,1,8,4,0,0,0,0,0,0,0,70,343,Alone,1,2,1,12,0,1,1,Low Income – Low Spending,Low Income – High Spending
Postgraduate,78028.0,0,1,38,158,19,288,25,0,38,1,6,4,9,7,0,1,1,0,0,0,1,70,528,Alone,1,2,1,19,3,0,3,High Income – High Spending,High Income – Low Spending
Postgraduate,95169.0,0,0,1,1285,21,449,106,20,20,1,4,3,4,1,0,0,1,1,0,0,1,39,1901,Alone,0,1,0,11,3,0,0,High Income – High Spending,High Income – High Spending
Undergraduate,56337.0,1,1,25,349,16,144,28,5,182,5,8,5,4,8,1,0,0,1,0,0,1,45,724,Partner,2,4,1,17,3,1,3,Low Income – Low Spending,High Income – Low Spending
Graduate,22434.0,1,0,25,4,12,11,3,13,15,2,2,0,3,8,0,0,0,0,0,0,0,39,58,Partner,1,3,1,5,0,1,2,Low Income – Low Spending,Low Income – Low Spending
Postgraduate,36930.0,0,1,50,223,2,31,0,2,39,5,5,2,4,8,0,0,0,0,0,0,0,72,297,Partner,1,3,1,11,0,1,1,Low Income – Low Spending,Low Income – High Spending
Graduate,36130.0,0,1,46,157,43,127,68,56,37,6,3,8,4,4,1,0,0,0,0,0,1,72,488,Alone,1,2,1,15,2,0,3,High Income – High Spending,High Income – Low Spending
Postgraduate,65569.0,0,1,96,397,46,288,20,38,70,2,6,5,10,3,0,0,0,0,0,0,0,73,859,Partner,1,3,1,21,0,0,3,High Income – High Spending,High Income – Low Spending
Graduate,83844.0,0,0,57,901,31,345,75,31,191,1,4,4,11,1,0,0,1,0,0,0,0,74,1574,Partner,0,2,0,19,1,0,0,High Income – High Spending,High Income – High Spending
Graduate,19514.0,1,1,47,14,3,21,2,1,28,4,3,1,2,8,1,0,0,0,0,0,0,58,69,Partner,2,4,1,6,1,1,1,Low Income – Low Spending,Low Income – High Spending
Postgraduate,36736.0,1,1,52,10,0,3,0,0,4,1,1,0,2,6,0,0,0,0,0,0,0,63,17,Alone,2,3,1,3,0,1,1,Low Income – Low Spending,Low Income – High Spending
Graduate,77568.0,0,1,30,1230,0,396,232,178,158,1,10,2,8,5,0,1,1,1,0,0,0,47,2194,Partner,1,3,1,20,3,0,0,High Income – High Spending,High Income – High Spending
Postgraduate,49187.0,0,1,63,81,1,31,2,1,0,1,1,1,5,2,0,0,0,0,0,0,0,50,116,Partner,1,3,1,7,0,1,1,Low Income – Low Spending,Low Income – High Spending
Graduate,30168.0,1,0,51,154,20,66,0,12,27,7,6,1,4,9,0,0,0,0,0,0,0,48,279,Alone,1,2,1,11,0,1,2,Low Income – Low Spending,Low Income – Low Spending
Postgraduate,34053.0,0,1,14,63,0,21,7,0,12,1,3,0,3,8,0,0,0,0,0,0,0,58,103,Partner,1,3,1,6,0,1,1,Low Income – Low Spending,Low Income – High Spending
Postgraduate,38196.0,1,1,20,30,0,11,0,0,3,3,2,0,4,5,0,0,0,0,0,0,0,55,44,Partner,2,4,1,6,0,1,1,Low Income – Low Spending,Low Income – High Spending
Postgraduate,59412.0,0,0,56,90,67,165,30,43,11,1,4,2,8,3,0,0,0,0,0,0,0,75,406,Partner,0,2,0,14,0,0,0,High Income – High Spending,High Income – High Spending
Undergraduate,70924.0,0,0,41,635,114,254,132,152,76,1,6,6,7,3,0,0,1,0,0,0,0,61,1363,Partner,0,2,0,19,1,0,0,High Income – High Spending,High Income – High Spending
Graduate,54165.0,0,0,72,127,4,73,15,6,11,1,2,1,7,2,0,0,0,0,0,0,0,57,236,Partner,0,2,0,10,0,1,2,Low Income – Low Spending,Low Income – Low Spending
Graduate,32300.0,1,0,1,13,3,6,6,5,6,1,1,0,3,8,0,0,0,0,0,0,0,53,39,Partner,1,3,1,4,0,1,2,Low Income – Low Spending,Low Income – Low Spending
Graduate,20180.0,0,0,27,18,42,24,15,20,18,1,2,1,4,7,0,0,0,0,0,0,0,50,137,Alone,0,1,0,7,0,1,2,Low Income – Low Spending,Low Income – Low Spending
Graduate,34961.0,1,0,77,45,2,26,4,1,1,3,3,1,3,7,0,0,0,0,0,0,0,53,79,Partner,1,3,1,7,0,1,2,Low Income – Low Spending,Low Income – Low Spending
Postgraduate,28440.0,1,0,87,38,1,24,0,0,0,1,2,0,3,8,0,0,0,0,0,0,0,52,63,Partner,1,3,1,5,0,1,2,Low Income – Low Spending,Low Income – Low Spending
Postgraduate,64504.0,1,2,81,986,36,168,16,0,108,7,11,3,4,7,0,0,0,0,0,0,1,73,1314,Partner,3,5,1,18,1,1,3,Low Income – Low Spending,High Income – Low Spending
Postgraduate,33564.0,0,1,51,61,0,3,0,0,7,1,1,1,3,5,0,0,0,0,0,0,0,60,71,Partner,1,3,1,5,0,1,1,Low Income – Low Spending,Low Income – High Spending
Graduate,17345.0,1,0,79,4,9,16,17,0,12,2,2,1,2,8,0,0,0,0,0,0,0,48,58,Partner,1,3,1,5,0,1,2,Low Income – Low Spending,Low Income – Low Spending
Postgraduate,56320.0,0,1,11,201,53,172,116,77,83,3,5,4,9,4,0,0,0,0,0,0,0,59,702,Partner,1,3,1,18,0,0,3,High Income – High Spending,High Income – Low Spending
Graduate,28647.0,1,0,54,19,8,29,0,12,26,1,2,2,2,7,1,0,0,0,0,0,1,48,94,Alone,1,2,1,6,2,1,2,Low Income – Low Spending,Low Income – Low Spending
Undergraduate,15038.0,1,0,93,4,8,11,19,12,26,2,2,1,2,9,0,0,0,0,0,0,0,39,80,Alone,1,2,1,5,0,1,2,Low Income – Low Spending,Low Income – Low Spending
Postgraduate,32173.0,0,1,0,18,0,2,0,0,2,1,1,0,3,4,0,0,0,0,0,0,0,68,22,Alone,1,2,1,4,0,1,1,Low Income – Low Spending,Low Income – High Spending
Undergraduate,68316.0,0,1,54,806,80,161,120,11,33,5,10,7,10,6,0,0,0,0,0,0,0,62,1211,Partner,1,3,1,27,0,0,3,High Income – High Spending,High Income – Low Spending
Graduate,74538.0,0,0,21,380,98,733,110,112,28,1,8,8,5,3,0,0,1,0,0,0,1,55,1461,Partner,0,2,0,21,2,0,0,High Income – High Spending,High Income – High Spending
Graduate,91700.0,0,0,58,576,172,961,125,115,19,1,8,6,5,3,0,0,0,0,0,0,1,55,1968,Alone,0,1,0,19,1,0,0,High Income – High Spending,High Income – High Spending
Graduate,68695.0,0,0,3,458,81,356,106,50,40,1,4,4,7,2,0,0,0,0,0,0,0,57,1091,Partner,0,2,0,15,0,0,0,High Income – High Spending,High Income – High Spending
Undergraduate,31056.0,1,0,99,5,10,13,3,8,16,1,1,0,3,8,0,0,0,0,0,0,0,49,55,Partner,1,3,1,4,0,1,2,Low Income – Low Spending,Low Income – Low Spending
Graduate,79593.0,0,0,70,350,60,568,110,133,145,1,5,6,7,2,0,0,1,0,0,0,0,53,1366,Partner,0,2,0,18,1,0,0,High Income – High Spending,High Income – High Spending
Graduate,28071.0,0,0,65,39,33,130,41,26,44,2,5,1,5,8,0,0,0,0,0,0,0,46,313,Alone,0,1,0,11,0,1,2,Low Income – Low Spending,Low Income – Low Spending
Postgraduate,37334.0,1,1,44,26,1,16,2,2,15,4,3,0,4,4,0,0,0,0,0,0,0,68,62,Partner,2,4,1,7,0,1,1,Low Income – Low Spending,Low Income – High Spending
Postgraduate,46423.0,1,1,6,68,0,16,0,0,8,3,2,0,4,7,0,0,0,0,0,0,0,54,92,Alone,2,3,1,6,0,1,1,Low Income – Low Spending,Low Income – High Spending
Postgraduate,37126.0,1,0,9,45,3,9,4,4,7,1,1,2,2,6,1,0,0,0,0,0,1,55,72,Partner,1,3,1,5,2,1,2,Low Income – Low Spending,Low Income – Low Spending
Graduate,47703.0,0,1,95,359,0,134,13,26,123,4,6,3,8,5,0,0,0,0,0,0,0,73,655,Partner,1,3,1,17,0,0,3,High Income – High Spending,High Income – Low Spending
Graduate,61180.0,0,1,70,403,24,29,6,24,218,2,5,5,6,3,1,0,0,0,0,0,0,67,704,Partner,1,3,1,16,1,0,3,High Income – High Spending,High Income – Low Spending
Graduate,38998.0,1,1,92,34,1,14,0,0,5,3,2,0,3,8,0,0,0,0,0,1,0,72,54,Partner,2,4,1,5,0,1,1,Low Income – Low Spending,Low Income – High Spending
Graduate,8028.0,0,0,62,73,18,66,7,12,2,15,0,1,0,19,0,0,0,0,0,0,0,35,178,Alone,0,1,0,1,0,1,2,Low Income – Low Spending,Low Income – Low Spending
Graduate,76081.0,0,0,85,292,30,415,63,33,200,1,4,5,4,2,0,0,0,1,0,0,0,64,1033,Partner,0,2,0,13,1,0,0,High Income – High Spending,High Income – High Spending
Graduate,34728.0,1,0,2,14,0,16,0,0,6,1,1,1,2,6,0,0,0,0,0,0,1,40,36,Partner,1,3,1,4,1,1,2,Low Income – Low Spending,Low Income – Low Spending
Postgraduate,33168.0,0,1,0,80,1,37,0,1,3,3,2,1,4,7,0,0,0,0,0,0,0,61,122,Alone,1,2,1,7,0,1,1,Low Income – Low Spending,Low Income – High Spending
Postgraduate,33585.0,0,1,91,30,11,33,13,6,29,1,2,0,4,4,0,0,0,0,0,0,0,60,122,Partner,1,3,1,6,0,1,1,Low Income – Low Spending,Low Income – High Spending
Postgraduate,77037.0,0,1,3,463,96,333,168,53,10,1,7,7,12,3,0,0,0,0,0,0,0,66,1123,Partner,1,3,1,26,0,0,0,High Income – High Spending,High Income – High Spending
Graduate,35196.0,1,0,68,75,12,141,43,39,187,6,6,1,5,8,0,0,0,0,0,0,1,42,497,Partner,1,3,1,12,1,1,2,Low Income – Low Spending,Low Income – Low Spending
Graduate,44529.0,0,1,98,538,13,91,17,6,26,6,6,2,11,5,0,1,0,0,0,0,0,60,691,Partner,1,3,1,19,1,1,3,Low Income – Low Spending,High Income – Low Spending
Undergraduate,70924.0,0,0,41,635,114,254,132,152,76,1,6,6,7,3,0,0,1,0,0,0,0,61,1363,Partner,0,2,0,19,1,0,0,High Income – High Spending,High Income – High Spending
Postgraduate,28764.0,1,1,16,8,0,3,0,0,1,1,1,0,2,8,1,0,0,0,0,0,0,60,12,Partner,2,4,1,3,1,1,1,Low Income – Low Spending,Low Income – High Spending
Postgraduate,69098.0,0,0,82,1315,22,780,145,0,178,1,7,8,9,5,0,0,0,0,0,0,0,77,2440,Partner,0,2,0,24,0,0,0,High Income – High Spending,High Income – High Spending
Undergraduate,25959.0,1,1,1,4,2,12,7,5,26,2,1,2,2,6,0,0,0,0,0,0,1,56,56,Alone,2,3,1,5,1,1,1,Low Income – Low Spending,Low Income – High Spending
Postgraduate,27100.0,1,0,64,12,0,13,2,0,10,1,1,0,3,7,0,0,0,0,0,0,0,43,37,Partner,1,3,1,4,0,1,2,Low Income – Low Spending,Low Income – Low Spending
Graduate,70596.0,0,0,68,347,44,534,17,0,26,1,3,5,12,2,0,0,0,0,0,0,0,41,968,Alone,0,1,0,20,0,0,0,High Income – High Spending,High Income – High Spending
Graduate,42557.0,0,1,98,192,5,53,0,5,15,4,6,1,4,8,0,0,0,0,0,0,0,52,270,Partner,1,3,1,11,0,1,1,Low Income – Low Spending,Low Income – High Spending
Postgraduate,53312.0,0,0,32,241,0,12,0,0,25,1,5,1,5,7,0,0,0,0,0,0,0,75,278,Partner,0,2,0,11,0,1,1,Low Income – Low Spending,Low Income – High Spending
Graduate,72228.0,0,0,87,631,28,491,30,14,56,1,6,7,8,3,0,0,0,0,0,0,0,74,1250,Alone,0,1,0,21,0,0,0,High Income – High Spending,High Income – High Spending
Graduate,67605.0,0,0,84,336,28,282,184,54,54,1,2,8,6,1,0,0,0,0,0,0,0,39,938,Partner,0,2,0,16,0,0,0,High Income – High Spending,High Income – High Spending
Postgraduate,62845.0,1,1,3,1099,0,45,0,0,34,11,3,4,10,8,0,1,0,0,0,0,0,77,1178,Partner,2,4,1,17,1,1,3,Low Income – Low Spending,High Income – Low Spending
Graduate,65196.0,0,2,34,743,19,181,12,0,200,2,7,6,11,5,1,0,0,0,0,0,0,68,1155,Partner,2,4,1,24,1,0,3,High Income – High Spending,High Income – Low Spending
Postgraduate,42000.0,0,0,23,124,83,267,85,59,35,2,5,2,11,5,0,0,0,0,0,0,1,39,653,Alone,0,1,0,18,1,0,0,High Income – High Spending,High Income – High Spending
Postgraduate,35860.0,1,1,37,15,0,8,4,2,20,2,1,1,2,5,1,0,0,0,0,0,0,53,49,Alone,2,3,1,4,1,1,1,Low Income – Low Spending,Low Income – High Spending
Postgraduate,65526.0,0,1,22,397,19,69,12,0,9,1,4,4,8,2,0,0,0,0,0,0,0,62,506,Partner,1,3,1,16,0,1,3,Low Income – Low Spending,High Income – Low Spending
Graduate,16860.0,1,1,19,10,4,4,3,3,14,3,1,1,3,7,0,0,0,0,0,0,0,65,38,Partner,2,4,1,5,0,1,1,Low Income – Low Spending,Low Income – High Spending
Graduate,83528.0,0,0,7,530,117,678,134,44,147,1,4,10,8,1,1,0,0,1,0,0,1,34,1650,Alone,0,1,0,22,3,0,0,High Income – High Spending,High Income – High Spending
Undergraduate,64176.0,0,1,52,1215,33,249,64,116,149,8,8,9,8,6,0,0,0,0,0,0,0,61,1826,Alone,1,2,1,25,0,0,3,High Income – High Spending,High Income – Low Spending
Graduate,22304.0,0,0,91,3,2,7,0,4,2,1,1,0,2,8,0,0,0,0,0,0,0,70,18,Alone,0,1,0,3,0,1,2,Low Income – Low Spending,Low Income – Low Spending
Graduate,67023.0,0,0,93,444,44,382,11,8,17,1,3,7,13,2,0,0,0,0,0,1,0,48,906,Partner,0,2,0,23,0,0,0,High Income – High Spending,High Income – High Spending
Postgraduate,32892.0,1,0,78,26,0,15,2,1,2,2,3,0,3,8,0,0,0,0,0,0,0,55,46,Partner,1,3,1,6,0,1,2,Low Income – Low Spending,Low Income – Low Spending
Graduate,70713.0,0,1,23,736,114,279,82,76,190,6,5,6,8,3,0,0,0,0,0,0,0,60,1477,Partner,1,3,1,19,0,0,3,High Income – High Spending,High Income – Low Spending
Graduate,59925.0,0,1,83,473,21,176,19,21,56,3,9,2,9,6,0,0,0,0,0,0,0,71,766,Partner,1,3,1,20,0,0,3,High Income – High Spending,High Income – Low Spending
Graduate,39722.0,0,1,92,32,0,5,2,0,8,2,2,0,3,5,0,0,0,0,0,0,0,73,47,Partner,1,3,1,5,0,1,1,Low Income – Low Spending,Low Income – High Spending
Graduate,46610.0,0,0,4,288,10,30,4,10,125,1,6,1,6,6,0,0,0,0,0,0,0,68,467,Partner,0,2,0,13,0,1,3,Low Income – Low Spending,High Income – Low Spending
Graduate,88347.0,0,0,32,1050,178,555,77,138,118,1,4,7,9,1,0,0,0,1,0,0,0,65,2116,Partner,0,2,0,20,1,0,0,High Income – High Spending,High Income – High Spending
Postgraduate,87171.0,0,0,27,1001,44,107,58,44,44,1,6,7,11,2,1,0,1,0,0,0,0,45,1298,Partner,0,2,0,24,2,0,0,High Income – High Spending,High Income – High Spending
Undergraduate,26907.0,1,1,10,9,1,7,0,3,2,2,1,0,3,7,0,0,0,0,0,0,0,50,22,Partner,2,4,1,4,0,1,1,Low Income – Low Spending,Low Income – High Spending
Postgraduate,50014.0,1,0,9,234,14,77,19,10,42,2,4,1,8,5,0,0,0,0,0,0,0,58,396,Alone,1,2,1,13,0,1,2,Low Income – Low Spending,Low Income – Low Spending
Postgraduate,41014.0,1,0,65,7,2,6,2,0,3,1,1,0,2,7,0,0,0,0,0,0,0,48,20,Partner,1,3,1,3,0,1,2,Low Income – Low Spending,Low Income – Low Spending
Graduate,66294.0,0,0,68,251,108,334,65,92,117,1,4,3,5,2,0,0,0,0,0,0,0,61,967,Alone,0,1,0,12,0,0,0,High Income – High Spending,High Income – High Spending
Graduate,36715.0,1,0,16,172,10,125,21,13,16,6,7,2,4,9,0,0,0,0,0,0,1,55,357,Partner,1,3,1,13,1,1,2,Low Income – Low Spending,Low Income – Low Spending
Graduate,79456.0,0,0,12,565,42,548,64,83,99,1,5,6,4,3,0,0,0,0,0,0,1,70,1401,Partner,0,2,0,15,1,0,0,High Income – High Spending,High Income – High Spending
Graduate,40479.0,1,0,95,5,0,8,2,0,0,1,0,0,3,4,0,0,0,0,0,0,0,44,15,Partner,1,3,1,3,0,1,2,Low Income – Low Spending,Low Income – Low Spending
Postgraduate,75345.0,0,0,16,918,57,842,99,38,133,1,5,8,6,3,0,0,0,1,0,0,1,56,2087,Alone,0,1,0,19,2,0,0,High Income – High Spending,High Income – High Spending
Graduate,54233.0,0,1,46,652,8,158,21,0,142,4,11,6,5,8,0,0,0,0,0,0,0,49,981,Partner,1,3,1,22,0,0,3,High Income – High Spending,High Income – Low Spending
Graduate,24163.0,1,1,3,4,1,7,2,1,2,2,1,0,3,4,0,0,0,0,0,0,0,56,17,Alone,2,3,1,4,0,1,1,Low Income – Low Spending,Low Income – High Spending
Postgraduate,84460.0,0,0,80,152,27,103,106,54,81,0,9,9,4,5,0,1,1,1,1,0,1,68,523,Partner,0,2,0,22,5,0,0,High Income – High Spending,High Income – High Spending
Graduate,43776.0,1,0,77,8,0,9,2,1,3,1,1,0,2,6,0,0,0,0,0,0,0,43,23,Partner,1,3,1,3,0,1,2,Low Income – Low Spending,Low Income – Low Spending
Postgraduate,71691.0,0,0,0,336,130,411,240,32,43,1,4,7,5,2,0,0,0,0,0,0,1,68,1192,Alone,0,1,0,16,1,0,0,High Income – High Spending,High Income – High Spending
Postgraduate,85844.0,0,0,62,938,19,843,25,95,38,1,6,6,7,2,0,0,1,0,0,0,0,53,1958,Partner,0,2,0,19,1,0,0,High Income – High Spending,High Income – High Spending
Postgraduate,39190.0,1,0,91,68,8,18,19,8,12,2,2,1,4,5,0,0,0,0,0,0,0,52,133,Alone,1,2,1,7,0,1,2,Low Income – Low Spending,Low Income – Low Spending
Graduate,71367.0,0,0,24,227,23,389,42,21,75,1,4,5,7,2,0,0,0,0,0,0,0,67,777,Partner,0,2,0,16,0,0,0,High Income – High Spending,High Income – High Spending
Postgraduate,38578.0,1,1,2,38,4,22,3,3,3,3,3,0,3,8,0,0,0,0,0,0,0,54,73,Alone,2,3,1,6,0,1,1,Low Income – Low Spending,Low Income – High Spending
Postgraduate,57236.0,1,1,22,105,0,9,2,1,4,3,2,1,4,3,0,0,0,0,0,0,0,61,121,Partner,2,4,1,7,0,1,1,Low Income – Low Spending,Low Income – High Spending
Graduate,61825.0,0,1,56,162,50,100,55,30,27,1,4,2,8,4,0,0,0,0,0,0,0,47,424,Alone,1,2,1,14,0,1,3,Low Income – Low Spending,High Income – Low Spending
Graduate,79803.0,0,1,54,574,8,216,21,16,33,1,4,3,5,1,0,0,0,0,0,0,0,68,868,Alone,1,2,1,12,0,0,3,High Income – High Spending,High Income – Low Spending
Undergraduate,80910.0,0,0,71,160,80,369,67,39,41,1,3,3,8,1,0,0,0,0,0,0,0,40,756,Alone,0,1,0,14,0,0,0,High Income – High Spending,High Income – High Spending
Postgraduate,27590.0,1,0,38,6,0,5,0,0,1,1,1,0,2,7,0,0,0,0,0,0,0,44,12,Partner,1,3,1,3,0,1,2,Low Income – Low Spending,Low Income – Low Spending
Graduate,56775.0,0,1,62,614,35,160,58,35,35,2,5,8,10,5,0,0,0,0,0,0,0,47,937,Partner,1,3,1,23,0,0,3,High Income – High Spending,High Income – Low Spending
Graduate,83829.0,0,0,78,897,161,430,186,161,27,0,4,7,6,1,1,0,1,1,0,0,1,51,1862,Alone,0,1,0,17,4,0,0,High Income – High Spending,High Income – High Spending
Undergraduate,54210.0,0,1,18,70,54,109,80,9,45,2,4,1,7,5,0,0,0,0,0,0,0,47,367,Partner,1,3,1,12,0,1,3,Low Income – Low Spending,High Income – Low Spending
Graduate,38508.0,1,0,95,120,19,206,25,19,54,6,7,2,5,8,0,0,0,0,0,0,0,40,443,Partner,1,3,1,14,0,1,2,Low Income – Low Spending,Low Income – Low Spending
Graduate,53187.0,1,0,66,211,2,30,7,7,10,2,4,1,6,5,0,0,0,0,0,0,0,56,267,Partner,1,3,1,11,0,1,2,Low Income – Low Spending,Low Income – Low Spending
Graduate,30023.0,1,0,28,11,0,16,7,6,21,1,2,0,3,8,0,0,0,0,0,0,0,54,61,Partner,1,3,1,5,0,1,2,Low Income – Low Spending,Low Income – Low Spending
Postgraduate,76045.0,0,0,78,760,53,400,17,93,0,1,4,5,11,2,0,0,0,1,0,0,0,66,1323,Alone,0,1,0,20,1,0,0,High Income – High Spending,High Income – High Spending
Postgraduate,50870.0,0,1,13,53,0,8,0,0,2,1,2,0,3,5,0,0,0,0,0,0,0,74,63,Partner,1,3,1,5,0,1,1,Low Income – Low Spending,Low Income – High Spending
Undergraduate,15315.0,0,0,27,7,4,13,15,8,17,2,2,0,4,5,0,0,0,0,0,0,0,56,64,Partner,0,2,0,6,0,1,2,Low Income – Low Spending,Low Income – Low Spending
Undergraduate,65463.0,1,0,17,391,32,70,21,32,16,2,6,2,9,5,0,1,0,0,0,0,0,52,562,Partner,1,3,1,17,1,1,3,Low Income – Low Spending,High Income – Low Spending
Graduate,66480.0,1,1,71,199,9,57,20,21,6,7,4,1,7,4,0,0,0,0,0,0,0,61,312,Partner,2,4,1,12,0,1,1,Low Income – Low Spending,Low Income – High Spending
Graduate,76773.0,0,0,79,516,56,449,86,33,16,1,2,2,11,1,0,0,0,0,0,0,0,72,1156,Alone,0,1,0,15,0,0,0,High Income – High Spending,High Income – High Spending
Undergraduate,81698.0,0,0,1,709,45,115,30,160,45,1,8,2,5,5,0,0,0,1,0,0,1,43,1104,Alone,0,1,0,15,2,0,0,High Income – High Spending,High Income – High Spending
Postgraduate,54466.0,1,1,78,12,0,4,0,0,0,1,1,0,2,5,0,0,0,0,0,0,0,53,16,Alone,2,3,1,3,0,1,1,Low Income – Low Spending,Low Income – High Spending
Postgraduate,98777.0,0,0,23,1000,19,711,125,115,38,0,4,6,9,1,0,1,0,0,0,0,0,66,2008,Alone,0,1,0,19,1,0,0,High Income – High Spending,High Income – High Spending
Postgraduate,16269.0,1,0,75,19,3,18,3,1,0,3,3,0,3,8,0,0,0,0,0,0,0,42,44,Alone,1,2,1,6,0,1,2,Low Income – Low Spending,Low Income – Low Spending
Graduate,71819.0,0,1,70,1224,28,140,0,14,168,3,3,3,5,6,0,1,1,0,0,0,0,55,1574,Partner,1,3,1,11,2,0,3,High Income – High Spending,High Income – Low Spending
Postgraduate,33569.0,1,0,10,16,2,18,3,0,24,1,1,1,2,8,1,0,0,0,0,0,1,43,63,Partner,1,3,1,4,2,1,2,Low Income – Low Spending,Low Income – Low Spending
Postgraduate,36262.0,0,0,24,88,39,54,64,28,153,1,3,5,3,6,1,0,0,0,0,0,1,43,426,Partner,0,2,0,11,2,1,2,Low Income – Low Spending,Low Income – Low Spending
Undergraduate,22634.0,0,0,47,2,23,11,8,6,46,1,2,1,2,8,0,0,0,0,0,0,0,60,96,Partner,0,2,0,5,0,1,2,Low Income – Low Spending,Low Income – Low Spending
Undergraduate,47025.0,0,1,98,508,11,59,23,5,29,5,11,1,6,9,0,0,0,0,0,0,0,48,635,Partner,1,3,1,18,0,1,3,Low Income – Low Spending,High Income – Low Spending
Graduate,70566.0,0,1,4,381,28,215,84,28,21,2,6,5,9,3,0,0,0,0,0,0,0,58,757,Alone,1,2,1,20,0,0,3,High Income – High Spending,High Income – Low Spending
Postgraduate,31605.0,1,0,15,74,0,42,2,1,6,2,2,1,4,7,0,0,0,0,0,0,0,47,125,Partner,1,3,1,7,0,1,2,Low Income – Low Spending,Low Income – Low Spending
Postgraduate,52034.0,1,1,67,146,0,93,7,13,73,5,4,2,5,7,0,0,0,0,0,0,0,53,332,Alone,2,3,1,11,0,1,1,Low Income – Low Spending,Low Income – High Spending
Graduate,48526.0,1,0,32,23,17,23,43,20,9,1,2,1,4,3,0,0,0,0,0,0,0,47,135,Alone,1,2,1,7,0,1,2,Low Income – Low Spending,Low Income – Low Spending
Graduate,46734.0,0,1,40,110,5,137,26,23,29,2,6,1,5,7,0,0,0,0,0,0,0,72,330,Partner,1,3,1,12,0,1,1,Low Income – Low Spending,Low Income – High Spending
Graduate,39552.0,1,1,54,165,3,147,4,24,41,7,6,2,5,8,0,0,0,0,0,0,1,64,384,Alone,2,3,1,13,1,1,1,Low Income – Low Spending,Low Income – High Spending
Graduate,86358.0,1,1,78,957,47,494,82,47,95,4,5,3,6,8,0,0,0,0,0,0,0,60,1722,Alone,2,3,1,14,0,0,3,High Income – High Spending,High Income – Low Spending
Graduate,46931.0,2,1,94,41,0,17,3,1,16,2,1,1,3,3,0,0,0,0,0,0,0,49,78,Partner,3,5,1,5,0,1,1,Low Income – Low Spending,Low Income – High Spending
Undergraduate,16581.0,0,0,51,1,3,4,2,3,11,1,0,0,3,4,0,0,0,0,0,0,0,41,24,Alone,0,1,0,3,0,1,2,Low Income – Low Spending,Low Income – Low Spending
Undergraduate,63998.0,0,0,42,176,29,818,0,33,112,1,7,6,11,4,0,0,0,0,0,0,1,74,1168,Alone,0,1,0,24,1,0,0,High Income – High Spending,High Income – High Spending
Postgraduate,67381.0,0,1,67,815,8,53,11,0,70,4,2,2,9,7,0,1,0,0,0,0,0,75,957,Partner,1,3,1,13,1,1,3,Low Income – Low Spending,High Income – Low Spending
Graduate,25930.0,1,1,87,6,1,2,2,0,4,1,1,0,2,7,0,0,0,0,0,0,0,59,15,Alone,2,3,1,3,0,1,1,Low Income – Low Spending,Low Income – High Spending
Graduate,42693.0,1,0,29,8,4,20,6,3,16,1,1,0,3,5,0,0,0,0,0,0,0,48,57,Partner,1,3,1,4,0,1,2,Low Income – Low Spending,Low Income – Low Spending
Graduate,85606.0,0,1,89,717,42,864,219,30,84,2,6,7,9,3,0,0,0,1,0,0,0,50,1956,Partner,1,3,1,22,1,0,0,High Income – High Spending,High Income – High Spending
Graduate,72903.0,0,0,74,1067,138,750,0,19,39,1,7,5,8,4,0,1,1,1,0,0,1,41,2013,Alone,0,1,0,20,4,0,0,High Income – High Spending,High Income – High Spending
Undergraduate,49669.0,1,0,97,166,5,107,11,8,29,2,5,1,6,6,0,0,0,0,0,0,0,52,326,Partner,1,3,1,12,0,1,2,Low Income – Low Spending,Low Income – Low Spending
Postgraduate,36778.0,1,1,63,29,4,34,2,4,4,3,3,0,3,9,0,0,0,0,0,0,0,58,77,Partner,2,4,1,6,0,1,1,Low Income – Low Spending,Low Income – High Spending
Postgraduate,85696.0,0,0,88,714,76,395,116,0,12,1,4,6,9,1,0,0,0,0,0,0,1,64,1313,Alone,0,1,0,19,1,0,0,High Income – High Spending,High Income – High Spending
Postgraduate,10979.0,0,0,34,8,4,10,2,2,4,2,3,0,3,5,0,0,0,0,0,0,0,37,30,Alone,0,1,0,6,0,1,2,Low Income – Low Spending,Low Income – Low Spending
Graduate,49678.0,0,1,81,229,5,56,3,2,20,2,6,2,4,7,0,0,0,0,0,0,0,65,315,Partner,1,3,1,12,0,1,1,Low Income – Low Spending,Low Income – High Spending
Postgraduate,56129.0,0,1,65,320,48,133,39,72,48,4,6,2,10,4,0,0,0,0,0,0,0,73,660,Partner,1,3,1,18,0,0,3,High Income – High Spending,High Income – Low Spending
Graduate,37155.0,1,0,51,23,0,26,7,15,3,1,2,0,4,5,0,0,0,0,0,0,0,37,74,Partner,1,3,1,6,0,1,2,Low Income – Low Spending,Low Income – Low Spending
Undergraduate,21282.0,1,0,76,1,5,8,4,8,20,2,2,1,2,6,0,0,0,0,0,0,0,48,46,Alone,1,2,1,5,0,1,2,Low Income – Low Spending,Low Income – Low Spending
Postgraduate,33419.0,0,1,76,56,0,12,0,0,18,2,2,0,4,7,0,0,0,0,0,0,0,64,86,Alone,1,2,1,6,0,1,1,Low Income – Low Spending,Low Income – High Spending
Graduate,63285.0,0,0,84,508,124,249,50,38,134,1,6,5,13,3,0,0,0,0,0,0,0,81,1103,Alone,0,1,0,24,0,0,0,High Income – High Spending,High Income – High Spending
Postgraduate,21255.0,1,0,56,29,0,25,2,2,3,4,2,1,4,4,0,0,0,0,0,0,0,52,61,Partner,1,3,1,7,0,1,2,Low Income – Low Spending,Low Income – Low Spending
Graduate,42162.0,1,0,31,46,7,59,2,4,27,2,3,1,3,6,1,0,0,0,0,0,1,45,145,Partner,1,3,1,7,2,1,2,Low Income – Low Spending,Low Income – Low Spending
Graduate,54450.0,1,1,0,454,0,171,8,19,32,12,9,2,8,8,0,0,0,0,0,0,0,70,684,Partner,2,4,1,19,0,1,3,Low Income – Low Spending,High Income – Low Spending
Postgraduate,57744.0,0,1,91,350,3,39,0,0,19,2,9,1,4,8,0,0,0,0,0,0,0,72,411,Partner,1,3,1,14,0,1,1,Low Income – Low Spending,Low Income – High Spending
Graduate,26576.0,1,0,40,10,0,8,0,0,9,1,1,0,2,9,1,0,0,0,0,0,1,40,27,Alone,1,2,1,3,2,1,2,Low Income – Low Spending,Low Income – Low Spending
Postgraduate,57513.0,0,0,59,735,40,183,52,20,30,2,9,3,13,6,0,0,0,0,0,0,0,83,1060,Alone,0,1,0,25,0,0,3,High Income – High Spending,High Income – Low Spending
Graduate,68142.0,0,1,96,897,126,196,91,112,37,3,10,4,7,6,0,0,0,0,0,0,0,62,1459,Partner,1,3,1,21,0,0,3,High Income – High Spending,High Income – Low Spending
Graduate,7500.0,0,1,61,5,2,3,3,0,5,1,1,0,2,8,0,0,0,0,0,0,0,47,18,Partner,1,3,1,3,0,1,2,Low Income – Low Spending,Low Income – Low Spending
Graduate,83145.0,0,0,14,777,35,731,39,137,114,1,5,9,11,2,0,0,1,0,0,0,1,52,1833,Partner,0,2,0,25,2,0,0,High Income – High Spending,High Income – High Spending
Postgraduate,54197.0,0,1,16,162,6,37,6,13,13,2,1,3,6,1,0,0,0,0,0,0,0,66,237,Partner,1,3,1,10,0,1,1,Low Income – Low Spending,Low Income – High Spending
Postgraduate,23091.0,1,1,98,35,0,11,0,0,2,4,2,1,3,7,0,0,0,0,0,0,0,63,48,Alone,2,3,1,6,0,1,1,Low Income – Low Spending,Low Income – High Spending
Graduate,46049.0,1,1,11,342,9,112,19,14,19,10,5,2,9,7,0,0,0,0,0,0,1,50,515,Partner,2,4,1,16,1,1,3,Low Income – Low Spending,High Income – Low Spending
Graduate,56715.0,0,0,52,258,105,239,237,172,9,1,7,3,4,4,0,0,0,0,0,0,0,52,1020,Partner,0,2,0,14,0,0,0,High Income – High Spending,High Income – High Spending
Graduate,79410.0,0,0,19,658,80,483,123,13,13,1,3,2,5,1,0,0,0,0,0,0,0,65,1370,Partner,0,2,0,10,0,0,0,High Income – High Spending,High Income – High Spending
Graduate,57304.0,0,1,61,356,80,329,138,17,106,2,7,6,10,5,0,0,0,0,0,0,0,75,1026,Partner,1,3,1,23,0,0,3,High Income – High Spending,High Income – Low Spending
Graduate,44375.0,0,1,73,213,5,28,7,7,41,1,4,1,6,5,0,0,0,0,0,0,0,61,301,Partner,1,3,1,11,0,1,1,Low Income – Low Spending,Low Income – High Spending
Graduate,54450.0,1,1,0,454,0,171,8,19,32,12,9,2,8,8,0,0,0,0,0,0,0,70,684,Partner,2,4,1,19,0,1,3,Low Income – Low Spending,High Income – Low Spending
Graduate,59594.0,0,1,74,457,4,29,0,0,9,1,8,1,7,7,0,1,0,0,0,0,0,61,499,Partner,1,3,1,16,1,1,3,Low Income – Low Spending,High Income – Low Spending
Graduate,80685.0,0,0,55,241,45,604,34,26,54,1,6,4,10,2,0,0,0,0,0,0,0,32,1004,Partner,0,2,0,20,0,0,0,High Income – High Spending,High Income – High Spending
Postgraduate,40344.0,0,1,48,210,0,6,0,0,2,2,4,1,5,7,0,0,0,0,0,0,0,52,218,Partner,1,3,1,10,0,1,1,Low Income – Low Spending,Low Income – High Spending
Graduate,62710.0,0,1,53,441,35,83,7,29,11,4,4,2,12,4,0,0,0,0,0,0,0,54,606,Partner,1,3,1,18,0,0,3,High Income – High Spending,High Income – Low Spending
Undergraduate,48985.0,0,1,13,19,13,18,10,7,8,1,1,1,3,3,0,0,0,0,0,0,0,58,75,Partner,1,3,1,5,0,1,1,Low Income – Low Spending,Low Income – High Spending
Graduate,35322.0,1,2,34,28,9,37,12,7,13,3,2,0,4,8,0,0,0,0,0,0,0,58,106,Partner,3,5,1,6,0,1,1,Low Income – Low Spending,Low Income – High Spending
Graduate,77142.0,0,0,54,476,75,162,29,151,97,1,4,4,8,2,0,0,0,0,0,0,0,78,990,Partner,0,2,0,16,0,0,0,High Income – High Spending,High Income – High Spending
Graduate,81657.0,0,0,69,364,40,425,158,60,50,1,3,4,8,1,0,0,0,0,0,0,0,57,1097,Alone,0,1,0,15,0,0,0,High Income – High Spending,High Income – High Spending
Undergraduate,14421.0,0,0,81,0,0,2,3,3,8,1,1,0,2,5,1,0,0,0,0,0,0,30,16,Partner,0,2,0,3,1,1,2,Low Income – Low Spending,Low Income – Low Spending
Undergraduate,20130.0,0,0,99,0,6,3,7,6,12,1,1,0,3,8,0,0,0,0,0,0,0,52,34,Partner,0,2,0,4,0,1,2,Low Income – Low Spending,Low Income – Low Spending
Postgraduate,74214.0,0,0,3,863,83,547,86,99,33,1,8,2,5,5,0,0,0,0,0,0,0,36,1711,Partner,0,2,0,15,0,0,0,High Income – High Spending,High Income – High Spending
Postgraduate,66726.0,1,1,61,349,7,35,0,0,47,3,8,2,4,7,0,1,0,0,0,0,0,69,438,Partner,2,4,1,14,1,1,1,Low Income – Low Spending,Low Income – High Spending
Undergraduate,23724.0,1,0,65,5,23,15,0,18,14,2,2,0,3,8,0,0,0,0,0,0,0,47,75,Partner,1,3,1,5,0,1,2,Low Income – Low Spending,Low Income – Low Spending
Postgraduate,47353.0,0,1,93,184,2,19,8,8,4,3,2,2,6,5,0,0,0,0,0,0,0,66,225,Partner,1,3,1,10,0,1,1,Low Income – Low Spending,Low Income – High Spending
Postgraduate,33444.0,1,1,24,8,0,8,0,0,2,1,1,0,2,8,0,0,0,0,0,0,0,74,18,Partner,2,4,1,3,0,1,1,Low Income – Low Spending,Low Income – High Spending
Graduate,54386.0,0,1,8,277,21,64,62,21,25,2,3,2,10,3,0,0,0,0,0,0,0,45,470,Partner,1,3,1,15,0,1,3,Low Income – Low Spending,High Income – Low Spending
Graduate,28510.0,1,1,72,44,5,19,0,4,19,3,2,0,4,5,0,0,0,0,0,0,0,45,91,Alone,2,3,1,6,0,1,1,Low Income – Low Spending,Low Income – High Spending
Graduate,48070.0,0,1,33,373,14,83,6,9,19,3,8,2,6,7,0,0,0,0,0,1,0,76,504,Partner,1,3,1,16,0,1,3,Low Income – Low Spending,High Income – Low Spending
Graduate,43140.0,0,1,68,134,8,76,6,0,11,1,4,1,5,6,0,0,0,0,0,0,0,69,235,Partner,1,3,1,10,0,1,1,Low Income – Low Spending,Low Income – High Spending
Postgraduate,54959.0,0,1,55,1148,0,60,0,0,24,3,9,5,4,7,0,1,0,0,0,0,1,65,1232,Alone,1,2,1,18,2,0,3,High Income – High Spending,High Income – Low Spending
Undergraduate,15056.0,1,1,76,6,12,3,21,6,40,5,2,2,3,5,0,0,0,0,0,0,0,68,88,Alone,2,3,1,7,0,1,1,Low Income – Low Spending,Low Income – High Spending
Graduate,26954.0,1,0,17,4,1,11,0,0,1,1,1,0,2,7,0,0,0,0,0,0,0,55,17,Alone,1,2,1,3,0,1,2,Low Income – Low Spending,Low Income – Low Spending
Graduate,22327.0,1,0,94,5,4,8,2,0,5,1,1,0,3,5,0,0,0,0,0,0,0,41,24,Alone,1,2,1,4,0,1,2,Low Income – Low Spending,Low Income – Low Spending
Graduate,44393.0,1,1,86,24,2,20,2,2,10,2,1,0,4,4,0,0,0,0,0,0,0,61,60,Partner,2,4,1,5,0,1,1,Low Income – Low Spending,Low Income – High Spending
Postgraduate,62000.0,0,1,25,899,0,101,0,0,20,1,6,6,13,4,0,0,0,1,0,0,0,74,1020,Alone,1,2,1,25,1,0,3,High Income – High Spending,High Income – Low Spending
Postgraduate,31497.0,0,1,22,108,1,28,13,1,4,2,3,1,4,8,0,0,0,0,0,0,0,64,155,Partner,1,3,1,8,0,1,1,Low Income – Low Spending,Low Income – High Spending
Undergraduate,45894.0,0,2,15,27,2,7,0,2,13,1,1,0,3,5,0,0,0,0,0,0,0,52,51,Partner,2,4,1,4,0,1,1,Low Income – Low Spending,Low Income – High Spending
Postgraduate,78579.0,0,0,35,816,66,549,216,66,99,1,5,6,4,3,0,0,0,0,0,0,1,56,1812,Alone,0,1,0,15,1,0,0,High Income – High Spending,High Income – High Spending
Postgraduate,67369.0,0,1,81,1298,0,70,37,14,42,4,7,4,10,4,0,1,1,0,0,0,1,57,1461,Alone,1,2,1,21,3,0,3,High Income – High Spending,High Income – Low Spending
Graduate,58401.0,0,1,55,10,0,11,17,29,29,1,1,2,2,4,0,0,0,0,0,0,0,66,96,Alone,1,2,1,5,0,1,1,Low Income – Low Spending,Low Income – High Spending
Graduate,62307.0,0,1,94,87,13,34,10,6,10,1,4,0,4,5,0,0,0,0,0,0,0,74,160,Alone,1,2,1,8,0,1,1,Low Income – Low Spending,Low Income – High Spending
Postgraduate,43641.0,1,1,50,57,2,51,4,2,23,3,2,1,4,6,0,0,0,0,0,0,0,57,139,Partner,2,4,1,7,0,1,1,Low Income – Low Spending,Low Income – High Spending
Postgraduate,63841.0,0,1,64,635,15,100,20,7,131,1,9,3,9,6,0,0,0,0,0,0,0,58,908,Alone,1,2,1,21,0,0,3,High Income – High Spending,High Income – Low Spending
Undergraduate,46891.0,0,1,91,43,12,23,29,15,61,1,2,1,4,4,0,0,0,0,0,0,0,61,183,Partner,1,3,1,7,0,1,1,Low Income – Low Spending,Low Income – High Spending
Postgraduate,70091.0,1,0,11,964,34,137,15,0,11,2,5,2,10,8,0,1,0,0,0,0,0,57,1161,Partner,1,3,1,17,1,0,3,High Income – High Spending,High Income – Low Spending
Postgraduate,78075.0,0,0,72,572,8,259,34,35,80,1,3,5,5,1,0,0,0,0,0,0,0,54,988,Partner,0,2,0,13,0,0,0,High Income – High Spending,High Income – High Spending
Undergraduate,59184.0,0,1,6,341,142,113,259,151,66,3,6,6,12,5,0,0,0,0,0,0,0,65,1072,Alone,1,2,1,24,0,0,0,High Income – High Spending,High Income – High Spending
Graduate,54809.0,1,1,0,63,6,57,13,13,22,4,2,1,5,4,0,0,0,0,0,0,0,49,174,Partner,2,4,1,8,0,1,1,Low Income – Low Spending,Low Income – High Spending
Graduate,58113.0,0,1,66,221,104,169,102,78,84,3,9,2,8,7,0,0,0,0,0,1,0,67,758,Partner,1,3,1,19,0,0,3,High Income – High Spending,High Income – Low Spending
Postgraduate,51412.0,0,1,42,140,3,29,4,5,14,2,3,2,4,4,0,0,0,0,0,0,0,68,195,Partner,1,3,1,9,0,1,1,Low Income – Low Spending,Low Income – High Spending
Graduate,15287.0,1,0,60,1,2,8,4,3,13,2,1,1,2,7,1,0,0,0,0,0,1,47,31,Alone,1,2,1,4,2,1,2,Low Income – Low Spending,Low Income – Low Spending
Postgraduate,66636.0,0,0,64,291,10,689,84,10,0,1,3,4,9,1,0,0,0,0,0,0,0,69,1084,Partner,0,2,0,16,0,0,0,High Income – High Spending,High Income – High Spending
Postgraduate,50965.0,0,1,87,544,13,85,8,6,29,3,10,4,5,8,1,0,0,0,0,0,0,70,685,Partner,1,3,1,19,1,1,3,Low Income – Low Spending,High Income – Low Spending
Postgraduate,84618.0,0,0,96,684,100,801,21,66,0,1,6,9,10,2,0,0,1,0,0,0,0,61,1672,Partner,0,2,0,25,1,0,0,High Income – High Spending,High Income – High Spending
Graduate,18351.0,0,0,1,1,12,9,0,14,7,1,2,0,3,7,0,0,0,0,0,0,0,36,43,Partner,0,2,0,5,0,1,2,Low Income – Low Spending,Low Income – Low Spending
Postgraduate,40451.0,0,2,54,35,0,4,0,0,10,1,1,1,2,5,1,0,0,0,0,0,0,69,49,Partner,2,4,1,4,1,1,1,Low Income – Low Spending,Low Income – High Spending
Graduate,36317.0,0,1,53,87,3,25,3,2,13,2,3,0,4,7,0,0,0,0,0,0,0,61,133,Partner,1,3,1,7,0,1,1,Low Income – Low Spending,Low Income – High Spending
Graduate,42213.0,0,1,96,309,3,24,4,3,20,2,5,1,7,7,0,1,0,0,0,0,0,69,363,Partner,1,3,1,13,1,1,1,Low Income – Low Spending,Low Income – High Spending
Graduate,65748.0,0,1,58,172,73,93,95,78,34,2,2,4,10,1,0,0,0,0,0,1,0,71,545,Partner,1,3,1,16,0,0,3,High Income – High Spending,High Income – Low Spending
Graduate,77044.0,0,1,12,625,38,242,50,34,76,2,7,11,11,4,1,0,0,0,0,0,0,54,1065,Partner,1,3,1,29,1,0,3,High Income – High Spending,High Income – Low Spending
Graduate,74918.0,0,0,78,972,59,913,25,19,59,1,5,9,6,3,0,0,1,0,0,0,0,57,2047,Partner,0,2,0,20,1,0,0,High Income – High Spending,High Income – High Spending
Graduate,56721.0,1,1,64,157,6,39,6,13,75,5,4,1,5,6,0,0,0,0,0,0,0,54,296,Partner,2,4,1,10,0,1,1,Low Income – Low Spending,Low Income – High Spending
Graduate,42160.0,1,1,26,48,9,45,3,15,20,4,2,1,4,6,0,0,0,0,0,0,1,51,140,Alone,2,3,1,7,1,1,1,Low Income – Low Spending,Low Income – High Spending
Graduate,61559.0,0,1,8,279,83,88,32,14,34,1,4,2,10,3,0,0,0,0,0,0,0,61,530,Alone,1,2,1,16,0,0,3,High Income – High Spending,High Income – Low Spending
Postgraduate,33629.0,1,1,49,132,0,16,0,0,4,5,3,1,4,9,0,0,0,0,0,0,0,63,152,Partner,2,4,1,8,0,1,1,Low Income – Low Spending,Low Income – High Spending
Postgraduate,68682.0,0,0,56,919,0,505,99,30,45,1,4,9,10,2,0,0,0,0,0,0,0,35,1598,Partner,0,2,0,23,0,0,0,High Income – High Spending,High Income – High Spending
Graduate,34377.0,0,1,55,62,0,22,3,1,26,2,2,2,2,7,0,0,0,0,0,0,0,63,114,Alone,1,2,1,6,0,1,1,Low Income – Low Spending,Low Income – High Spending
Undergraduate,8940.0,1,0,25,1,45,3,4,6,42,3,3,1,3,8,0,0,0,0,0,0,0,40,101,Alone,1,2,1,7,0,1,2,Low Income – Low Spending,Low Income – Low Spending
Graduate,26228.0,1,0,50,2,6,4,3,1,9,1,1,0,2,8,0,0,0,0,0,0,0,53,25,Partner,1,3,1,3,0,1,2,Low Income – Low Spending,Low Income – Low Spending
Undergraduate,77297.0,0,0,84,408,61,109,48,122,41,1,5,7,9,4,0,0,0,1,0,0,0,69,789,Alone,0,1,0,21,1,0,0,High Income – High Spending,High Income – High Spending
Graduate,40211.0,1,1,30,51,1,7,2,1,25,2,2,1,2,8,1,0,0,0,0,0,0,45,87,Partner,2,4,1,5,1,1,1,Low Income – Low Spending,Low Income – High Spending
Postgraduate,33438.0,1,1,81,62,1,16,3,2,6,4,2,1,4,5,0,0,0,0,0,0,0,68,90,Alone,2,3,1,7,0,1,1,Low Income – Low Spending,Low Income – High Spending
Postgraduate,75032.0,0,1,74,952,12,180,47,12,12,2,5,4,9,3,0,0,0,0,0,0,0,67,1215,Partner,1,3,1,18,0,0,3,High Income – High Spending,High Income – Low Spending
Postgraduate,61284.0,0,0,76,618,15,106,20,7,45,1,11,2,8,6,0,1,0,0,0,0,0,71,811,Alone,0,1,0,21,1,0,3,High Income – High Spending,High Income – Low Spending
Graduate,22518.0,1,0,36,11,7,12,2,2,27,2,2,1,2,5,1,0,0,0,0,0,1,40,61,Partner,1,3,1,5,2,1,2,Low Income – Low Spending,Low Income – Low Spending
Postgraduate,54730.0,0,1,64,318,3,17,4,7,56,5,4,1,8,4,0,0,0,0,0,0,0,51,405,Partner,1,3,1,13,0,1,3,Low Income – Low Spending,High Income – Low Spending
Postgraduate,38452.0,1,1,62,56,0,14,0,0,2,3,3,0,3,7,0,0,0,0,0,0,0,71,72,Partner,2,4,1,6,0,1,1,Low Income – Low Spending,Low Income – High Spending
Graduate,44421.0,1,1,53,110,5,59,7,1,7,5,5,0,4,8,0,0,0,0,0,0,0,55,189,Alone,2,3,1,9,0,1,1,Low Income – Low Spending,Low Income – High Spending
Postgraduate,38197.0,1,0,86,23,0,11,2,1,3,1,1,0,3,5,0,0,0,0,0,0,0,40,40,Partner,1,3,1,4,0,1,2,Low Income – Low Spending,Low Income – Low Spending
Graduate,41986.0,0,1,15,27,5,8,8,3,12,3,3,0,4,4,0,0,0,0,0,0,0,48,63,Alone,1,2,1,7,0,1,1,Low Income – Low Spending,Low Income – High Spending
Graduate,28427.0,1,0,67,18,3,19,3,3,6,2,2,0,3,8,0,0,0,0,0,0,0,43,52,Partner,1,3,1,5,0,1,2,Low Income – Low Spending,Low Income – Low Spending
Postgraduate,37395.0,1,0,47,18,0,9,0,1,11,1,1,0,3,6,0,0,0,0,0,0,0,50,39,Partner,1,3,1,4,0,1,2,Low Income – Low Spending,Low Income – Low Spending
Graduate,64722.0,1,0,47,303,0,280,60,147,15,4,8,2,11,6,0,0,0,0,0,0,0,55,805,Partner,1,3,1,21,0,0,3,High Income – High Spending,High Income – Low Spending
Postgraduate,55249.0,0,1,81,97,1,19,2,0,11,1,2,1,4,3,0,0,0,0,0,0,0,70,130,Partner,1,3,1,7,0,1,1,Low Income – Low Spending,Low Income – High Spending
Graduate,84906.0,0,0,98,997,15,414,99,30,76,1,5,6,12,2,0,1,1,0,1,0,0,54,1631,Partner,0,2,0,23,3,0,0,High Income – High Spending,High Income – High Spending
Graduate,28691.0,1,0,56,5,4,13,8,0,4,1,1,0,3,8,0,0,0,0,0,0,0,37,34,Partner,1,3,1,4,0,1,2,Low Income – Low Spending,Low Income – Low Spending
Graduate,44213.0,1,1,48,95,11,35,0,4,7,4,2,1,5,6,0,0,0,0,0,0,0,74,152,Alone,2,3,1,8,0,1,1,Low Income – Low Spending,Low Income – High Spending
Undergraduate,25707.0,1,0,18,1,6,2,3,6,3,1,1,0,3,7,0,0,0,0,0,0,0,42,21,Alone,1,2,1,4,0,1,2,Low Income – Low Spending,Low Income – Low Spending
Postgraduate,59062.0,2,1,74,46,1,12,3,0,9,2,2,0,3,4,0,0,0,0,0,0,0,59,71,Partner,3,5,1,5,0,1,1,Low Income – Low Spending,Low Income – High Spending
Graduate,76624.0,0,1,68,411,106,147,54,115,66,1,5,10,7,1,1,0,0,0,0,0,0,64,899,Alone,1,2,1,22,1,0,0,High Income – High Spending,High Income – High Spending
Postgraduate,66000.0,0,0,36,244,51,270,101,0,45,1,1,3,5,1,0,0,0,0,0,0,0,79,711,Partner,0,2,0,9,0,0,0,High Income – High Spending,High Income – High Spending
Postgraduate,27683.0,1,0,90,152,9,121,12,12,45,4,6,2,4,8,0,0,0,0,0,0,0,48,351,Partner,1,3,1,12,0,1,2,Low Income – Low Spending,Low Income – Low Spending
Graduate,1730.0,0,0,65,1,1,3,1,1,1,15,0,0,0,20,0,0,0,0,0,0,0,55,8,Alone,0,1,0,0,0,1,2,Low Income – Low Spending,Low Income – Low Spending
Undergraduate,7500.0,1,0,63,10,17,18,8,26,40,4,3,2,2,9,0,0,0,0,0,0,0,34,119,Alone,1,2,1,7,0,1,2,Low Income – Low Spending,Low Income – Low Spending
Graduate,40521.0,1,1,82,12,0,5,0,0,4,1,0,1,2,5,0,0,0,0,0,0,0,58,21,Partner,2,4,1,3,0,1,1,Low Income – Low Spending,Low Income – High Spending
Postgraduate,20427.0,1,0,63,5,0,4,0,0,1,1,1,0,2,8,0,0,0,0,0,0,0,53,10,Partner,1,3,1,3,0,1,2,Low Income – Low Spending,Low Income – Low Spending
Graduate,65106.0,0,1,55,790,19,133,12,0,19,3,8,3,13,6,0,1,0,0,0,0,0,51,973,Partner,1,3,1,24,1,0,3,High Income – High Spending,High Income – Low Spending
Postgraduate,69969.0,0,0,64,882,29,514,38,29,44,1,4,2,6,3,0,0,1,1,0,0,1,61,1536,Partner,0,2,0,12,3,0,0,High Income – High Spending,High Income – High Spending
Graduate,67433.0,0,2,51,615,28,259,12,48,30,4,6,5,13,4,0,1,0,0,0,0,0,74,992,Partner,2,4,1,24,1,0,3,High Income – High Spending,High Income – Low Spending
Postgraduate,77766.0,0,1,97,1004,59,265,115,59,27,2,11,10,11,6,1,0,0,0,0,0,1,59,1529,Partner,1,3,1,32,2,0,0,High Income – High Spending,High Income – High Spending
Graduate,74716.0,0,1,92,133,27,421,13,195,71,2,7,3,5,4,0,0,0,0,0,0,0,54,860,Partner,1,3,1,15,0,0,3,High Income – High Spending,High Income – Low Spending
Graduate,68118.0,0,1,51,595,23,123,10,23,154,2,8,9,4,6,0,0,0,0,0,0,0,63,928,Alone,1,2,1,21,0,0,3,High Income – High Spending,High Income – Low Spending
Postgraduate,55158.0,1,1,72,293,0,87,4,11,23,4,7,2,5,7,0,0,0,0,0,0,1,56,418,Partner,2,4,1,14,1,1,1,Low Income – Low Spending,Low Income – High Spending
Undergraduate,62972.0,0,1,39,313,15,47,20,0,192,2,7,4,3,6,0,0,0,0,0,0,1,71,587,Partner,1,3,1,14,1,0,3,High Income – High Spending,High Income – Low Spending
Graduate,74190.0,0,1,49,151,81,86,168,91,64,2,4,2,11,2,0,0,0,0,0,0,0,51,641,Partner,1,3,1,17,0,0,0,High Income – High Spending,High Income – High Spending
Graduate,39356.0,1,1,21,15,0,2,0,0,6,1,1,0,2,6,1,0,0,0,0,0,0,50,23,Partner,2,4,1,3,1,1,1,Low Income – Low Spending,Low Income – High Spending
Graduate,76653.0,0,0,91,736,63,946,219,189,126,1,4,7,11,2,0,0,1,1,0,0,0,57,2279,Partner,0,2,0,22,2,0,0,High Income – High Spending,High Income – High Spending
Postgraduate,35860.0,1,1,37,15,0,8,4,2,20,2,1,1,2,5,1,0,0,0,0,0,0,53,49,Alone,2,3,1,4,1,1,1,Low Income – Low Spending,Low Income – High Spending
Postgraduate,90687.0,0,0,98,982,17,672,23,34,51,1,6,2,8,2,0,0,1,0,0,0,1,43,1779,Alone,0,1,0,16,2,0,0,High Income – High Spending,High Income – High Spending
Postgraduate,73450.0,0,0,85,1142,51,415,90,69,37,1,7,8,11,3,1,0,0,1,0,0,0,44,1804,Partner,0,2,0,26,2,0,0,High Income – High Spending,High Income – High Spending
Graduate,31454.0,1,1,40,28,0,11,0,0,9,3,2,0,3,8,0,0,0,0,0,0,0,66,48,Partner,2,4,1,5,0,1,1,Low Income – Low Spending,Low Income – High Spending
Graduate,47139.0,1,1,2,46,0,12,0,2,23,2,2,1,2,7,0,0,0,0,0,0,1,74,83,Alone,2,3,1,5,1,1,1,Low Income – Low Spending,Low Income – High Spending
Graduate,83829.0,0,0,78,897,161,430,186,161,27,0,4,7,6,1,1,0,1,1,0,0,1,51,1862,Alone,0,1,0,17,4,0,0,High Income – High Spending,High Income – High Spending
Postgraduate,53378.0,1,1,41,489,6,152,8,6,132,10,9,4,6,8,0,0,0,0,0,0,1,63,793,Partner,2,4,1,19,1,1,3,Low Income – Low Spending,High Income – Low Spending
Graduate,19656.0,1,0,94,25,4,9,6,8,32,3,2,1,3,7,0,0,0,0,0,0,0,56,84,Partner,1,3,1,6,0,1,2,Low Income – Low Spending,Low Income – Low Spending
Postgraduate,45579.0,0,1,10,145,1,33,2,1,1,1,4,1,4,6,0,0,0,0,0,0,0,78,183,Partner,1,3,1,9,0,1,1,Low Income – Low Spending,Low Income – High Spending
Undergraduate,85485.0,0,0,73,630,26,611,44,18,54,1,6,6,6,2,0,0,0,0,0,0,0,68,1383,Alone,0,1,0,18,0,0,0,High Income – High Spending,High Income – High Spending
Graduate,55956.0,0,0,22,760,38,104,50,9,38,2,7,3,4,4,0,1,0,0,0,0,0,82,999,Partner,0,2,0,14,1,0,3,High Income – High Spending,High Income – Low Spending
Postgraduate,64191.0,0,1,30,420,15,186,151,38,15,3,5,3,13,3,0,0,0,0,0,0,0,63,825,Alone,1,2,1,21,0,0,3,High Income – High Spending,High Income – Low Spending
Graduate,38808.0,1,0,21,125,17,52,3,19,30,4,5,1,4,8,1,0,0,0,0,0,1,54,246,Alone,1,2,1,10,2,1,2,Low Income – Low Spending,Low Income – Low Spending
Postgraduate,57183.0,1,1,51,464,5,64,7,0,70,8,9,1,7,8,0,0,0,0,0,0,0,60,610,Partner,2,4,1,17,0,1,3,Low Income – Low Spending,High Income – Low Spending
Postgraduate,23748.0,1,0,97,6,6,29,12,15,8,3,2,1,3,8,0,0,0,0,0,0,0,58,76,Alone,1,2,1,6,0,1,2,Low Income – Low Spending,Low Income – Low Spending
Graduate,66303.0,0,1,56,1090,12,96,16,12,60,4,3,4,11,8,0,1,0,0,0,0,0,55,1286,Partner,1,3,1,18,1,0,3,High Income – High Spending,High Income – Low Spending
Postgraduate,37368.0,1,0,4,3,2,11,2,2,10,1,1,0,2,6,1,0,0,0,0,0,0,51,30,Partner,1,3,1,3,1,1,2,Low Income – Low Spending,Low Income – Low Spending
Graduate,40800.0,1,2,77,24,0,27,8,30,10,2,3,0,3,7,0,0,0,0,0,1,0,62,99,Partner,3,5,1,6,0,1,1,Low Income – Low Spending,Low Income – High Spending
Graduate,71847.0,0,0,95,737,21,106,55,63,210,0,6,7,9,3,0,0,0,1,0,0,0,48,1192,Alone,0,1,0,22,1,0,0,High Income – High Spending,High Income – High Spending
Graduate,46149.0,0,1,36,254,6,71,4,0,27,5,5,1,7,5,0,0,0,0,0,0,0,51,362,Partner,1,3,1,13,0,1,1,Low Income – Low Spending,Low Income – High Spending
Graduate,78687.0,0,0,13,817,185,687,145,55,241,1,4,6,8,2,0,0,1,0,0,0,1,43,2130,Partner,0,2,0,18,2,0,0,High Income – High Spending,High Income – High Spending
Undergraduate,49118.0,0,0,90,620,54,239,99,98,119,2,9,7,10,7,0,1,0,0,1,0,1,55,1229,Alone,0,1,0,26,3,0,0,High Income – High Spending,High Income – High Spending
Postgraduate,37633.0,1,1,49,13,4,20,0,0,1,2,1,0,3,9,0,0,0,0,0,0,0,69,38,Partner,2,4,1,4,0,1,1,Low Income – Low Spending,Low Income – High Spending
Postgraduate,39767.0,0,0,18,113,61,204,34,26,47,2,7,1,7,8,0,0,0,0,0,0,0,75,485,Partner,0,2,0,15,0,1,3,Low Income – Low Spending,High Income – Low Spending
Undergraduate,26997.0,0,0,89,7,23,78,133,49,144,2,4,2,5,7,0,0,0,0,0,0,0,75,434,Partner,0,2,0,11,0,1,3,Low Income – Low Spending,High Income – Low Spending
Graduate,33986.0,1,0,43,16,2,18,2,1,5,1,1,0,3,7,0,0,0,0,0,0,0,56,44,Alone,1,2,1,4,0,1,2,Low Income – Low Spending,Low Income – Low Spending
Postgraduate,57091.0,0,1,82,462,0,24,6,0,4,2,9,2,5,7,0,1,0,0,0,0,1,54,496,Partner,1,3,1,16,2,1,3,Low Income – Low Spending,High Income – Low Spending
Undergraduate,46831.0,1,1,84,22,2,10,6,4,34,2,1,2,2,4,0,0,0,0,0,0,0,57,78,Partner,2,4,1,5,0,1,1,Low Income – Low Spending,Low Income – High Spending
Postgraduate,83151.0,0,0,80,968,147,842,137,42,210,1,5,7,10,2,1,0,1,1,0,0,1,54,2346,Partner,0,2,0,22,4,0,0,High Income – High Spending,High Income – High Spending
Graduate,52531.0,0,0,68,283,112,151,51,72,125,2,7,2,10,6,0,0,0,0,0,0,0,55,794,Partner,0,2,0,19,0,0,0,High Income – High Spending,High Income – High Spending
Graduate,15759.0,0,0,12,1,2,5,6,0,3,1,1,0,2,7,0,0,0,0,0,0,0,70,17,Partner,0,2,0,3,0,1,2,Low Income – Low Spending,Low Income – Low Spending
Graduate,22804.0,1,0,75,14,1,7,2,1,1,1,2,0,2,9,0,0,0,0,0,0,0,55,26,Alone,1,2,1,4,0,1,2,Low Income – Low Spending,Low Income – Low Spending
Undergraduate,43050.0,1,0,10,30,5,24,6,3,8,2,2,0,4,5,0,0,0,0,0,0,0,53,76,Partner,1,3,1,6,0,1,2,Low Income – Low Spending,Low Income – Low Spending
Postgraduate,42997.0,1,1,91,4,0,5,0,1,5,1,1,0,2,7,0,0,0,0,0,0,0,49,15,Alone,2,3,1,3,0,1,1,Low Income – Low Spending,Low Income – High Spending
Postgraduate,48918.0,1,1,21,52,0,9,0,0,1,2,1,0,4,4,0,0,0,0,0,0,0,63,62,Alone,2,3,1,5,0,1,1,Low Income – Low Spending,Low Income – High Spending
Postgraduate,60033.0,0,1,28,62,1,57,19,11,48,2,2,1,5,2,0,0,0,0,0,0,0,72,198,Partner,1,3,1,8,0,1,1,Low Income – Low Spending,Low Income – High Spending
Postgraduate,34043.0,1,0,97,20,2,14,3,0,10,1,2,0,2,9,0,0,0,0,0,0,0,48,49,Partner,1,3,1,4,0,1,2,Low Income – Low Spending,Low Income – Low Spending
Graduate,57811.0,0,1,49,545,7,114,37,21,78,5,7,2,11,5,0,1,0,0,0,0,0,60,802,Partner,1,3,1,20,1,0,3,High Income – High Spending,High Income – Low Spending
Graduate,78569.0,0,0,14,558,79,622,207,175,95,1,4,6,4,1,0,0,1,0,0,0,1,80,1736,Partner,0,2,0,14,2,0,0,High Income – High Spending,High Income – High Spending
Graduate,7500.0,1,1,5,6,5,4,13,4,25,4,2,1,3,6,0,0,0,0,0,0,0,48,57,Alone,2,3,1,6,0,1,1,Low Income – Low Spending,Low Income – High Spending
Graduate,94384.0,0,0,62,1111,24,790,160,45,172,0,5,8,5,2,0,1,1,1,0,0,1,73,2302,Partner,0,2,0,18,4,0,0,High Income – High Spending,High Income – High Spending
Undergraduate,23148.0,0,0,83,4,6,8,6,3,10,1,2,0,3,7,0,0,0,0,0,0,0,41,37,Partner,0,2,0,5,0,1,2,Low Income – Low Spending,Low Income – Low Spending
Graduate,44267.0,1,1,48,183,5,65,3,5,49,5,5,2,4,9,0,0,0,0,0,0,0,56,310,Alone,2,3,1,11,0,1,1,Low Income – Low Spending,Low Income – High Spending
Graduate,71626.0,0,0,94,546,72,376,94,145,72,1,5,5,8,3,0,1,0,0,0,0,0,47,1305,Partner,0,2,0,18,1,0,0,High Income – High Spending,High Income – High Spending
Graduate,60894.0,0,1,61,606,7,155,10,0,54,5,10,3,8,7,0,0,0,0,0,0,0,60,832,Partner,1,3,1,21,0,0,3,High Income – High Spending,High Income – Low Spending
Graduate,50200.0,1,1,70,266,6,51,8,6,64,6,7,1,5,8,0,0,0,0,0,0,0,50,401,Partner,2,4,1,13,0,1,1,Low Income – Low Spending,Low Income – High Spending
Postgraduate,81051.0,0,0,43,1142,29,249,38,29,14,1,5,5,12,2,0,1,1,0,0,0,0,61,1501,Partner,0,2,0,22,2,0,0,High Income – High Spending,High Income – High Spending
Graduate,65169.0,0,0,23,1074,0,69,0,0,46,1,10,4,13,6,1,0,1,1,1,0,1,44,1189,Partner,0,2,0,27,5,0,3,High Income – High Spending,High Income – Low Spending
Graduate,59868.0,0,1,37,771,51,154,54,10,154,7,11,2,12,6,0,0,0,0,0,0,0,54,1194,Partner,1,3,1,25,0,0,3,High Income – High Spending,High Income – Low Spending
Postgraduate,65695.0,0,1,50,371,32,189,0,58,6,2,5,4,10,4,0,0,0,0,0,0,0,66,656,Partner,1,3,1,19,0,0,3,High Income – High Spending,High Income – Low Spending
Postgraduate,64857.0,0,0,78,556,14,717,210,0,43,1,7,5,10,4,0,0,0,0,0,0,0,70,1540,Alone,0,1,0,22,0,0,0,High Income – High Spending,High Income – High Spending
Postgraduate,45143.0,0,1,74,202,5,74,11,5,14,3,6,1,5,7,0,0,0,0,0,0,0,61,311,Partner,1,3,1,12,0,1,1,Low Income – Low Spending,Low Income – High Spending
Undergraduate,74805.0,0,1,14,209,162,209,41,162,37,5,4,7,10,2,0,0,0,0,0,0,0,71,820,Partner,1,3,1,21,0,0,0,High Income – High Spending,High Income – High Spending
Undergraduate,59060.0,1,0,77,35,40,111,36,40,12,3,3,1,7,4,0,0,0,0,0,0,0,37,274,Partner,1,3,1,11,0,1,2,Low Income – Low Spending,Low Income – Low Spending
Postgraduate,27238.0,1,1,39,37,0,17,0,0,3,3,3,0,3,9,0,0,0,0,0,0,0,64,57,Alone,2,3,1,6,0,1,1,Low Income – Low Spending,Low Income – High Spending
Graduate,47009.0,0,1,89,171,45,73,59,10,90,4,3,2,8,4,0,0,0,0,0,0,0,61,448,Partner,1,3,1,13,0,1,3,Low Income – Low Spending,High Income – Low Spending
Undergraduate,46094.0,1,1,62,12,2,20,3,2,5,1,1,0,3,7,0,0,0,0,0,0,0,53,44,Partner,2,4,1,4,0,1,1,Low Income – Low Spending,Low Income – High Spending
Graduate,40321.0,1,1,59,44,4,21,6,0,27,2,3,0,3,7,0,0,0,0,0,0,0,54,102,Partner,2,4,1,6,0,1,1,Low Income – Low Spending,Low Income – High Spending
Graduate,37235.0,1,0,68,20,2,9,4,6,20,1,1,1,2,4,0,0,0,0,0,0,0,42,61,Partner,1,3,1,4,0,1,2,Low Income – Low Spending,Low Income – Low Spending
Postgraduate,81843.0,0,0,13,779,86,537,34,69,138,1,5,9,12,3,0,0,0,0,0,0,0,66,1643,Partner,0,2,0,26,0,0,0,High Income – High Spending,High Income – High Spending
Postgraduate,46692.0,0,1,37,170,6,97,24,12,88,3,6,1,5,6,0,0,0,0,0,0,0,68,397,Partner,1,3,1,12,0,1,3,Low Income – Low Spending,High Income – Low Spending
Graduate,77382.0,0,1,36,491,48,231,112,105,134,2,5,7,12,1,0,0,1,0,0,0,0,58,1121,Partner,1,3,1,24,1,0,0,High Income – High Spending,High Income – High Spending
Graduate,37774.0,2,0,28,173,8,107,7,2,176,4,7,2,3,9,1,0,0,0,0,1,1,49,473,Alone,2,3,1,12,2,1,2,Low Income – Low Spending,Low Income – Low Spending
Undergraduate,18393.0,1,0,2,7,10,13,16,0,4,2,3,0,3,8,0,0,0,0,0,0,0,52,50,Partner,1,3,1,6,0,1,2,Low Income – Low Spending,Low Income – Low Spending
Postgraduate,72828.0,0,1,17,1205,0,235,19,14,205,6,6,3,13,7,0,0,0,0,0,0,0,64,1678,Partner,1,3,1,22,0,0,3,High Income – High Spending,High Income – Low Spending
Graduate,24711.0,0,0,86,10,7,25,6,3,7,1,3,0,3,7,0,0,0,0,0,0,0,44,58,Partner,0,2,0,6,0,1,2,Low Income – Low Spending,Low Income – Low Spending
Postgraduate,45503.0,1,0,54,97,4,44,6,1,18,1,3,1,4,5,0,0,0,0,0,0,0,51,170,Partner,1,3,1,8,0,1,2,Low Income – Low Spending,Low Income – Low Spending
Postgraduate,6560.0,0,0,2,67,11,26,4,3,262,0,1,0,1,17,0,0,0,0,0,0,0,44,373,Alone,0,1,0,2,0,1,2,Low Income – Low Spending,Low Income – Low Spending
Postgraduate,71604.0,0,0,3,345,53,528,98,75,97,1,8,3,5,4,1,0,0,0,0,0,1,81,1196,Partner,0,2,0,16,2,0,0,High Income – High Spending,High Income – High Spending
Graduate,27244.0,1,0,84,6,5,17,3,24,46,2,2,2,2,7,0,0,0,0,0,0,0,47,101,Partner,1,3,1,6,0,1,2,Low Income – Low Spending,Low Income – Low Spending
Graduate,48752.0,1,1,8,73,57,100,71,15,0,5,6,1,5,9,0,0,0,0,0,0,1,57,316,Partner,2,4,1,12,1,1,1,Low Income – Low Spending,Low Income – High Spending
Graduate,71434.0,0,1,4,711,36,217,172,96,168,3,7,4,7,4,0,1,0,1,0,0,0,64,1400,Partner,1,3,1,18,2,0,0,High Income – High Spending,High Income – High Spending
Graduate,90842.0,0,0,57,774,70,118,182,187,93,1,4,9,13,1,0,0,0,0,0,0,0,78,1424,Alone,0,1,0,26,0,0,0,High Income – High Spending,High Income – High Spending
Postgraduate,88097.0,1,0,24,163,0,480,0,126,75,1,6,5,8,9,0,1,1,1,0,0,1,48,844,Partner,1,3,1,19,4,0,3,High Income – High Spending,High Income – Low Spending
Graduate,51948.0,0,1,51,82,33,54,71,30,41,2,5,2,4,5,0,0,0,0,0,0,0,51,311,Partner,1,3,1,11,0,1,3,Low Income – Low Spending,High Income – Low Spending
Graduate,71853.0,0,0,29,358,108,413,141,97,32,1,2,8,6,1,0,0,0,0,0,0,0,44,1149,Partner,0,2,0,16,0,0,0,High Income – High Spending,High Income – High Spending
Postgraduate,35876.0,0,0,13,66,2,40,4,3,14,1,3,1,3,6,0,0,0,0,0,0,0,43,129,Partner,0,2,0,7,0,1,2,Low Income – Low Spending,Low Income – Low Spending
Graduate,40049.0,0,1,23,13,6,7,0,3,3,1,1,0,3,6,0,0,0,0,0,0,0,74,32,Alone,1,2,1,4,0,1,1,Low Income – Low Spending,Low Income – High Spending
Graduate,39660.0,1,0,36,139,13,78,20,13,36,3,7,1,3,9,0,0,0,0,0,0,1,44,299,Alone,1,2,1,11,1,1,2,Low Income – Low Spending,Low Income – Low Spending
Graduate,50127.0,0,1,88,274,0,21,4,6,15,1,5,1,6,6,0,1,0,0,0,0,0,64,320,Partner,1,3,1,12,1,1,1,Low Income – Low Spending,Low Income – High Spending
Postgraduate,43263.0,0,1,2,262,6,61,0,10,102,3,5,2,6,5,0,0,0,0,0,0,0,49,441,Partner,1,3,1,13,0,1,3,Low Income – Low Spending,High Income – Low Spending
Postgraduate,62845.0,1,1,3,1099,0,45,0,0,34,11,3,4,10,8,0,1,0,0,0,0,1,77,1178,Partner,2,4,1,17,2,1,3,Low Income – Low Spending,High Income – Low Spending
Graduate,18929.0,0,0,15,32,0,8,23,4,18,1,1,0,4,6,0,0,0,0,0,0,0,36,85,Partner,0,2,0,5,0,1,2,Low Income – Low Spending,Low Income – Low Spending
Undergraduate,24367.0,1,0,58,2,4,2,0,11,5,1,1,0,2,9,0,0,0,0,0,0,0,44,24,Alone,1,2,1,3,0,1,2,Low Income – Low Spending,Low Income – Low Spending
Graduate,33249.0,1,0,11,6,10,21,19,14,42,2,2,1,3,6,0,0,0,0,0,0,0,51,112,Alone,1,2,1,6,0,1,2,Low Income – Low Spending,Low Income – Low Spending
Undergraduate,26887.0,0,1,27,6,7,4,3,4,6,1,1,0,3,6,0,0,0,0,0,0,0,67,30,Partner,1,3,1,4,0,1,1,Low Income – Low Spending,Low Income – High Spending
Postgraduate,50150.0,0,0,32,135,46,92,65,61,11,2,5,2,7,5,0,0,0,0,0,0,0,43,410,Partner,0,2,0,14,0,0,2,High Income – High Spending,Low Income – Low Spending
Graduate,62061.0,0,1,12,641,7,84,0,30,38,3,10,4,7,6,0,1,0,0,0,0,0,50,800,Partner,1,3,1,21,1,0,3,High Income – High Spending,High Income – Low Spending
Postgraduate,85696.0,0,0,88,714,76,395,116,0,12,1,4,6,9,1,0,0,0,0,0,0,1,64,1313,Alone,0,1,0,19,1,0,0,High Income – High Spending,High Income – High Spending
Postgraduate,76542.0,0,0,91,794,73,573,0,29,14,1,4,8,10,2,0,0,0,0,0,0,0,70,1483,Partner,0,2,0,22,0,0,0,High Income – High Spending,High Income – High Spending
Graduate,70515.0,0,0,12,420,0,452,182,64,140,1,6,6,4,2,0,0,0,0,0,0,1,33,1258,Alone,0,1,0,16,1,0,0,High Income – High Spending,High Income – High Spending
Graduate,18227.0,1,0,21,1,2,7,4,3,11,1,0,1,2,8,0,0,0,0,0,0,0,39,28,Partner,1,3,1,3,0,1,2,Low Income – Low Spending,Low Income – Low Spending
Graduate,69139.0,0,1,23,86,12,75,33,15,6,1,4,1,5,4,0,0,0,0,0,0,0,61,227,Partner,1,3,1,10,0,1,1,Low Income – Low Spending,Low Income – High Spending
Graduate,69109.0,0,0,10,823,25,459,124,29,95,1,6,6,7,4,0,0,1,0,0,0,1,44,1555,Partner,0,2,0,19,2,0,0,High Income – High Spending,High Income – High Spending
Graduate,69627.0,0,1,35,231,161,215,171,30,53,2,8,2,11,5,0,0,0,0,0,0,0,64,861,Alone,1,2,1,21,0,0,3,High Income – High Spending,High Income – Low Spending
Graduate,38136.0,1,0,69,8,15,27,0,20,33,2,3,1,2,8,1,0,0,0,0,0,0,48,103,Partner,1,3,1,6,1,1,2,Low Income – Low Spending,Low Income – Low Spending
Postgraduate,62159.0,0,0,68,182,17,259,77,70,29,1,6,2,10,4,0,0,0,0,0,0,0,80,634,Alone,0,1,0,18,0,0,0,High Income – High Spending,High Income – High Spending
Graduate,80695.0,0,0,85,557,129,984,193,37,18,1,5,8,5,2,0,0,0,0,0,0,0,63,1918,Alone,0,1,0,18,0,0,0,High Income – High Spending,High Income – High Spending
Postgraduate,33316.0,1,1,34,79,1,31,4,4,12,3,2,1,4,6,0,0,0,0,0,0,0,55,131,Alone,2,3,1,7,0,1,1,Low Income – Low Spending,Low Income – High Spending
Graduate,58554.0,1,1,55,368,24,68,38,0,88,6,8,2,6,7,0,0,0,0,0,0,0,58,586,Partner,2,4,1,16,0,1,3,Low Income – Low Spending,High Income – Low Spending
Undergraduate,17256.0,1,0,10,6,4,14,8,8,22,2,2,1,2,8,1,0,0,0,0,0,0,34,62,Partner,1,3,1,5,1,1,2,Low Income – Low Spending,Low Income – Low Spending
Graduate,53034.0,1,1,30,160,15,196,15,11,50,8,6,1,7,8,0,0,0,0,0,0,0,52,447,Alone,2,3,1,14,0,1,3,Low Income – Low Spending,High Income – Low Spending
Undergraduate,52203.0,0,0,36,488,21,238,56,108,28,1,8,7,11,6,0,0,0,0,0,0,0,76,939,Partner,0,2,0,26,0,0,0,High Income – High Spending,High Income – High Spending
Undergraduate,59601.0,0,1,14,691,7,69,0,7,23,4,2,2,7,8,0,1,0,0,0,0,0,49,797,Alone,1,2,1,11,1,1,3,Low Income – Low Spending,High Income – Low Spending
Postgraduate,75154.0,0,1,79,543,10,205,160,143,82,1,6,3,6,3,0,0,0,0,0,0,1,68,1143,Alone,1,2,1,15,1,0,0,High Income – High Spending,High Income – High Spending
Graduate,47025.0,0,1,52,254,7,108,20,0,26,3,6,3,5,6,0,0,0,0,0,0,0,50,415,Alone,1,2,1,14,0,1,1,Low Income – Low Spending,Low Income – High Spending
Graduate,37971.0,1,0,97,5,4,10,2,2,7,1,1,0,3,8,0,0,0,0,0,0,0,53,30,Partner,1,3,1,4,0,1,2,Low Income – Low Spending,Low Income – Low Spending
Postgraduate,41335.0,1,0,24,112,19,21,16,14,5,3,4,1,4,7,0,0,0,0,0,0,0,58,187,Alone,1,2,1,9,0,1,2,Low Income – Low Spending,Low Income – Low Spending
Graduate,67267.0,0,1,0,134,11,59,15,2,30,1,3,2,5,2,0,0,0,0,0,0,0,68,251,Partner,1,3,1,10,0,1,1,Low Income – Low Spending,Low Income – High Spending
Graduate,57338.0,0,1,96,143,6,52,11,8,17,2,4,1,5,5,0,0,0,0,0,0,0,51,237,Alone,1,2,1,10,0,1,1,Low Income – Low Spending,Low Income – High Spending
Undergraduate,50523.0,1,1,89,51,4,24,4,7,1,2,2,0,4,6,0,0,0,0,0,0,0,66,91,Partner,2,4,1,6,0,1,1,Low Income – Low Spending,Low Income – High Spending
Postgraduate,35791.0,2,1,94,27,0,5,0,0,3,2,1,0,3,8,0,0,0,0,0,0,0,61,35,Alone,3,4,1,4,0,1,1,Low Income – Low Spending,Low Income – High Spending
Postgraduate,50611.0,0,1,98,459,0,24,6,0,4,6,4,5,7,6,0,1,0,0,0,0,0,66,493,Alone,1,2,1,16,1,1,3,Low Income – Low Spending,High Income – Low Spending
Postgraduate,56242.0,0,1,72,689,8,167,11,8,88,5,8,4,11,6,0,0,0,0,0,0,0,57,971,Partner,1,3,1,23,0,0,3,High Income – High Spending,High Income – Low Spending
Graduate,48904.0,0,1,1,283,10,38,0,13,27,4,7,2,4,8,0,0,0,0,0,0,0,66,371,Alone,1,2,1,13,0,1,1,Low Income – Low Spending,Low Income – High Spending
Graduate,56243.0,1,2,26,347,0,35,4,3,7,6,4,2,8,5,0,0,0,0,0,0,0,51,396,Alone,3,4,1,14,0,1,1,Low Income – Low Spending,Low Income – High Spending
Graduate,21355.0,1,0,5,5,13,14,0,5,31,2,2,1,2,6,1,0,0,0,0,0,1,41,68,Partner,1,3,1,5,2,1,2,Low Income – Low Spending,Low Income – Low Spending
Postgraduate,57420.0,0,1,22,280,0,18,0,0,24,3,5,1,6,7,0,1,0,0,0,0,0,55,322,Partner,1,3,1,12,1,1,1,Low Income – Low Spending,Low Income – High Spending
Postgraduate,46390.0,0,1,56,95,14,64,2,9,38,1,4,2,3,7,0,0,0,0,0,0,0,71,222,Alone,1,2,1,9,0,1,1,Low Income – Low Spending,Low Income – High Spending
Undergraduate,54342.0,1,1,74,84,10,34,11,10,28,4,3,1,4,6,0,0,0,0,0,0,0,70,177,Partner,2,4,1,8,0,1,1,Low Income – Low Spending,Low Income – High Spending
Graduate,20895.0,1,0,24,18,3,17,3,0,4,1,2,0,3,9,0,0,0,0,0,0,0,53,45,Partner,1,3,1,5,0,1,2,Low Income – Low Spending,Low Income – Low Spending
Graduate,92344.0,0,0,9,992,24,694,51,19,119,0,5,10,5,1,1,0,1,0,0,0,0,78,1899,Partner,0,2,0,20,2,0,0,High Income – High Spending,High Income – High Spending
Undergraduate,26907.0,1,1,10,9,1,7,0,3,2,2,1,0,3,7,0,0,0,0,0,0,0,50,22,Partner,2,4,1,4,0,1,1,Low Income – Low Spending,Low Income – High Spending
Graduate,44964.0,1,1,35,19,1,17,2,0,2,1,1,0,3,8,0,0,0,0,0,0,0,46,41,Partner,2,4,1,4,0,1,1,Low Income – Low Spending,Low Income – High Spending
Graduate,75507.0,0,0,56,709,93,374,104,80,80,1,8,6,6,3,0,0,0,0,0,0,0,47,1440,Partner,0,2,0,20,0,0,0,High Income – High Spending,High Income – High Spending
Postgraduate,53761.0,1,1,7,158,0,76,13,7,71,6,4,4,3,5,0,0,0,0,0,0,0,54,325,Partner,2,4,1,11,0,1,1,Low Income – Low Spending,Low Income – High Spending
Graduate,22682.0,1,0,51,10,14,29,4,2,36,3,2,1,4,4,0,0,0,0,0,0,0,53,95,Partner,1,3,1,7,0,1,2,Low Income – Low Spending,Low Income – Low Spending
Postgraduate,38887.0,1,0,17,25,1,13,0,0,3,1,1,0,3,7,0,0,0,0,0,0,0,54,42,Partner,1,3,1,4,0,1,2,Low Income – Low Spending,Low Income – Low Spending
Undergraduate,41658.0,1,1,30,8,4,12,15,4,29,2,1,1,2,4,0,0,0,0,0,0,0,51,72,Alone,2,3,1,4,0,1,1,Low Income – Low Spending,Low Income – High Spending
Postgraduate,29791.0,1,0,21,14,0,6,0,0,0,2,2,0,3,5,0,0,0,0,0,0,0,54,20,Partner,1,3,1,5,0,1,2,Low Income – Low Spending,Low Income – Low Spending
Postgraduate,63915.0,0,2,2,622,7,115,30,0,15,2,6,3,12,5,0,0,0,0,0,0,0,70,789,Partner,2,4,1,21,0,0,3,High Income – High Spending,High Income – Low Spending
Graduate,39996.0,1,1,85,11,0,3,0,0,1,1,1,0,2,6,0,0,0,0,0,0,0,52,15,Alone,2,3,1,3,0,1,1,Low Income – Low Spending,Low Income – High Spending
Graduate,26759.0,1,0,65,25,3,16,8,5,2,2,2,1,3,6,0,0,0,0,0,0,0,54,59,Alone,1,2,1,6,0,1,2,Low Income – Low Spending,Low Income – Low Spending
Postgraduate,63841.0,0,1,64,635,15,100,20,7,131,1,9,3,9,6,0,0,0,0,0,0,0,58,908,Alone,1,2,1,21,0,0,3,High Income – High Spending,High Income – Low Spending
Postgraduate,51039.0,1,1,11,100,64,79,65,0,109,2,6,2,4,7,0,0,0,0,0,0,0,57,417,Partner,2,4,1,12,0,1,3,Low Income – Low Spending,High Income – Low Spending
Graduate,60544.0,1,1,92,201,2,43,3,5,35,4,5,1,5,6,0,0,0,0,0,0,0,65,289,Partner,2,4,1,11,0,1,1,Low Income – Low Spending,Low Income – High Spending
Graduate,65685.0,0,1,54,642,14,49,0,7,57,1,9,2,9,5,0,0,0,0,0,0,0,54,769,Partner,1,3,1,20,0,0,3,High Income – High Spending,High Income – Low Spending
Graduate,37716.0,0,1,4,97,1,41,6,2,41,2,4,1,3,7,0,0,0,0,0,0,0,73,188,Partner,1,3,1,8,0,1,1,Low Income – Low Spending,Low Income – High Spending
Graduate,36864.0,0,1,53,204,5,39,17,0,89,3,5,2,4,8,0,0,0,0,0,0,1,69,354,Alone,1,2,1,11,1,1,1,Low Income – Low Spending,Low Income – High Spending
Postgraduate,44511.0,1,0,39,513,7,133,46,14,14,6,8,4,8,8,0,0,0,0,0,0,0,56,727,Partner,1,3,1,20,0,1,3,Low Income – Low Spending,High Income – Low Spending
Postgraduate,36947.0,1,1,49,88,3,21,4,1,29,4,3,0,4,9,0,0,0,0,0,0,0,59,146,Partner,2,4,1,7,0,1,1,Low Income – Low Spending,Low Income – High Spending
Postgraduate,47352.0,0,1,70,172,12,112,8,0,15,4,6,1,5,7,0,0,0,0,0,0,0,75,319,Partner,1,3,1,12,0,1,1,Low Income – Low Spending,Low Income – High Spending
Postgraduate,67087.0,0,1,40,329,35,222,130,35,43,2,7,5,8,4,0,0,0,0,0,0,0,73,794,Partner,1,3,1,20,0,0,3,High Income – High Spending,High Income – Low Spending
Graduate,57045.0,0,1,40,296,13,104,11,13,17,3,4,2,9,3,0,0,0,0,0,0,0,76,454,Partner,1,3,1,15,0,1,3,Low Income – Low Spending,High Income – Low Spending
Postgraduate,36957.0,1,1,43,100,2,16,2,1,31,4,3,2,2,9,0,0,0,0,0,0,1,73,152,Alone,2,3,1,7,1,1,1,Low Income – Low Spending,Low Income – High Spending
Postgraduate,69389.0,0,1,17,422,7,238,69,46,15,1,7,2,12,4,0,0,0,0,0,0,0,49,797,Partner,1,3,1,21,0,0,3,High Income – High Spending,High Income – Low Spending
Graduate,80134.0,1,0,40,1218,16,272,104,0,80,2,5,3,6,6,0,1,1,1,0,0,1,54,1690,Partner,1,3,1,14,4,0,3,High Income – High Spending,High Income – Low Spending
Postgraduate,43142.0,1,1,84,5,1,7,2,1,4,1,1,0,2,7,0,0,0,0,0,0,0,57,20,Partner,2,4,1,3,0,1,1,Low Income – Low Spending,Low Income – High Spending
Graduate,80589.0,0,0,25,507,93,520,242,40,26,1,5,10,5,1,0,0,0,1,0,0,1,82,1428,Partner,0,2,0,20,2,0,0,High Income – High Spending,High Income – High Spending
Graduate,34412.0,1,0,62,52,12,50,4,36,55,3,5,0,3,9,0,0,0,0,0,0,0,36,209,Alone,1,2,1,8,0,1,2,Low Income – Low Spending,Low Income – Low Spending
Graduate,57537.0,1,0,83,191,56,139,51,8,100,4,4,3,8,4,0,0,0,0,0,0,0,47,545,Alone,1,2,1,15,0,1,3,Low Income – Low Spending,High Income – Low Spending
Undergraduate,22634.0,0,0,47,2,23,11,8,6,46,1,2,1,2,8,0,0,0,0,0,0,0,60,96,Partner,0,2,0,5,0,1,2,Low Income – Low Spending,Low Income – Low Spending
Graduate,51315.0,0,0,45,68,28,39,16,30,41,1,2,2,5,2,0,0,0,0,0,0,0,78,222,Partner,0,2,0,9,0,1,1,Low Income – Low Spending,Low Income – High Spending
Graduate,36026.0,2,1,34,20,4,10,6,4,17,2,2,0,3,6,0,0,0,0,0,0,0,54,61,Partner,3,5,1,5,0,1,1,Low Income – Low Spending,Low Income – High Spending
Graduate,24639.0,1,1,3,20,3,16,0,4,1,3,2,0,4,6,0,0,0,0,0,0,0,53,44,Partner,2,4,1,6,0,1,1,Low Income – Low Spending,Low Income – High Spending
Postgraduate,34578.0,2,1,1,7,0,1,0,0,0,1,1,0,2,6,0,0,0,0,0,0,0,54,8,Partner,3,5,1,3,0,1,1,Low Income – Low Spending,Low Income – High Spending
Undergraduate,65704.0,0,0,18,279,172,74,38,8,246,1,2,10,10,1,0,0,0,0,0,0,0,54,817,Alone,0,1,0,22,0,0,0,High Income – High Spending,High Income – High Spending
Graduate,63810.0,0,1,45,977,12,253,16,12,101,4,4,3,12,8,0,1,0,0,0,0,0,60,1371,Alone,1,2,1,19,1,0,3,High Income – High Spending,High Income – Low Spending
Postgraduate,54132.0,0,1,81,30,1,8,0,0,3,1,1,0,3,7,0,0,0,0,0,0,0,57,42,Partner,1,3,1,4,0,1,1,Low Income – Low Spending,Low Income – High Spending
Graduate,18690.0,0,0,77,6,1,7,23,4,19,1,1,1,2,8,0,0,0,0,0,0,0,67,60,Partner,0,2,0,4,0,1,2,Low Income – Low Spending,Low Income – Low Spending
Graduate,28164.0,1,0,23,3,18,26,11,8,12,3,2,0,4,7,0,0,0,0,0,0,0,56,78,Partner,1,3,1,6,0,1,2,Low Income – Low Spending,Low Income – Low Spending
Postgraduate,34596.0,1,0,48,14,0,2,0,0,7,1,1,0,2,8,0,0,0,0,0,0,0,52,23,Partner,1,3,1,3,0,1,2,Low Income – Low Spending,Low Income – Low Spending
Postgraduate,43269.0,1,0,61,10,1,7,0,0,1,1,1,0,2,8,0,0,0,0,0,0,0,54,19,Partner,1,3,1,3,0,1,2,Low Income – Low Spending,Low Income – Low Spending
Undergraduate,38741.0,1,1,60,7,10,17,8,6,13,2,2,0,3,7,0,0,0,0,0,0,0,68,61,Alone,2,3,1,5,0,1,1,Low Income – Low Spending,Low Income – High Spending
Graduate,31907.0,0,0,75,33,87,64,175,16,74,1,6,1,6,7,0,0,0,0,0,0,0,54,449,Alone,0,1,0,13,0,0,2,High Income – High Spending,Low Income – Low Spending
Postgraduate,27100.0,1,0,64,12,0,13,2,0,10,1,1,0,3,7,0,0,0,0,0,0,0,43,37,Partner,1,3,1,4,0,1,2,Low Income – Low Spending,Low Income – Low Spending
Undergraduate,31163.0,1,0,54,2,3,10,11,2,10,1,1,0,3,6,0,0,0,0,0,0,0,53,38,Alone,1,2,1,4,0,1,2,Low Income – Low Spending,Low Income – Low Spending
Graduate,92533.0,0,0,84,693,21,118,110,147,42,1,6,5,11,2,0,0,1,1,0,0,0,41,1131,Partner,0,2,0,22,2,0,0,High Income – High Spending,High Income – High Spending
Graduate,34853.0,1,1,75,9,3,15,2,3,2,2,2,0,3,6,0,0,0,0,0,0,0,53,34,Alone,2,3,1,5,0,1,1,Low Income – Low Spending,Low Income – High Spending
Graduate,70844.0,1,1,16,129,26,67,3,67,2,5,6,1,5,7,0,0,0,0,0,0,0,59,294,Alone,2,3,1,12,0,1,1,Low Income – Low Spending,Low Income – High Spending
Undergraduate,31086.0,1,1,79,16,2,11,3,0,16,2,1,1,2,8,1,0,0,0,0,0,0,47,48,Partner,2,4,1,4,1,1,1,Low Income – Low Spending,Low Income – High Spending
Graduate,60544.0,1,1,92,201,2,43,3,5,35,4,5,1,5,6,0,0,0,0,0,0,0,65,289,Partner,2,4,1,11,0,1,1,Low Income – Low Spending,Low Income – High Spending
Undergraduate,20491.0,0,0,16,5,4,5,4,2,10,1,0,1,2,7,0,0,0,0,0,0,0,40,30,Partner,0,2,0,3,0,1,2,Low Income – Low Spending,Low Income – Low Spending
Graduate,42523.0,0,0,96,14,36,11,3,26,35,1,1,1,4,2,0,0,0,0,0,0,0,62,125,Partner,0,2,0,6,0,1,2,Low Income – Low Spending,Low Income – Low Spending
Graduate,39922.0,1,0,30,29,12,59,19,1,36,2,3,0,4,8,0,0,0,0,0,0,0,43,156,Partner,1,3,1,7,0,1,2,Low Income – Low Spending,Low Income – Low Spending
Graduate,33402.0,1,1,60,26,2,19,10,5,8,3,2,1,3,8,0,0,0,0,0,0,0,74,70,Partner,2,4,1,6,0,1,1,Low Income – Low Spending,Low Income – High Spending
Postgraduate,36408.0,1,1,11,9,1,4,3,2,3,1,1,0,2,6,0,0,0,0,0,0,0,77,22,Partner,2,4,1,3,0,1,1,Low Income – Low Spending,Low Income – High Spending
Graduate,21645.0,1,0,75,14,0,23,4,5,19,3,3,0,3,9,0,0,0,0,0,0,1,47,65,Partner,1,3,1,6,1,1,2,Low Income – Low Spending,Low Income – Low Spending
Postgraduate,78427.0,0,0,36,972,19,595,180,26,138,3,3,7,10,3,0,0,0,1,0,0,1,78,1930,Alone,0,1,0,20,2,0,0,High Income – High Spending,High Income – High Spending
Graduate,82657.0,0,0,71,966,168,672,246,105,126,1,7,5,10,4,0,1,0,1,0,0,0,80,2283,Partner,0,2,0,22,2,0,0,High Income – High Spending,High Income – High Spending
Graduate,51876.0,0,0,88,99,27,102,28,48,6,1,2,2,8,1,0,0,0,0,0,0,0,68,310,Partner,0,2,0,12,0,1,2,Low Income – Low Spending,Low Income – Low Spending
Undergraduate,78041.0,0,0,93,482,35,553,72,160,17,1,4,4,9,2,0,0,0,0,0,0,0,55,1319,Partner,0,2,0,17,0,0,0,High Income – High Spending,High Income – High Spending
Graduate,52852.0,0,1,93,714,8,99,11,0,47,4,10,7,5,8,1,0,0,0,0,0,0,69,879,Partner,1,3,1,22,1,0,3,High Income – High Spending,High Income – Low Spending
Postgraduate,70038.0,0,0,54,587,54,348,71,54,130,1,4,4,8,2,0,0,0,0,0,0,0,44,1244,Partner,0,2,0,16,0,0,0,High Income – High Spending,High Income – High Spending
Undergraduate,69401.0,0,1,41,399,27,159,58,8,39,4,4,4,5,2,0,0,0,0,0,0,0,53,690,Partner,1,3,1,13,0,0,3,High Income – High Spending,High Income – Low Spending
Graduate,46053.0,1,0,46,56,10,92,19,7,25,3,3,2,4,5,0,0,0,0,0,0,0,54,209,Partner,1,3,1,9,0,1,2,Low Income – Low Spending,Low Income – Low Spending
Graduate,77343.0,0,0,28,227,151,573,98,54,31,1,3,4,9,1,0,0,0,0,0,0,0,61,1134,Partner,0,2,0,16,0,0,0,High Income – High Spending,High Income – High Spending
Graduate,73892.0,0,0,40,703,102,601,0,58,43,1,3,11,8,1,0,0,0,0,0,0,1,73,1507,Alone,0,1,0,22,1,0,0,High Income – High Spending,High Income – High Spending
Postgraduate,40304.0,1,0,82,37,0,17,0,0,3,1,2,0,3,7,0,0,0,0,0,0,0,59,57,Alone,1,2,1,5,0,1,2,Low Income – Low Spending,Low Income – Low Spending
Postgraduate,32727.0,0,0,38,167,13,180,86,13,70,2,7,3,5,8,0,0,0,0,0,0,0,61,529,Partner,0,2,0,15,0,1,3,Low Income – Low Spending,High Income – Low Spending
Graduate,68695.0,0,0,3,458,81,356,106,50,40,1,4,4,7,2,0,0,0,0,0,0,0,57,1091,Partner,0,2,0,15,0,0,0,High Income – High Spending,High Income – High Spending
Graduate,43300.0,0,1,87,91,3,52,2,1,31,3,4,0,4,8,0,0,0,0,0,0,1,55,180,Alone,1,2,1,8,1,1,1,Low Income – Low Spending,Low Income – High Spending
Graduate,26290.0,1,1,49,15,8,16,11,5,22,4,2,0,4,6,0,0,0,0,0,0,0,54,77,Partner,2,4,1,6,0,1,1,Low Income – Low Spending,Low Income – High Spending
Graduate,93790.0,0,0,16,1302,68,731,89,114,45,0,6,7,12,2,0,1,1,1,0,0,1,56,2349,Alone,0,1,0,25,4,0,0,High Income – High Spending,High Income – High Spending
Postgraduate,38410.0,0,0,65,153,64,123,116,64,14,2,5,2,9,6,0,0,0,0,0,0,1,52,534,Partner,0,2,0,16,1,0,0,High Income – High Spending,High Income – High Spending
Postgraduate,64866.0,0,1,9,508,5,21,7,5,10,4,7,3,7,5,0,1,0,0,0,0,0,76,556,Alone,1,2,1,17,1,1,3,Low Income – Low Spending,High Income – Low Spending
Graduate,57957.0,0,1,24,290,59,177,77,5,29,7,4,6,8,3,0,0,0,0,0,1,0,67,637,Partner,1,3,1,18,0,0,3,High Income – High Spending,High Income – Low Spending
Postgraduate,46015.0,1,1,25,38,0,2,0,0,6,1,1,0,3,7,1,0,0,0,1,0,0,71,46,Partner,2,4,1,4,2,1,1,Low Income – Low Spending,Low Income – High Spending
Graduate,16531.0,1,0,43,2,13,6,7,5,11,3,3,0,3,7,0,0,0,0,0,0,0,48,44,Partner,1,3,1,6,0,1,2,Low Income – Low Spending,Low Income – Low Spending
Postgraduate,28072.0,1,0,10,30,0,10,2,0,5,1,1,0,3,7,0,0,0,0,0,0,0,40,47,Partner,1,3,1,4,0,1,2,Low Income – Low Spending,Low Income – Low Spending
Postgraduate,49476.0,0,1,29,386,23,95,54,41,196,4,2,11,5,2,0,0,0,0,0,0,0,63,795,Alone,1,2,1,18,0,0,3,High Income – High Spending,High Income – Low Spending
Graduate,50725.0,0,1,45,443,10,75,0,10,48,4,8,1,8,8,0,0,0,0,0,0,0,73,586,Partner,1,3,1,17,0,1,3,Low Income – Low Spending,High Income – Low Spending
Graduate,83844.0,0,0,57,901,31,345,75,31,191,1,4,4,11,1,0,0,1,0,0,0,0,74,1574,Partner,0,2,0,19,1,0,0,High Income – High Spending,High Income – High Spending
Postgraduate,41145.0,1,1,20,9,0,3,0,0,1,1,0,0,3,3,0,0,0,0,0,0,0,76,13,Partner,2,4,1,3,0,1,1,Low Income – Low Spending,Low Income – High Spending
Graduate,67419.0,0,1,29,846,84,352,91,56,42,4,9,4,8,5,0,0,0,0,0,0,0,56,1471,Partner,1,3,1,21,0,0,3,High Income – High Spending,High Income – Low Spending
Undergraduate,23162.0,1,1,82,8,3,9,19,4,22,3,1,1,3,6,0,0,0,0,0,0,0,56,65,Partner,2,4,1,5,0,1,1,Low Income – Low Spending,Low Income – High Spending
Graduate,34380.0,1,0,68,72,7,58,13,1,24,4,4,1,3,8,0,0,0,0,0,0,0,49,175,Partner,1,3,1,8,0,1,2,Low Income – Low Spending,Low Income – Low Spending
Graduate,34704.0,0,1,65,29,0,5,0,1,5,1,1,0,3,5,0,0,0,0,0,0,0,60,40,Alone,1,2,1,4,0,1,1,Low Income – Low Spending,Low Income – High Spending
Postgraduate,94871.0,0,2,99,169,24,553,188,0,144,1,8,5,4,7,0,1,1,0,0,0,1,57,1078,Partner,2,4,1,17,3,0,3,High Income – High Spending,High Income – Low Spending
Graduate,65148.0,0,1,9,460,35,422,33,12,153,2,6,6,7,4,0,0,0,0,0,0,0,68,1115,Partner,1,3,1,19,0,0,3,High Income – High Spending,High Income – Low Spending
Graduate,39898.0,0,1,20,69,8,26,12,7,12,2,3,0,4,7,0,0,0,0,0,0,0,72,134,Partner,1,3,1,7,0,1,1,Low Income – Low Spending,Low Income – High Spending
Postgraduate,64857.0,0,0,78,556,14,717,210,0,43,1,7,5,10,4,0,0,0,0,0,0,0,70,1540,Alone,0,1,0,22,0,0,0,High Income – High Spending,High Income – High Spending
Postgraduate,59892.0,0,1,26,73,0,13,0,1,0,1,2,1,3,3,0,0,0,0,0,0,0,56,87,Partner,1,3,1,6,0,1,1,Low Income – Low Spending,Low Income – High Spending
Postgraduate,41020.0,0,0,68,112,1,54,7,7,36,1,3,2,4,3,0,0,0,0,0,0,0,39,217,Alone,0,1,0,9,0,1,2,Low Income – Low Spending,Low Income – Low Spending
Postgraduate,57072.0,0,1,79,944,0,60,0,0,30,2,7,5,13,5,1,0,0,0,0,0,0,65,1034,Partner,1,3,1,25,1,0,3,High Income – High Spending,High Income – Low Spending
Graduate,60474.0,0,1,25,265,199,303,234,9,170,7,10,2,12,7,0,0,0,0,0,0,0,47,1180,Alone,1,2,1,24,0,0,3,High Income – High Spending,High Income – Low Spending
Graduate,62807.0,0,1,83,526,28,135,10,21,99,3,5,3,12,5,0,0,0,0,0,0,0,66,819,Partner,1,3,1,20,0,0,3,High Income – High Spending,High Income – Low Spending
Undergraduate,19414.0,1,0,32,2,3,12,3,5,7,1,1,0,3,8,0,0,0,0,0,0,0,45,32,Partner,1,3,1,4,0,1,2,Low Income – Low Spending,Low Income – Low Spending
Graduate,19107.0,1,0,49,2,4,9,10,5,16,2,1,0,3,7,0,0,0,0,0,0,0,46,46,Partner,1,3,1,4,0,1,2,Low Income – Low Spending,Low Income – Low Spending
Undergraduate,75484.0,0,1,50,378,97,259,197,194,34,2,7,3,6,4,0,0,0,0,0,0,0,50,1159,Partner,1,3,1,16,0,0,0,High Income – High Spending,High Income – High Spending
Postgraduate,70379.0,0,1,84,553,25,142,65,67,8,3,6,3,13,4,0,0,0,0,0,0,0,50,860,Alone,1,2,1,22,0,0,3,High Income – High Spending,High Income – Low Spending
Postgraduate,79419.0,0,0,96,751,127,687,20,15,31,1,4,6,4,2,0,0,0,0,0,0,0,56,1631,Partner,0,2,0,14,0,0,0,High Income – High Spending,High Income – High Spending
Postgraduate,64014.0,2,1,56,406,0,30,0,0,8,7,8,2,5,7,0,0,0,1,0,0,0,80,444,Partner,3,5,1,15,1,1,1,Low Income – Low Spending,Low Income – High Spending
Graduate,76998.0,0,1,85,1449,89,161,69,35,107,2,11,8,8,6,0,0,1,0,0,0,0,71,1910,Partner,1,3,1,27,1,0,3,High Income – High Spending,High Income – Low Spending
Postgraduate,49854.0,1,0,63,123,17,171,39,0,30,5,6,2,5,6,0,0,0,0,0,0,0,54,380,Partner,1,3,1,13,0,1,2,Low Income – Low Spending,Low Income – Low Spending
Postgraduate,60585.0,1,1,17,267,42,309,55,42,21,10,7,4,9,5,0,0,0,0,0,0,1,55,736,Partner,2,4,1,20,1,1,3,Low Income – Low Spending,High Income – Low Spending
Postgraduate,42873.0,1,1,11,209,0,40,3,2,15,4,6,1,4,8,0,0,0,0,0,0,0,76,269,Alone,2,3,1,11,0,1,1,Low Income – Low Spending,Low Income – High Spending
Graduate,57867.0,1,0,48,344,35,178,15,23,17,7,7,2,9,6,0,0,0,0,0,0,0,48,612,Partner,1,3,1,18,0,1,3,Low Income – Low Spending,High Income – Low Spending
Graduate,35765.0,1,0,86,22,3,30,0,5,15,2,2,0,4,6,0,0,0,0,0,0,0,36,75,Partner,1,3,1,6,0,1,2,Low Income – Low Spending,Low Income – Low Spending
Graduate,65492.0,0,0,73,247,161,295,210,85,47,2,4,7,13,2,0,0,0,0,0,0,0,67,1045,Partner,0,2,0,24,0,0,0,High Income – High Spending,High Income – High Spending
Graduate,32952.0,1,0,36,38,0,12,3,1,1,1,2,0,3,7,0,0,0,0,0,0,0,49,55,Alone,1,2,1,5,0,1,2,Low Income – Low Spending,Low Income – Low Spending
Postgraduate,53374.0,0,1,34,896,10,101,13,10,34,6,4,2,9,9,1,0,0,0,0,0,1,57,1064,Partner,1,3,1,15,2,1,3,Low Income – Low Spending,High Income – Low Spending
Graduate,71706.0,0,1,16,931,56,253,91,98,14,4,9,5,7,5,0,0,0,0,0,0,0,67,1443,Partner,1,3,1,21,0,0,3,High Income – High Spending,High Income – Low Spending
Graduate,68487.0,0,0,48,758,12,385,33,89,89,1,9,7,13,4,0,0,0,0,0,0,0,38,1366,Partner,0,2,0,29,0,0,0,High Income – High Spending,High Income – High Spending
Postgraduate,53253.0,1,1,61,216,9,57,20,9,125,7,4,3,5,5,0,0,0,0,0,0,0,51,436,Partner,2,4,1,12,0,1,3,Low Income – Low Spending,High Income – Low Spending
Undergraduate,31163.0,1,0,54,2,3,10,11,2,10,1,1,0,3,6,0,0,0,0,0,0,0,53,38,Alone,1,2,1,4,0,1,2,Low Income – Low Spending,Low Income – Low Spending
Graduate,42014.0,1,0,56,244,15,108,4,15,50,6,7,1,6,8,0,0,0,0,0,0,1,49,436,Partner,1,3,1,14,1,1,2,Low Income – Low Spending,Low Income – Low Spending
Postgraduate,54108.0,1,1,74,539,6,91,8,6,97,13,8,2,9,8,0,0,0,0,0,0,0,53,747,Partner,2,4,1,19,0,1,3,Low Income – Low Spending,High Income – Low Spending
Postgraduate,49667.0,0,0,35,1181,26,120,17,13,39,2,5,10,5,8,1,0,0,0,0,0,1,71,1396,Alone,0,1,0,20,2,0,3,High Income – High Spending,High Income – Low Spending
Postgraduate,63206.0,0,0,65,750,8,125,11,8,26,1,4,3,6,2,0,0,1,0,0,0,0,52,928,Partner,0,2,0,13,1,0,0,High Income – High Spending,High Income – High Spending
Postgraduate,57136.0,1,1,48,306,5,109,21,109,92,9,5,2,10,6,0,0,0,0,0,0,0,54,642,Partner,2,4,1,17,0,1,3,Low Income – Low Spending,High Income – Low Spending
Undergraduate,46772.0,0,1,88,350,104,189,197,151,57,6,11,8,5,8,1,0,0,0,0,0,0,51,1048,Partner,1,3,1,24,1,0,3,High Income – High Spending,High Income – Low Spending
Postgraduate,78931.0,0,0,19,331,197,170,58,152,35,1,2,8,13,1,0,0,0,0,0,0,0,55,943,Partner,0,2,0,23,0,0,0,High Income – High Spending,High Income – High Spending
Graduate,53977.0,0,1,21,620,16,165,0,24,82,5,5,5,12,5,0,0,0,0,0,0,0,68,907,Partner,1,3,1,22,0,0,3,High Income – High Spending,High Income – Low Spending
Graduate,84219.0,0,0,27,434,137,400,45,137,45,1,3,4,10,1,0,0,0,0,0,0,0,38,1198,Partner,0,2,0,17,0,0,0,High Income – High Spending,High Income – High Spending
Postgraduate,46098.0,1,1,86,57,0,27,0,0,36,4,3,2,2,8,0,0,0,0,0,0,0,51,120,Alone,2,3,1,7,0,1,1,Low Income – Low Spending,Low Income – High Spending
Graduate,73538.0,0,1,92,811,76,428,99,137,107,3,10,4,9,7,0,0,0,0,0,0,0,61,1658,Partner,1,3,1,23,0,0,0,High Income – High Spending,High Income – High Spending
Graduate,79529.0,0,0,1,423,42,706,73,197,197,1,4,8,9,2,0,0,0,0,0,0,0,40,1638,Partner,0,2,0,21,0,0,0,High Income – High Spending,High Income – High Spending
Undergraduate,20981.0,0,0,14,2,12,10,6,13,30,1,3,1,2,8,0,0,0,0,0,0,1,49,73,Partner,0,2,0,6,1,1,2,Low Income – Low Spending,Low Income – Low Spending
Graduate,51766.0,1,0,74,60,51,87,6,20,51,2,4,2,4,5,0,0,0,0,0,0,0,46,275,Alone,1,2,1,10,0,1,2,Low Income – Low Spending,Low Income – Low Spending
Graduate,55759.0,0,1,84,675,0,85,10,7,77,5,10,3,8,8,0,0,0,0,0,0,0,64,854,Partner,1,3,1,21,0,0,3,High Income – High Spending,High Income – Low Spending
Graduate,33039.0,1,0,4,30,8,12,8,8,12,1,2,0,4,5,0,0,0,0,0,0,0,48,78,Partner,1,3,1,6,0,1,2,Low Income – Low Spending,Low Income – Low Spending
Postgraduate,37787.0,1,0,50,40,1,40,4,3,18,1,3,0,3,8,0,0,0,0,0,0,0,54,106,Partner,1,3,1,6,0,1,2,Low Income – Low Spending,Low Income – Low Spending
Graduate,27242.0,1,0,2,3,17,26,20,1,39,2,2,0,3,9,0,0,0,0,0,0,1,56,106,Alone,1,2,1,5,1,1,2,Low Income – Low Spending,Low Income – Low Spending
Postgraduate,87188.0,0,0,73,910,111,724,49,74,55,1,10,2,6,3,0,0,0,0,0,0,1,43,1923,Alone,0,1,0,18,1,0,0,High Income – High Spending,High Income – High Spending
Graduate,69930.0,0,0,21,252,98,827,219,70,196,1,4,5,12,3,0,0,0,0,0,0,0,55,1662,Partner,0,2,0,21,0,0,0,High Income – High Spending,High Income – High Spending
Graduate,37697.0,1,0,82,34,6,21,11,4,8,1,2,1,3,6,0,0,0,0,0,0,0,50,84,Alone,1,2,1,6,0,1,2,Low Income – Low Spending,Low Income – Low Spending
Postgraduate,37401.0,1,0,14,19,3,19,3,1,3,2,2,0,3,7,0,0,0,0,0,0,0,53,48,Partner,1,3,1,5,0,1,2,Low Income – Low Spending,Low Income – Low Spending
Graduate,3502.0,1,0,56,2,1,1,0,0,1,0,0,0,0,14,0,0,0,0,0,0,0,53,5,Alone,1,2,1,0,0,1,2,Low Income – Low Spending,Low Income – Low Spending
Graduate,58597.0,1,1,20,490,0,184,10,28,21,12,7,4,9,7,0,0,0,0,0,0,0,50,733,Partner,2,4,1,20,0,1,3,Low Income – Low Spending,High Income – Low Spending
Postgraduate,82032.0,0,0,54,332,194,377,149,125,57,0,4,6,7,1,0,0,0,0,0,0,0,78,1234,Alone,0,1,0,17,0,0,0,High Income – High Spending,High Income – High Spending
Graduate,28087.0,1,1,77,53,8,17,13,0,21,3,2,2,2,7,0,0,0,0,0,0,0,68,112,Partner,2,4,1,6,0,1,1,Low Income – Low Spending,Low Income – High Spending
Postgraduate,74004.0,0,0,5,784,48,560,42,176,48,1,4,6,4,3,0,0,1,1,0,0,1,39,1658,Alone,0,1,0,14,3,0,0,High Income – High Spending,High Income – High Spending
Graduate,19740.0,0,1,65,7,11,3,10,4,20,2,1,1,3,5,0,0,0,0,0,0,0,66,55,Partner,1,3,1,5,0,1,1,Low Income – Low Spending,Low Income – High Spending
Undergraduate,57036.0,0,1,33,1171,43,219,19,14,47,4,6,3,13,9,1,0,0,0,0,0,0,51,1513,Partner,1,3,1,22,1,0,3,High Income – High Spending,High Income – Low Spending
Undergraduate,53083.0,1,1,65,215,7,33,3,0,13,6,5,1,5,7,0,1,0,0,0,0,0,68,271,Partner,2,4,1,11,1,1,1,Low Income – Low Spending,Low Income – High Spending
Postgraduate,69283.0,0,1,41,674,62,134,0,26,8,4,7,3,13,5,0,0,0,0,0,0,0,51,904,Partner,1,3,1,23,0,0,3,High Income – High Spending,High Income – Low Spending
Postgraduate,46098.0,1,1,86,57,0,27,0,0,36,4,3,2,2,8,0,0,0,0,0,0,1,51,120,Alone,2,3,1,7,1,1,1,Low Income – Low Spending,Low Income – High Spending
Undergraduate,23331.0,1,0,92,5,36,7,0,10,45,2,3,0,3,8,0,0,0,0,0,0,0,38,103,Partner,1,3,1,6,0,1,2,Low Income – Low Spending,Low Income – Low Spending
Undergraduate,23331.0,1,0,97,104,20,101,24,15,5,6,5,1,5,9,0,0,0,0,0,0,0,38,269,Alone,1,2,1,11,0,1,2,Low Income – Low Spending,Low Income – Low Spending
Graduate,9255.0,1,0,91,9,0,7,2,0,4,1,1,1,2,8,0,0,0,0,0,0,0,37,22,Alone,1,2,1,4,0,1,2,Low Income – Low Spending,Low Income – Low Spending
Postgraduate,67786.0,0,0,0,431,82,441,80,20,102,1,3,6,6,1,0,0,0,0,0,0,1,67,1156,Alone,0,1,0,15,1,0,0,High Income – High Spending,High Income – High Spending
Postgraduate,71969.0,0,1,59,1000,0,76,0,0,10,3,3,4,9,8,0,1,0,0,0,0,0,55,1086,Partner,1,3,1,16,1,0,3,High Income – High Spending,High Income – Low Spending
Postgraduate,59235.0,1,0,4,448,40,469,80,0,91,3,11,2,12,7,0,0,0,0,0,0,0,59,1128,Alone,1,2,1,25,0,0,3,High Income – High Spending,High Income – Low Spending
Graduate,31928.0,1,0,5,33,4,24,4,2,5,2,3,0,4,7,0,0,0,0,0,0,0,37,72,Partner,1,3,1,7,0,1,2,Low Income – Low Spending,Low Income – Low Spending
Postgraduate,74881.0,1,1,48,505,72,270,36,27,54,4,9,2,12,5,0,0,0,0,0,0,0,65,964,Partner,2,4,1,23,0,0,3,High Income – High Spending,High Income – Low Spending
Graduate,65819.0,0,0,99,267,38,701,149,165,63,1,5,4,10,3,0,0,0,0,0,0,0,48,1383,Partner,0,2,0,19,0,0,0,High Income – High Spending,High Income – High Spending
Postgraduate,51411.0,1,2,81,14,0,3,0,0,1,1,0,0,3,5,0,0,0,0,0,0,0,73,18,Alone,3,4,1,3,0,1,1,Low Income – Low Spending,Low Income – High Spending
Graduate,51983.0,0,1,95,631,0,115,10,7,30,3,9,2,10,7,0,0,0,0,0,0,0,62,793,Alone,1,2,1,21,0,1,3,Low Income – Low Spending,High Income – Low Spending
Postgraduate,42386.0,1,0,43,65,4,16,0,4,11,1,3,0,3,8,0,0,0,0,0,0,0,40,100,Partner,1,3,1,6,0,1,2,Low Income – Low Spending,Low Income – Low Spending
Undergraduate,30390.0,0,0,5,10,12,12,25,1,20,1,2,0,3,6,0,0,0,0,0,0,0,39,80,Partner,0,2,0,5,0,1,2,Low Income – Low Spending,Low Income – Low Spending
Graduate,30983.0,0,0,50,51,4,50,12,1,49,1,4,0,3,8,0,0,0,0,0,0,1,63,167,Alone,0,1,0,7,1,1,2,Low Income – Low Spending,Low Income – Low Spending
Graduate,66033.0,0,1,76,293,35,179,46,59,65,2,8,3,7,7,0,0,0,0,0,0,0,69,677,Alone,1,2,1,18,0,0,3,High Income – High Spending,High Income – Low Spending
Undergraduate,37284.0,1,1,46,11,1,2,2,1,6,1,0,0,3,6,0,0,0,0,0,0,0,51,23,Partner,2,4,1,3,0,1,1,Low Income – Low Spending,Low Income – High Spending
Postgraduate,57530.0,0,1,68,50,1,27,6,7,1,1,1,1,4,1,0,0,0,0,0,0,0,75,92,Alone,1,2,1,6,0,1,1,Low Income – Low Spending,Low Income – High Spending
Undergraduate,76800.0,0,0,33,173,26,255,35,71,81,1,4,4,7,1,0,0,0,0,0,0,0,61,641,Partner,0,2,0,15,0,0,0,High Income – High Spending,High Income – High Spending
Graduate,63943.0,0,1,50,423,184,368,13,97,21,1,6,4,6,5,0,0,0,0,0,0,0,70,1106,Partner,1,3,1,16,0,0,0,High Income – High Spending,High Income – High Spending
Graduate,76081.0,0,0,85,292,30,415,63,33,200,1,4,5,4,2,0,0,0,1,0,0,0,64,1033,Partner,0,2,0,13,1,0,0,High Income – High Spending,High Income – High Spending
Graduate,67445.0,0,1,63,757,80,217,29,80,11,5,9,6,12,6,0,0,0,0,0,0,0,52,1174,Partner,1,3,1,27,0,0,3,High Income – High Spending,High Income – Low Spending
Postgraduate,37054.0,1,1,89,12,1,6,0,1,5,2,1,0,3,7,0,0,0,0,0,0,0,59,25,Partner,2,4,1,4,0,1,1,Low Income – Low Spending,Low Income – High Spending
Postgraduate,47175.0,1,1,81,167,2,44,6,2,19,7,4,2,4,8,1,0,0,0,0,0,1,64,240,Partner,2,4,1,10,2,1,1,Low Income – Low Spending,Low Income – High Spending
Graduate,31859.0,1,0,77,3,1,3,8,0,5,1,1,0,2,7,0,0,0,0,0,0,0,50,20,Alone,1,2,1,3,0,1,2,Low Income – Low Spending,Low Income – Low Spending
Graduate,27215.0,2,1,50,30,5,22,8,9,28,4,2,1,4,6,0,0,0,0,0,0,0,65,102,Alone,3,4,1,7,0,1,1,Low Income – Low Spending,Low Income – High Spending
Postgraduate,70179.0,0,1,10,532,88,168,69,44,133,3,7,3,13,5,0,0,0,0,0,0,0,50,1034,Alone,1,2,1,23,0,0,3,High Income – High Spending,High Income – Low Spending
Graduate,39922.0,1,0,30,29,12,59,19,1,36,2,3,0,4,8,0,0,0,0,0,0,0,43,156,Partner,1,3,1,7,0,1,2,Low Income – Low Spending,Low Income – Low Spending
Postgraduate,49681.0,0,2,66,411,0,26,0,0,21,6,7,1,7,7,0,0,0,0,0,0,0,50,458,Partner,2,4,1,15,0,1,3,Low Income – Low Spending,High Income – Low Spending
Graduate,24645.0,1,0,16,5,3,4,4,1,0,1,1,0,2,8,0,0,0,0,0,0,0,38,17,Partner,1,3,1,3,0,1,2,Low Income – Low Spending,Low Income – Low Spending
Graduate,79865.0,0,1,12,71,99,278,185,121,38,1,5,10,5,1,0,0,0,0,0,0,0,72,792,Alone,1,2,1,20,0,0,0,High Income – High Spending,High Income – High Spending
Graduate,44322.0,1,0,30,46,0,40,3,0,3,2,3,0,3,8,0,0,0,0,0,0,0,41,92,Partner,1,3,1,6,0,1,2,Low Income – Low Spending,Low Income – Low Spending
Graduate,47958.0,0,1,8,268,11,88,15,3,22,2,6,3,5,5,0,0,0,0,0,0,0,74,407,Alone,1,2,1,14,0,1,1,Low Income – Low Spending,Low Income – High Spending
Postgraduate,63972.0,0,1,93,928,63,254,0,12,12,4,5,4,10,4,0,1,0,0,0,0,0,62,1269,Alone,1,2,1,19,1,0,3,High Income – High Spending,High Income – Low Spending
Graduate,75315.0,0,1,14,459,15,171,142,23,31,2,5,4,12,2,0,0,0,0,0,0,0,72,841,Partner,1,3,1,21,0,0,3,High Income – High Spending,High Income – Low Spending
Postgraduate,55517.0,1,1,53,483,0,108,0,6,36,5,11,1,6,9,0,0,0,0,0,0,1,76,633,Partner,2,4,1,18,1,1,3,Low Income – Low Spending,High Income – Low Spending
Postgraduate,75283.0,1,2,26,733,9,180,12,19,66,11,6,3,5,4,0,0,0,0,0,0,0,69,1019,Partner,3,5,1,14,0,1,3,Low Income – Low Spending,High Income – Low Spending
Postgraduate,82800.0,0,0,23,1006,22,115,59,68,45,1,7,6,12,3,0,0,1,1,0,0,1,80,1315,Alone,0,1,0,25,3,0,0,High Income – High Spending,High Income – High Spending
Graduate,38998.0,1,1,92,34,1,14,0,0,5,3,2,0,3,8,0,0,0,0,0,1,0,72,54,Partner,2,4,1,5,0,1,1,Low Income – Low Spending,Low Income – High Spending
Postgraduate,27161.0,1,0,41,7,4,23,7,0,11,1,1,0,3,7,0,0,0,0,0,0,0,40,52,Partner,1,3,1,4,0,1,2,Low Income – Low Spending,Low Income – Low Spending
Graduate,42014.0,1,0,56,244,15,108,4,15,50,6,7,1,6,8,0,0,0,0,0,0,1,49,436,Partner,1,3,1,14,1,1,2,Low Income – Low Spending,Low Income – Low Spending
Postgraduate,38201.0,0,1,19,233,0,23,0,0,12,4,5,1,5,8,0,0,0,0,0,0,0,66,268,Partner,1,3,1,11,0,1,1,Low Income – Low Spending,Low Income – High Spending
Graduate,45203.0,2,0,4,35,3,67,10,8,24,1,3,1,3,6,0,0,0,0,0,0,1,44,147,Partner,2,4,1,7,1,1,2,Low Income – Low Spending,Low Income – Low Spending
Postgraduate,81574.0,0,0,89,1252,0,465,46,35,0,1,4,5,8,1,0,1,1,0,0,0,0,79,1798,Partner,0,2,0,17,2,0,0,High Income – High Spending,High Income – High Spending
Graduate,34935.0,0,0,71,34,4,66,3,10,20,1,2,1,4,7,0,0,0,0,0,0,0,34,137,Partner,0,2,0,7,0,1,2,Low Income – Low Spending,Low Income – Low Spending
Postgraduate,60482.0,0,1,81,255,43,134,37,14,24,1,7,2,7,7,0,0,0,0,0,0,0,50,507,Alone,1,2,1,16,0,1,3,Low Income – Low Spending,High Income – Low Spending
Graduate,34633.0,2,1,31,8,1,5,0,0,1,1,1,0,2,6,0,0,0,0,0,0,0,70,15,Partner,3,5,1,3,0,1,1,Low Income – Low Spending,Low Income – High Spending
Postgraduate,78093.0,0,0,53,368,32,639,13,43,10,1,4,7,5,1,0,0,0,0,0,0,0,79,1105,Partner,0,2,0,16,0,0,0,High Income – High Spending,High Income – High Spending
Graduate,82460.0,0,0,78,255,47,573,52,32,15,1,5,3,6,1,0,0,0,0,0,0,0,76,974,Alone,0,1,0,14,0,0,0,High Income – High Spending,High Income – High Spending
Postgraduate,45903.0,0,1,80,33,8,10,2,10,3,2,2,1,3,4,0,0,0,0,0,0,0,60,66,Partner,1,3,1,6,0,1,1,Low Income – Low Spending,Low Income – High Spending
Graduate,81361.0,0,0,18,163,23,424,27,65,76,1,3,10,13,1,0,0,0,0,0,0,1,39,778,Alone,0,1,0,26,1,0,0,High Income – High Spending,High Income – High Spending
Postgraduate,35860.0,1,1,37,15,0,8,4,2,20,2,1,1,2,5,1,0,0,0,0,0,1,53,49,Alone,2,3,1,4,2,1,1,Low Income – Low Spending,Low Income – High Spending
Postgraduate,40442.0,1,1,52,45,12,52,25,22,13,4,3,1,4,7,0,0,0,0,0,0,1,74,169,Partner,2,4,1,8,1,1,1,Low Income – Low Spending,Low Income – High Spending
Graduate,61482.0,0,0,39,48,58,68,16,66,43,1,3,2,6,2,0,0,0,0,0,0,0,61,299,Partner,0,2,0,11,0,0,0,High Income – High Spending,High Income – High Spending
Graduate,34968.0,1,0,11,158,6,45,8,2,2,7,3,2,5,7,0,0,0,0,0,0,0,46,221,Partner,1,3,1,10,0,1,2,Low Income – Low Spending,Low Income – Low Spending
Graduate,75794.0,0,0,33,754,160,625,63,32,48,1,7,5,12,3,0,0,0,1,0,0,0,39,1682,Partner,0,2,0,24,1,0,0,High Income – High Spending,High Income – High Spending
Postgraduate,31497.0,0,1,22,108,1,28,13,1,4,2,3,1,4,8,0,0,0,0,0,0,0,64,155,Partner,1,3,1,8,0,1,1,Low Income – Low Spending,Low Income – High Spending
Graduate,74268.0,0,0,83,199,66,315,97,174,41,1,4,3,5,2,0,0,0,0,0,0,0,71,892,Partner,0,2,0,12,0,0,0,High Income – High Spending,High Income – High Spending
Undergraduate,13724.0,1,0,43,2,7,5,2,15,27,1,2,0,2,9,1,0,0,0,0,0,0,38,58,Partner,1,3,1,4,1,1,2,Low Income – Low Spending,Low Income – Low Spending
Postgraduate,45143.0,0,1,74,202,5,74,11,5,14,3,6,1,5,7,0,0,0,0,0,0,0,61,311,Partner,1,3,1,12,0,1,1,Low Income – Low Spending,Low Income – High Spending
Postgraduate,52569.0,0,1,54,85,0,3,0,0,7,1,2,0,4,3,0,0,0,0,0,0,0,59,95,Alone,1,2,1,6,0,1,1,Low Income – Low Spending,Low Income – High Spending
Postgraduate,48432.0,0,1,3,322,3,50,4,3,42,5,7,1,6,8,0,0,0,0,0,0,1,53,424,Alone,1,2,1,14,1,1,3,Low Income – Low Spending,High Income – Low Spending
Postgraduate,17144.0,1,1,96,18,2,19,0,2,6,5,3,0,4,7,0,0,0,0,0,0,0,66,47,Partner,2,4,1,7,0,1,1,Low Income – Low Spending,Low Income – High Spending
Graduate,36108.0,1,0,68,141,8,129,3,11,47,3,7,1,4,9,1,0,0,0,0,0,0,42,339,Alone,1,2,1,12,1,1,2,Low Income – Low Spending,Low Income – Low Spending
Graduate,76445.0,1,0,2,739,107,309,140,80,35,1,2,5,13,6,0,0,0,0,0,0,0,55,1410,Partner,1,3,1,20,0,0,0,High Income – High Spending,High Income – High Spending
Postgraduate,36663.0,1,0,40,18,0,6,3,3,5,1,1,1,3,2,0,0,0,0,0,0,0,51,35,Partner,1,3,1,5,0,1,2,Low Income – Low Spending,Low Income – Low Spending
Postgraduate,53843.0,0,1,64,378,0,88,19,4,73,4,8,5,3,7,0,0,0,0,0,0,0,61,562,Partner,1,3,1,16,0,1,3,Low Income – Low Spending,High Income – Low Spending
Postgraduate,90226.0,0,0,26,1083,108,649,253,151,108,1,4,7,12,2,0,0,0,1,0,0,0,70,2352,Partner,0,2,0,23,1,0,0,High Income – High Spending,High Income – High Spending
Postgraduate,70638.0,0,0,69,1016,12,215,16,12,63,1,4,5,10,3,0,1,0,0,0,0,0,71,1334,Alone,0,1,0,19,1,0,0,High Income – High Spending,High Income – High Spending
Graduate,44512.0,1,1,57,23,1,6,0,0,2,2,1,0,3,4,0,0,0,0,0,0,0,66,32,Partner,2,4,1,4,0,1,1,Low Income – Low Spending,Low Income – High Spending
Graduate,27116.0,1,1,78,12,1,21,2,2,3,2,2,0,3,7,0,0,0,0,0,0,0,65,41,Partner,2,4,1,5,0,1,1,Low Income – Low Spending,Low Income – High Spending
Postgraduate,54072.0,1,1,71,35,0,4,0,0,0,1,2,0,2,8,0,0,0,0,0,0,0,63,39,Partner,2,4,1,4,0,1,1,Low Income – Low Spending,Low Income – High Spending
Graduate,71855.0,0,1,59,548,31,422,0,112,28,4,5,5,11,3,0,0,0,0,0,0,0,49,1141,Partner,1,3,1,21,0,0,3,High Income – High Spending,High Income – Low Spending
Undergraduate,51250.0,1,0,28,342,32,230,34,32,40,5,10,5,4,9,1,0,0,0,0,0,0,36,710,Alone,1,2,1,19,1,1,3,Low Income – Low Spending,High Income – Low Spending
Postgraduate,60432.0,0,1,61,365,3,15,4,3,11,5,7,2,5,6,0,0,0,0,0,0,0,53,401,Partner,1,3,1,14,0,1,3,Low Income – Low Spending,High Income – Low Spending
Postgraduate,65526.0,0,1,22,397,19,69,12,0,9,1,4,4,8,2,0,0,0,0,0,0,0,62,506,Partner,1,3,1,16,0,1,3,Low Income – Low Spending,High Income – Low Spending
Graduate,68655.0,0,0,95,456,19,832,75,118,38,1,4,5,11,3,0,0,0,0,0,0,0,38,1538,Alone,0,1,0,20,0,0,0,High Income – High Spending,High Income – High Spending
Undergraduate,12393.0,0,0,38,5,6,15,11,7,13,1,2,0,3,9,0,0,0,0,0,0,0,48,57,Partner,0,2,0,5,0,1,2,Low Income – Low Spending,Low Income – Low Spending
Graduate,64509.0,0,0,19,836,185,575,24,25,77,1,6,3,9,4,1,0,0,0,0,0,1,36,1722,Alone,0,1,0,18,2,0,0,High Income – High Spending,High Income – High Spending
Graduate,33955.0,1,0,92,100,2,128,23,7,10,4,5,1,5,8,0,0,0,0,0,0,0,51,270,Alone,1,2,1,11,0,1,2,Low Income – Low Spending,Low Income – Low Spending
Graduate,31353.0,1,1,24,10,0,10,3,1,7,2,1,1,2,8,0,0,0,0,0,0,1,49,31,Partner,2,4,1,4,1,1,1,Low Income – Low Spending,Low Income – High Spending
Graduate,55434.0,1,0,21,238,115,215,169,69,76,3,5,3,13,4,0,0,0,0,0,0,0,42,882,Partner,1,3,1,21,0,0,0,High Income – High Spending,High Income – High Spending
Graduate,28359.0,1,0,35,6,0,5,2,1,2,1,1,0,2,7,0,0,0,0,0,0,0,43,16,Partner,1,3,1,3,0,1,2,Low Income – Low Spending,Low Income – Low Spending
Graduate,57100.0,1,0,9,158,11,99,15,11,17,2,3,2,7,3,0,0,0,0,0,0,0,39,311,Alone,1,2,1,12,0,1,2,Low Income – Low Spending,Low Income – Low Spending
Graduate,69139.0,0,1,23,86,12,75,33,15,6,1,4,1,5,4,0,0,0,0,0,0,0,61,227,Partner,1,3,1,10,0,1,1,Low Income – Low Spending,Low Income – High Spending
Postgraduate,52973.0,0,1,92,856,0,76,12,9,199,7,9,6,9,8,0,0,0,0,0,0,0,70,1152,Partner,1,3,1,24,0,0,3,High Income – High Spending,High Income – Low Spending
Postgraduate,51717.0,0,1,55,98,1,17,0,1,5,1,3,0,4,7,0,1,0,0,0,0,0,61,122,Partner,1,3,1,7,1,1,1,Low Income – Low Spending,Low Income – High Spending
Graduate,18793.0,1,0,14,4,16,20,0,17,20,3,2,0,4,8,0,0,0,0,0,0,0,55,77,Partner,1,3,1,6,0,1,2,Low Income – Low Spending,Low Income – Low Spending
Undergraduate,66664.0,0,0,78,398,96,447,220,96,32,1,5,7,6,3,0,0,0,0,0,0,0,44,1289,Partner,0,2,0,18,0,0,0,High Income – High Spending,High Income – High Spending
Graduate,50664.0,1,1,64,313,8,104,6,4,126,9,8,1,6,9,0,0,0,0,0,0,0,67,561,Alone,2,3,1,15,0,1,3,Low Income – Low Spending,High Income – Low Spending
Graduate,54414.0,1,1,49,109,18,16,24,26,18,4,3,1,5,4,0,0,0,0,0,0,0,63,211,Partner,2,4,1,9,0,1,1,Low Income – Low Spending,Low Income – High Spending
Postgraduate,54549.0,0,1,8,216,2,6,0,0,9,2,5,1,4,7,0,0,0,0,0,0,0,74,233,Partner,1,3,1,10,0,1,1,Low Income – Low Spending,Low Income – High Spending
Postgraduate,47111.0,0,1,35,595,71,153,120,112,41,6,3,2,10,9,0,0,0,0,0,0,0,55,1092,Alone,1,2,1,15,0,0,3,High Income – High Spending,High Income – Low Spending
Postgraduate,41003.0,0,0,11,123,133,142,71,44,88,1,6,2,8,6,0,0,0,0,0,0,0,63,601,Alone,0,1,0,16,0,0,0,High Income – High Spending,High Income – High Spending
Graduate,19444.0,1,0,8,16,0,23,3,2,10,3,4,1,2,7,0,0,0,0,0,0,1,44,54,Partner,1,3,1,7,1,1,2,Low Income – Low Spending,Low Income – Low Spending
Undergraduate,36301.0,1,0,53,11,12,35,3,5,12,1,3,0,3,7,0,0,0,0,0,0,0,50,78,Partner,1,3,1,6,0,1,2,Low Income – Low Spending,Low Income – Low Spending
Postgraduate,73059.0,0,1,36,410,112,420,0,82,71,1,9,3,13,4,0,0,0,0,0,0,0,79,1095,Partner,1,3,1,25,0,0,3,High Income – High Spending,High Income – Low Spending
Postgraduate,42731.0,1,0,64,159,2,51,6,2,24,3,4,1,5,5,0,0,0,0,0,0,0,57,244,Partner,1,3,1,10,0,1,2,Low Income – Low Spending,Low Income – Low Spending
Postgraduate,52854.0,1,1,43,105,0,10,0,1,0,2,2,1,4,5,0,0,0,0,0,0,0,67,116,Partner,2,4,1,7,0,1,1,Low Income – Low Spending,Low Income – High Spending
Graduate,22775.0,1,0,40,5,1,8,0,0,1,1,1,0,2,8,0,0,0,0,0,0,0,48,15,Partner,1,3,1,3,0,1,2,Low Income – Low Spending,Low Income – Low Spending
Postgraduate,46681.0,0,2,52,269,15,69,15,19,38,2,4,6,4,5,0,0,0,0,0,0,0,78,425,Partner,2,4,1,14,0,1,1,Low Income – Low Spending,Low Income – High Spending
Postgraduate,59821.0,0,1,11,629,0,70,0,0,35,6,11,2,7,8,0,0,0,0,0,0,0,71,734,Partner,1,3,1,20,0,1,3,Low Income – Low Spending,High Income – Low Spending
Graduate,50002.0,0,1,21,443,5,71,21,16,82,2,8,2,7,7,0,0,0,0,0,0,0,72,638,Alone,1,2,1,17,0,1,3,Low Income – Low Spending,High Income – Low Spending
Graduate,69755.0,0,0,23,217,77,373,111,23,93,1,3,6,12,1,0,0,0,0,0,0,0,81,894,Partner,0,2,0,21,0,0,0,High Income – High Spending,High Income – High Spending
Graduate,44078.0,1,1,17,24,1,10,2,0,4,2,2,0,3,5,0,0,0,0,0,0,0,57,41,Partner,2,4,1,5,0,1,1,Low Income – Low Spending,Low Income – High Spending
Postgraduate,30560.0,1,0,6,9,1,5,4,5,7,1,1,0,3,7,0,0,0,0,0,0,0,50,31,Partner,1,3,1,4,0,1,2,Low Income – Low Spending,Low Income – Low Spending
Postgraduate,35924.0,1,1,56,8,0,14,2,3,7,1,1,0,3,5,0,0,0,0,0,0,0,57,34,Partner,2,4,1,4,0,1,1,Low Income – Low Spending,Low Income – High Spending
Postgraduate,64140.0,0,2,71,1459,0,61,0,15,215,5,2,5,6,5,1,0,1,0,1,0,1,62,1750,Alone,2,3,1,13,4,0,3,High Income – High Spending,High Income – Low Spending
Graduate,56386.0,1,1,51,230,48,214,13,32,75,8,9,1,7,9,0,0,0,0,0,0,0,45,612,Partner,2,4,1,17,0,1,3,Low Income – Low Spending,High Income – Low Spending
Undergraduate,24594.0,1,0,94,1,3,6,10,0,9,1,1,0,3,5,0,0,0,0,0,0,0,47,29,Partner,1,3,1,4,0,1,2,Low Income – Low Spending,Low Income – Low Spending
Undergraduate,75774.0,1,0,27,340,21,134,258,14,56,1,7,5,8,4,0,0,0,0,0,0,0,45,823,Partner,1,3,1,20,0,0,0,High Income – High Spending,High Income – High Spending
Postgraduate,39228.0,0,0,1,7,1,6,0,3,3,1,0,0,3,4,0,0,0,0,0,0,0,66,20,Alone,0,1,0,3,0,1,2,Low Income – Low Spending,Low Income – Low Spending
Postgraduate,58494.0,0,1,56,298,7,68,4,0,19,2,6,2,6,6,0,0,0,0,0,0,0,52,396,Partner,1,3,1,14,0,1,1,Low Income – Low Spending,Low Income – High Spending
Graduate,58684.0,0,0,71,479,35,179,28,7,85,1,5,3,12,2,0,1,0,0,0,0,0,45,813,Alone,0,1,0,20,1,0,0,High Income – High Spending,High Income – High Spending
Graduate,57136.0,0,0,18,267,140,599,34,12,127,1,7,5,7,6,0,0,0,0,0,0,1,59,1179,Alone,0,1,0,19,1,0,0,High Income – High Spending,High Income – High Spending
Postgraduate,56551.0,1,1,48,67,4,32,17,2,16,3,2,1,4,4,0,0,0,0,0,0,0,76,138,Alone,2,3,1,7,0,1,1,Low Income – Low Spending,Low Income – High Spending
Graduate,22448.0,1,0,86,3,1,8,23,2,18,3,2,1,3,3,0,0,0,0,0,0,0,44,55,Partner,1,3,1,6,0,1,2,Low Income – Low Spending,Low Income – Low Spending
Graduate,82014.0,0,0,48,980,37,265,35,163,31,1,3,6,12,6,0,0,0,0,0,0,1,65,1511,Alone,0,1,0,21,1,0,0,High Income – High Spending,High Income – High Spending
Graduate,34213.0,1,1,2,50,4,28,6,3,26,3,3,1,2,9,0,0,0,0,0,0,1,63,117,Alone,2,3,1,6,1,1,1,Low Income – Low Spending,Low Income – High Spending
Postgraduate,25358.0,0,1,57,19,0,5,0,0,8,2,1,0,3,6,0,0,0,0,0,0,0,79,32,Alone,1,2,1,4,0,1,1,Low Income – Low Spending,Low Income – High Spending
Postgraduate,35544.0,1,0,77,30,5,23,4,1,4,1,2,0,3,7,0,0,0,0,0,0,0,48,67,Alone,1,2,1,5,0,1,2,Low Income – Low Spending,Low Income – Low Spending
Postgraduate,36634.0,0,1,0,213,9,76,4,3,30,3,5,2,5,7,0,0,0,0,0,0,0,72,335,Partner,1,3,1,12,0,1,1,Low Income – Low Spending,Low Income – High Spending
Postgraduate,62670.0,0,1,57,539,30,92,80,46,38,1,5,3,13,3,0,0,0,0,0,0,0,72,825,Partner,1,3,1,21,0,0,3,High Income – High Spending,High Income – Low Spending
Undergraduate,50334.0,0,1,24,284,16,160,84,16,134,6,7,4,6,6,0,0,0,0,0,0,0,54,694,Partner,1,3,1,17,0,0,3,High Income – High Spending,High Income – Low Spending
Graduate,72066.0,0,0,55,1003,34,536,134,51,34,1,4,6,6,2,0,0,1,1,0,0,1,45,1792,Alone,0,1,0,16,3,0,0,High Income – High Spending,High Income – High Spending
Postgraduate,50729.0,1,1,62,239,13,143,45,4,52,9,6,2,7,6,0,0,0,0,0,0,0,68,496,Alone,2,3,1,15,0,1,3,Low Income – Low Spending,High Income – Low Spending
Graduate,34916.0,2,0,89,51,23,82,33,0,42,4,5,1,3,9,0,0,0,0,0,0,0,58,231,Partner,2,4,1,9,0,1,2,Low Income – Low Spending,Low Income – Low Spending
Graduate,64892.0,0,1,77,527,24,230,32,24,65,2,6,4,12,4,0,0,0,0,0,0,0,50,902,Alone,1,2,1,22,0,0,3,High Income – High Spending,High Income – Low Spending
Graduate,43602.0,1,1,45,19,5,12,10,3,19,3,3,1,2,6,0,0,0,0,0,0,0,60,68,Alone,2,3,1,6,0,1,1,Low Income – Low Spending,Low Income – High Spending
Postgraduate,33996.0,0,0,46,40,2,15,8,0,6,1,1,1,3,4,0,0,0,0,0,0,0,37,71,Alone,0,1,0,5,0,1,2,Low Income – Low Spending,Low Income – Low Spending
Undergraduate,41473.0,1,0,80,21,8,20,15,3,9,1,2,0,3,7,0,0,0,0,0,0,0,41,76,Alone,1,2,1,5,0,1,2,Low Income – Low Spending,Low Income – Low Spending
Postgraduate,63246.0,0,2,60,593,30,91,29,22,7,1,6,3,12,4,0,0,0,0,0,0,0,59,772,Partner,2,4,1,21,0,0,3,High Income – High Spending,High Income – Low Spending
Postgraduate,36732.0,1,1,71,21,5,3,10,1,7,3,1,1,4,2,0,0,0,0,0,0,0,67,47,Partner,2,4,1,6,0,1,1,Low Income – Low Spending,Low Income – High Spending
Postgraduate,69084.0,1,0,43,1181,107,199,39,30,30,2,7,3,13,8,0,0,0,0,0,0,0,56,1586,Partner,1,3,1,23,0,0,3,High Income – High Spending,High Income – Low Spending
Postgraduate,77766.0,0,1,97,1004,59,265,115,59,27,2,11,10,11,6,1,0,0,0,0,0,1,59,1529,Partner,1,3,1,32,2,0,0,High Income – High Spending,High Income – High Spending
Postgraduate,37929.0,0,0,49,202,2,46,3,2,10,2,4,2,5,7,0,1,0,1,0,0,1,41,265,Alone,0,1,0,11,3,1,2,Low Income – Low Spending,Low Income – Low Spending
Graduate,86610.0,0,0,66,446,107,768,33,196,53,1,5,6,6,2,0,0,0,0,0,0,0,75,1603,Partner,0,2,0,17,0,0,0,High Income – High Spending,High Income – High Spending
Postgraduate,80141.0,0,0,20,1184,102,673,52,40,40,1,7,4,10,6,0,0,1,0,0,0,1,40,2091,Partner,0,2,0,21,2,0,0,High Income – High Spending,High Income – High Spending
Undergraduate,72635.0,0,0,54,390,22,323,104,35,107,1,6,8,6,3,0,0,0,1,0,0,0,71,981,Partner,0,2,0,20,1,0,0,High Income – High Spending,High Income – High Spending
Graduate,69016.0,0,1,61,726,53,363,123,107,161,4,8,9,13,5,0,0,0,0,0,0,0,56,1533,Partner,1,3,1,30,0,0,0,High Income – High Spending,High Income – High Spending
Undergraduate,20193.0,0,0,18,8,8,22,24,11,9,1,1,1,4,4,0,0,0,0,0,0,0,35,82,Partner,0,2,0,6,0,1,2,Low Income – Low Spending,Low Income – Low Spending
Graduate,27573.0,1,0,45,50,15,110,39,15,15,4,5,1,4,8,0,0,0,0,0,0,0,51,244,Partner,1,3,1,10,0,1,2,Low Income – Low Spending,Low Income – Low Spending
Undergraduate,15862.0,1,0,26,1,1,4,11,9,10,1,1,0,3,8,0,0,0,0,0,0,0,47,36,Alone,1,2,1,4,0,1,2,Low Income – Low Spending,Low Income – Low Spending
Postgraduate,49544.0,1,0,0,308,0,73,0,0,23,2,5,1,8,7,0,0,0,0,0,0,0,50,404,Partner,1,3,1,14,0,1,2,Low Income – Low Spending,Low Income – Low Spending
Graduate,33228.0,1,0,28,22,2,31,7,4,5,1,2,0,3,7,0,0,0,0,0,0,0,46,71,Partner,1,3,1,5,0,1,2,Low Income – Low Spending,Low Income – Low Spending
Graduate,70440.0,0,0,49,690,117,499,76,102,88,1,5,10,7,3,0,0,0,1,0,0,0,48,1572,Partner,0,2,0,22,1,0,0,High Income – High Spending,High Income – High Spending
Graduate,38232.0,1,1,84,43,5,28,7,6,33,4,3,1,3,5,0,0,0,0,0,0,0,55,122,Partner,2,4,1,7,0,1,1,Low Income – Low Spending,Low Income – High Spending
Postgraduate,22554.0,1,1,38,27,0,10,0,0,4,4,2,0,4,5,0,0,0,0,0,0,0,71,41,Partner,2,4,1,6,0,1,1,Low Income – Low Spending,Low Income – High Spending
Postgraduate,23536.0,1,0,53,6,0,3,0,0,1,1,0,0,3,3,0,0,0,0,0,0,0,43,10,Partner,1,3,1,3,0,1,2,Low Income – Low Spending,Low Income – Low Spending
Graduate,49413.0,0,1,88,205,7,41,3,2,46,2,4,2,5,5,0,0,0,0,0,0,0,74,304,Partner,1,3,1,11,0,1,1,Low Income – Low Spending,Low Income – High Spending
Graduate,42231.0,1,1,99,24,0,8,0,1,4,1,1,0,3,5,0,0,0,0,0,0,0,57,37,Partner,2,4,1,4,0,1,1,Low Income – Low Spending,Low Income – High Spending
Postgraduate,78789.0,0,0,12,667,50,850,21,83,83,1,4,6,5,2,0,0,0,0,0,0,1,46,1754,Alone,0,1,0,15,1,0,0,High Income – High Spending,High Income – High Spending
Graduate,56534.0,0,1,35,691,7,61,10,0,46,4,10,4,7,8,0,1,0,0,1,0,1,58,815,Partner,1,3,1,21,3,1,3,Low Income – Low Spending,High Income – Low Spending
Graduate,58350.0,0,1,5,493,26,206,116,80,80,4,8,3,12,6,0,0,0,0,0,0,0,55,1001,Alone,1,2,1,23,0,0,3,High Income – High Spending,High Income – Low Spending
Graduate,81217.0,0,0,77,493,70,324,146,40,84,1,3,7,11,1,0,0,0,0,0,0,0,37,1157,Alone,0,1,0,21,0,0,0,High Income – High Spending,High Income – High Spending
Graduate,49090.0,0,1,45,494,5,82,7,0,100,3,7,2,9,7,0,0,0,0,0,0,0,75,688,Alone,1,2,1,18,0,1,3,Low Income – Low Spending,High Income – Low Spending
Postgraduate,61787.0,0,0,71,621,73,414,78,48,85,1,8,4,6,5,0,0,0,0,0,0,0,39,1319,Alone,0,1,0,18,0,0,0,High Income – High Spending,High Income – High Spending
Postgraduate,18169.0,1,0,40,9,0,5,0,0,7,1,1,0,2,8,0,0,0,0,0,0,0,41,21,Partner,1,3,1,3,0,1,2,Low Income – Low Spending,Low Income – Low Spending
Undergraduate,24336.0,1,0,82,1,6,2,8,2,12,1,1,0,2,7,0,0,0,0,0,0,0,45,31,Alone,1,2,1,3,0,1,2,Low Income – Low Spending,Low Income – Low Spending
Graduate,18222.0,0,0,70,12,4,19,12,6,14,1,2,0,3,8,0,0,0,0,0,0,0,36,67,Partner,0,2,0,5,0,1,2,Low Income – Low Spending,Low Income – Low Spending
Graduate,62335.0,0,1,87,243,131,217,85,6,26,2,3,3,13,2,0,0,0,0,0,0,0,74,708,Alone,1,2,1,19,0,0,3,High Income – High Spending,High Income – Low Spending
Undergraduate,42033.0,1,1,95,11,1,4,2,0,7,1,1,0,2,7,0,0,0,0,0,0,0,55,25,Partner,2,4,1,3,0,1,1,Low Income – Low Spending,Low Income – High Spending
Postgraduate,86580.0,0,0,72,532,21,127,26,20,20,0,4,2,5,1,0,0,1,0,0,0,0,43,746,Partner,0,2,0,11,1,0,0,High Income – High Spending,High Income – High Spending
Postgraduate,41437.0,1,1,5,29,0,2,0,0,1,1,1,0,3,7,0,0,0,0,0,0,0,69,32,Alone,2,3,1,4,0,1,1,Low Income – Low Spending,Low Income – High Spending
Postgraduate,73705.0,0,2,86,612,91,520,258,107,107,2,9,6,8,5,0,0,0,0,0,0,0,75,1695,Alone,2,3,1,23,0,0,0,High Income – High Spending,High Income – High Spending
Graduate,61064.0,0,1,80,387,126,342,0,45,180,5,8,4,11,6,0,0,0,0,0,0,0,50,1080,Partner,1,3,1,23,0,0,3,High Income – High Spending,High Income – Low Spending
Postgraduate,38452.0,1,1,62,56,0,14,0,0,2,3,3,0,3,7,0,0,0,0,0,0,0,71,72,Partner,2,4,1,6,0,1,1,Low Income – Low Spending,Low Income – High Spending
Graduate,18358.0,1,0,49,6,8,19,16,4,4,3,3,0,4,7,0,0,0,0,0,0,0,37,57,Alone,1,2,1,7,0,1,2,Low Income – Low Spending,Low Income – Low Spending
Postgraduate,55012.0,0,1,85,582,0,65,0,0,13,6,8,2,9,5,0,0,0,0,0,0,0,53,660,Partner,1,3,1,19,0,1,3,Low Income – Low Spending,High Income – Low Spending
Undergraduate,9722.0,1,0,7,6,17,16,6,16,42,4,3,1,3,8,0,0,0,0,0,0,1,53,103,Partner,1,3,1,7,1,1,2,Low Income – Low Spending,Low Income – Low Spending
Postgraduate,38175.0,1,0,6,70,6,69,2,3,3,3,3,1,4,7,0,0,0,0,0,0,0,42,153,Partner,1,3,1,8,0,1,2,Low Income – Low Spending,Low Income – Low Spending
Postgraduate,58656.0,0,1,25,962,12,194,16,24,12,4,7,8,13,6,0,0,1,0,0,0,0,70,1220,Partner,1,3,1,28,1,0,3,High Income – High Spending,High Income – Low Spending
Graduate,52117.0,0,1,55,112,10,107,30,0,20,2,5,2,4,7,0,0,0,0,0,0,0,61,279,Partner,1,3,1,11,0,1,1,Low Income – Low Spending,Low Income – High Spending
Graduate,64813.0,1,0,81,293,0,124,179,97,52,1,7,2,10,5,0,0,0,0,0,0,0,48,745,Partner,1,3,1,19,0,0,3,High Income – High Spending,High Income – Low Spending
Postgraduate,54222.0,0,1,98,199,12,31,3,12,7,1,3,3,5,3,0,0,0,0,0,0,0,53,264,Partner,1,3,1,11,0,1,1,Low Income – Low Spending,Low Income – High Spending
Graduate,83512.0,0,0,31,1060,61,835,80,20,101,1,4,7,10,1,1,0,1,1,1,0,1,40,2157,Partner,0,2,0,21,5,0,0,High Income – High Spending,High Income – High Spending
Postgraduate,77520.0,0,1,30,940,44,396,0,88,58,1,8,7,7,4,1,0,1,1,0,0,1,67,1526,Partner,1,3,1,22,4,0,0,High Income – High Spending,High Income – High Spending
Graduate,41154.0,0,1,98,44,2,11,2,3,7,1,1,0,4,5,0,0,0,0,0,0,0,48,69,Partner,1,3,1,5,0,1,1,Low Income – Low Spending,Low Income – High Spending
Graduate,80398.0,0,0,92,342,51,936,207,35,26,1,5,8,12,3,0,0,1,0,0,0,0,60,1597,Partner,0,2,0,25,1,0,0,High Income – High Spending,High Income – High Spending
Undergraduate,18746.0,1,0,41,2,10,11,12,9,20,2,3,0,3,6,0,0,0,0,0,0,0,34,64,Alone,1,2,1,6,0,1,2,Low Income – Low Spending,Low Income – Low Spending
Graduate,35196.0,1,0,68,75,12,141,43,39,187,6,6,1,5,8,0,0,0,0,0,0,0,42,497,Partner,1,3,1,12,0,1,2,Low Income – Low Spending,Low Income – Low Spending
Graduate,60230.0,0,1,78,520,20,367,39,81,40,2,6,3,6,5,0,0,0,0,0,0,0,70,1067,Alone,1,2,1,15,0,0,3,High Income – High Spending,High Income – Low Spending
Graduate,22108.0,1,1,46,5,3,9,6,2,6,2,2,0,3,7,0,0,0,0,0,0,0,49,31,Partner,2,4,1,5,0,1,1,Low Income – Low Spending,Low Income – High Spending
Graduate,44392.0,1,1,71,87,5,71,7,12,29,5,4,1,4,7,0,0,0,0,0,0,0,52,211,Partner,2,4,1,9,0,1,1,Low Income – Low Spending,Low Income – High Spending
Postgraduate,55424.0,0,1,6,462,61,184,10,53,107,4,7,5,9,6,1,0,0,0,0,0,1,50,877,Partner,1,3,1,21,2,0,3,High Income – High Spending,High Income – Low Spending
Graduate,17688.0,1,0,82,2,2,1,3,1,2,1,1,0,2,8,0,0,0,0,0,1,0,47,11,Partner,1,3,1,3,0,1,2,Low Income – Low Spending,Low Income – Low Spending
Postgraduate,92491.0,0,0,71,979,44,935,29,25,22,1,7,5,12,3,0,1,1,1,0,0,1,43,2034,Partner,0,2,0,24,4,0,0,High Income – High Spending,High Income – High Spending
Graduate,90273.0,0,0,32,704,129,853,120,74,111,1,5,6,7,2,0,1,1,1,0,0,1,35,1991,Alone,0,1,0,18,4,0,0,High Income – High Spending,High Income – High Spending
Postgraduate,82571.0,0,0,28,861,31,558,62,95,79,0,6,5,13,2,0,0,1,0,0,0,0,64,1686,Alone,0,1,0,24,1,0,0,High Income – High Spending,High Income – High Spending
Postgraduate,38513.0,1,0,20,172,3,115,16,0,18,5,6,1,5,8,0,0,0,0,0,0,1,44,324,Alone,1,2,1,12,1,1,2,Low Income – Low Spending,Low Income – Low Spending
Postgraduate,16653.0,1,0,10,5,7,31,15,4,7,3,2,1,3,6,0,0,0,0,0,0,1,47,69,Alone,1,2,1,6,1,1,2,Low Income – Low Spending,Low Income – Low Spending
Graduate,42586.0,1,1,7,194,2,56,0,0,0,5,4,1,6,8,0,0,0,0,0,0,1,71,252,Partner,2,4,1,11,1,1,1,Low Income – Low Spending,Low Income – High Spending
Undergraduate,23529.0,0,1,67,9,7,13,3,2,20,1,1,1,2,6,0,0,0,0,0,0,0,61,54,Alone,1,2,1,4,0,1,1,Low Income – Low Spending,Low Income – High Spending
Postgraduate,74881.0,1,1,48,505,72,270,36,27,54,4,9,2,12,5,0,0,0,0,0,0,0,65,964,Partner,2,4,1,23,0,0,3,High Income – High Spending,High Income – Low Spending
Graduate,71107.0,0,1,61,533,10,217,198,174,195,2,7,6,13,4,0,0,0,0,0,0,0,75,1327,Partner,1,3,1,26,0,0,0,High Income – High Spending,High Income – High Spending
Postgraduate,46910.0,1,1,36,48,0,14,0,0,6,2,2,0,3,6,0,0,0,0,0,0,0,62,68,Partner,2,4,1,5,0,1,1,Low Income – Low Spending,Low Income – High Spending
Graduate,18690.0,0,0,77,6,1,7,23,4,19,1,1,1,2,8,0,0,0,0,0,0,0,67,60,Partner,0,2,0,4,0,1,2,Low Income – Low Spending,Low Income – Low Spending
Graduate,37244.0,1,1,90,18,2,10,0,0,25,1,1,1,2,7,1,0,0,0,0,0,0,71,55,Alone,2,3,1,4,1,1,1,Low Income – Low Spending,Low Income – High Spending
Graduate,82427.0,0,0,35,482,147,509,104,107,107,1,3,5,12,1,0,0,1,0,0,0,0,60,1456,Partner,0,2,0,20,1,0,0,High Income – High Spending,High Income – High Spending
Undergraduate,75342.0,0,1,38,204,97,97,21,118,26,1,5,2,10,4,0,0,0,0,0,0,0,68,563,Alone,1,2,1,17,0,0,3,High Income – High Spending,High Income – Low Spending
Graduate,70044.0,0,1,46,1073,0,250,153,14,14,4,7,10,5,5,0,0,0,0,0,0,0,72,1504,Alone,1,2,1,22,0,0,3,High Income – High Spending,High Income – Low Spending
Graduate,79146.0,1,1,33,245,16,223,21,43,16,2,8,1,8,6,0,0,0,0,0,0,0,59,564,Alone,2,3,1,17,0,1,3,Low Income – Low Spending,High Income – Low Spending
Graduate,77437.0,0,0,70,560,21,442,29,44,29,1,4,5,13,1,0,0,1,0,0,0,0,63,1125,Partner,0,2,0,22,1,0,0,High Income – High Spending,High Income – High Spending
Graduate,54984.0,0,1,51,173,13,131,32,3,6,4,6,1,6,7,0,0,0,1,0,0,0,67,358,Partner,1,3,1,13,1,1,1,Low Income – Low Spending,Low Income – High Spending
Postgraduate,42403.0,1,0,18,22,1,11,0,5,3,1,1,0,3,8,0,0,0,0,0,0,0,55,42,Partner,1,3,1,4,0,1,2,Low Income – Low Spending,Low Income – Low Spending
Graduate,55761.0,0,1,97,136,1,12,0,3,32,2,4,1,3,6,0,1,0,0,0,0,0,62,184,Partner,1,3,1,8,1,1,1,Low Income – Low Spending,Low Income – High Spending
Graduate,37292.0,1,0,32,275,0,86,10,23,66,5,6,3,5,8,0,0,0,0,0,0,0,43,460,Partner,1,3,1,14,0,1,2,Low Income – Low Spending,Low Income – Low Spending
Postgraduate,45576.0,0,0,9,56,19,29,2,14,25,1,3,1,3,8,0,0,0,0,0,0,1,81,145,Alone,0,1,0,7,1,1,1,Low Income – Low Spending,Low Income – High Spending
Graduate,70321.0,0,0,6,303,23,751,82,26,191,1,6,5,13,4,0,0,0,0,0,0,1,79,1376,Partner,0,2,0,24,1,0,0,High Income – High Spending,High Income – High Spending
Postgraduate,58086.0,0,1,80,708,7,62,0,0,15,2,11,3,7,8,0,0,0,0,0,0,0,57,792,Alone,1,2,1,21,0,1,3,Low Income – Low Spending,High Income – Low Spending
Graduate,81795.0,0,0,74,324,132,693,27,118,88,1,4,11,7,2,0,0,0,0,0,0,0,74,1382,Partner,0,2,0,22,0,0,0,High Income – High Spending,High Income – High Spending
Undergraduate,28389.0,0,0,49,1,5,3,7,4,8,1,1,0,2,7,0,0,0,0,0,0,0,79,28,Partner,0,2,0,3,0,1,2,Low Income – Low Spending,Low Income – Low Spending
Postgraduate,66835.0,0,0,21,620,26,195,34,17,141,1,6,4,13,2,0,0,0,0,0,0,0,80,1033,Partner,0,2,0,23,0,0,0,High Income – High Spending,High Income – High Spending
Graduate,69901.0,0,1,95,312,21,206,102,92,149,3,7,3,10,5,0,0,0,0,0,0,0,57,882,Alone,1,2,1,20,0,0,3,High Income – High Spending,High Income – Low Spending
Postgraduate,80360.0,0,0,56,1493,86,454,112,43,43,2,4,4,5,2,0,1,1,1,0,0,0,77,2231,Partner,0,2,0,13,3,0,0,High Income – High Spending,High Income – High Spending
Postgraduate,63342.0,0,1,48,918,21,118,13,10,21,3,8,3,5,6,0,1,0,0,0,0,1,65,1101,Partner,1,3,1,16,2,0,3,High Income – High Spending,High Income – Low Spending
Graduate,44989.0,0,1,26,98,0,106,49,10,106,5,5,1,5,6,0,0,0,0,0,0,0,52,369,Partner,1,3,1,11,0,1,3,Low Income – Low Spending,High Income – Low Spending
Undergraduate,31859.0,1,0,3,3,4,7,15,8,11,1,1,0,3,7,0,0,0,0,0,0,0,46,48,Alone,1,2,1,4,0,1,2,Low Income – Low Spending,Low Income – Low Spending
Postgraduate,51569.0,0,1,39,380,0,47,6,0,34,4,7,1,7,8,0,1,0,0,0,0,1,77,467,Alone,1,2,1,15,2,1,3,Low Income – Low Spending,High Income – Low Spending
Graduate,30372.0,1,1,33,15,0,12,7,3,7,3,2,0,3,7,0,0,0,0,0,0,0,55,44,Alone,2,3,1,5,0,1,1,Low Income – Low Spending,Low Income – High Spending
Undergraduate,16014.0,1,1,42,3,9,4,7,8,7,4,1,1,4,3,0,0,0,0,0,0,0,47,38,Alone,2,3,1,6,0,1,1,Low Income – Low Spending,Low Income – High Spending
Graduate,41120.0,1,1,80,24,2,23,0,8,24,3,2,1,3,6,0,0,0,0,0,0,0,58,81,Partner,2,4,1,6,0,1,1,Low Income – Low Spending,Low Income – High Spending
Postgraduate,39763.0,1,0,9,80,1,60,4,6,16,2,5,1,2,9,0,0,0,0,0,0,1,55,167,Alone,1,2,1,8,1,1,2,Low Income – Low Spending,Low Income – Low Spending
Postgraduate,38725.0,1,1,52,31,0,6,2,1,5,2,1,0,4,4,0,0,0,0,0,0,0,71,45,Partner,2,4,1,5,0,1,1,Low Income – Low Spending,Low Income – High Spending
Graduate,77981.0,1,0,78,138,120,204,16,126,60,3,7,4,7,5,0,0,0,0,0,0,0,54,664,Partner,1,3,1,18,0,0,3,High Income – High Spending,High Income – Low Spending
Undergraduate,62905.0,0,1,68,166,75,96,119,107,59,3,7,2,8,4,0,0,0,0,0,0,0,62,622,Partner,1,3,1,17,0,0,3,High Income – High Spending,High Income – Low Spending
Undergraduate,13533.0,1,0,45,12,3,8,8,0,17,2,2,0,3,7,0,0,0,0,0,0,0,47,48,Alone,1,2,1,5,0,1,2,Low Income – Low Spending,Low Income – Low Spending
Graduate,59481.0,0,1,47,178,3,85,71,66,58,2,3,3,8,2,0,0,0,0,0,0,0,51,461,Partner,1,3,1,14,0,0,3,High Income – High Spending,High Income – Low Spending
Graduate,72117.0,0,1,34,707,20,171,65,60,50,1,9,7,9,5,0,0,0,0,0,0,0,49,1073,Partner,1,3,1,25,0,0,3,High Income – High Spending,High Income – Low Spending
Undergraduate,21955.0,1,0,81,5,1,7,17,14,11,2,2,1,3,6,0,0,0,0,0,0,0,40,55,Partner,1,3,1,6,0,1,2,Low Income – Low Spending,Low Income – Low Spending
Graduate,67131.0,0,1,72,465,71,250,93,35,62,3,9,2,12,6,0,0,0,0,0,0,0,70,976,Partner,1,3,1,23,0,0,3,High Income – High Spending,High Income – Low Spending
Postgraduate,36802.0,1,0,23,16,1,2,0,0,1,1,1,0,3,5,0,0,0,0,0,0,0,46,20,Alone,1,2,1,4,0,1,2,Low Income – Low Spending,Low Income – Low Spending
Graduate,71853.0,0,0,29,358,108,413,141,97,32,1,2,8,6,1,0,0,0,0,0,0,0,44,1149,Partner,0,2,0,16,0,0,0,High Income – High Spending,High Income – High Spending
Undergraduate,28249.0,0,0,80,1,9,7,2,14,10,1,2,0,3,6,0,0,0,0,0,0,0,65,43,Partner,0,2,0,5,0,1,2,Low Income – Low Spending,Low Income – Low Spending
Postgraduate,47808.0,0,1,30,123,1,26,2,0,72,2,3,2,3,7,1,0,0,0,0,0,0,51,224,Partner,1,3,1,8,1,1,1,Low Income – Low Spending,Low Income – High Spending
Postgraduate,25509.0,1,0,15,40,3,30,10,7,11,3,3,0,3,9,0,0,0,0,0,0,1,52,101,Alone,1,2,1,6,1,1,2,Low Income – Low Spending,Low Income – Low Spending
Postgraduate,51012.0,0,0,86,102,9,63,2,9,24,1,4,1,4,6,0,0,0,0,0,0,0,80,209,Partner,0,2,0,9,0,1,1,Low Income – Low Spending,Low Income – High Spending
Graduate,70596.0,0,0,68,347,44,534,17,0,26,1,3,5,12,2,0,0,0,0,0,0,0,41,968,Alone,0,1,0,20,0,0,0,High Income – High Spending,High Income – High Spending
Postgraduate,85431.0,0,0,54,376,53,462,168,53,53,1,2,7,7,0,0,0,0,0,0,0,0,74,1165,Partner,0,2,0,16,0,0,0,High Income – High Spending,High Income – High Spending
Graduate,42664.0,0,1,44,21,0,3,0,0,0,1,1,0,3,6,0,0,0,0,0,0,0,59,24,Partner,1,3,1,4,0,1,1,Low Income – Low Spending,Low Income – High Spending
Graduate,42586.0,1,1,7,194,2,56,0,0,0,5,4,1,6,8,0,0,0,0,0,0,1,71,252,Partner,2,4,1,11,1,1,1,Low Income – Low Spending,Low Income – High Spending
Graduate,29760.0,1,0,87,64,4,68,7,5,17,4,3,1,4,8,0,0,0,0,0,0,0,41,165,Alone,1,2,1,8,0,1,2,Low Income – Low Spending,Low Income – Low Spending
Postgraduate,28973.0,0,0,59,206,0,46,3,2,12,2,5,1,5,8,0,0,0,0,0,0,0,49,269,Partner,0,2,0,11,0,1,2,Low Income – Low Spending,Low Income – Low Spending
Postgraduate,39435.0,1,0,16,71,0,18,0,0,13,1,3,1,2,7,0,0,0,0,0,0,0,53,102,Partner,1,3,1,6,0,1,2,Low Income – Low Spending,Low Income – Low Spending
Undergraduate,65370.0,0,0,1,71,22,112,138,89,29,1,2,3,13,1,0,0,0,0,0,0,0,42,461,Partner,0,2,0,18,0,0,0,High Income – High Spending,High Income – High Spending
Undergraduate,20194.0,1,0,64,0,4,7,11,10,15,2,2,0,3,6,0,0,0,0,0,0,0,47,47,Alone,1,2,1,5,0,1,2,Low Income – Low Spending,Low Income – Low Spending
Postgraduate,42473.0,1,1,72,93,1,21,0,4,25,3,2,1,4,5,0,0,0,0,0,0,0,50,144,Alone,2,3,1,7,0,1,1,Low Income – Low Spending,Low Income – High Spending
Graduate,64590.0,0,0,98,920,138,168,36,46,30,1,9,4,10,6,0,0,0,0,0,0,0,58,1338,Partner,0,2,0,23,0,0,0,High Income – High Spending,High Income – High Spending
Graduate,71232.0,0,1,91,653,17,170,34,26,17,2,11,2,10,7,0,0,0,0,0,0,0,67,917,Partner,1,3,1,23,0,0,3,High Income – High Spending,High Income – Low Spending
Graduate,34600.0,1,1,8,199,33,60,8,3,15,5,5,2,5,8,0,0,0,0,0,0,1,55,318,Partner,2,4,1,12,1,1,1,Low Income – Low Spending,Low Income – High Spending
Graduate,46904.0,1,1,20,153,4,56,0,9,31,4,5,1,4,8,0,0,0,0,0,0,0,59,253,Alone,2,3,1,10,0,1,1,Low Income – Low Spending,Low Income – High Spending
Graduate,49094.0,0,1,6,376,0,38,11,8,69,5,6,3,6,6,0,0,0,0,0,0,0,53,502,Partner,1,3,1,15,0,1,3,Low Income – Low Spending,High Income – Low Spending
Graduate,36075.0,1,0,54,46,0,30,12,1,30,1,2,0,4,6,0,0,0,0,0,0,0,43,119,Partner,1,3,1,6,0,1,2,Low Income – Low Spending,Low Income – Low Spending
Undergraduate,60839.0,1,1,72,600,21,128,223,150,128,13,2,2,12,8,0,0,0,0,0,0,0,47,1250,Partner,2,4,1,16,0,0,3,High Income – High Spending,High Income – Low Spending
Graduate,77298.0,0,1,46,425,115,292,23,35,79,1,6,6,11,3,0,0,0,0,0,0,0,47,969,Partner,1,3,1,23,0,0,0,High Income – High Spending,High Income – High Spending
Graduate,34026.0,1,1,11,18,6,15,12,8,17,3,2,1,3,5,0,0,0,0,0,0,0,76,76,Partner,2,4,1,6,0,1,1,Low Income – Low Spending,Low Income – High Spending
Postgraduate,48918.0,1,1,21,52,0,9,0,0,1,2,1,0,4,4,0,0,0,0,0,0,0,63,62,Alone,2,3,1,5,0,1,1,Low Income – Low Spending,Low Income – High Spending
Undergraduate,82122.0,0,0,89,734,22,350,151,25,100,1,3,9,13,1,0,0,1,0,0,0,0,64,1382,Partner,0,2,0,25,1,0,0,High Income – High Spending,High Income – High Spending
Graduate,37697.0,1,0,82,34,6,21,11,4,8,1,2,1,3,6,0,0,0,0,0,0,0,50,84,Alone,1,2,1,6,0,1,2,Low Income – Low Spending,Low Income – Low Spending
Graduate,34074.0,1,1,69,135,1,41,10,1,67,5,3,3,3,6,1,0,0,0,0,0,0,74,255,Partner,2,4,1,9,1,1,1,Low Income – Low Spending,Low Income – High Spending
Postgraduate,28520.0,1,1,55,11,0,10,0,2,20,1,1,1,2,6,0,0,0,0,0,0,0,66,43,Partner,2,4,1,4,0,1,1,Low Income – Low Spending,Low Income – High Spending
Graduate,62535.0,0,1,13,163,48,90,0,45,52,1,3,2,8,3,0,0,0,0,0,0,0,71,398,Alone,1,2,1,13,0,1,3,Low Income – Low Spending,High Income – Low Spending
Postgraduate,36273.0,1,0,80,29,3,30,3,2,9,2,3,0,3,6,0,0,0,0,0,0,0,49,76,Alone,1,2,1,6,0,1,2,Low Income – Low Spending,Low Income – Low Spending
Graduate,63404.0,0,2,97,734,26,70,11,44,17,2,6,3,4,4,0,0,0,1,0,0,0,62,902,Partner,2,4,1,13,1,1,3,Low Income – Low Spending,High Income – Low Spending
Undergraduate,75774.0,1,0,27,340,21,134,258,14,56,1,7,5,8,4,0,0,0,0,0,0,0,45,823,Partner,1,3,1,20,0,0,0,High Income – High Spending,High Income – High Spending
Graduate,78416.0,0,1,99,453,38,279,188,38,183,2,7,7,10,3,0,0,0,0,0,0,0,50,1179,Partner,1,3,1,24,0,0,0,High Income – High Spending,High Income – High Spending
Graduate,75702.0,0,1,87,1073,0,629,145,37,37,1,10,5,13,6,0,0,1,0,0,0,0,52,1921,Partner,1,3,1,28,1,0,0,High Income – High Spending,High Income – High Spending
Postgraduate,59385.0,1,1,85,135,0,10,0,4,36,2,3,1,4,5,0,0,0,0,0,0,0,75,185,Partner,2,4,1,8,0,1,1,Low Income – Low Spending,Low Income – High Spending
Graduate,37070.0,1,1,30,231,7,137,4,15,39,9,5,1,8,7,0,0,0,0,0,0,1,60,433,Alone,2,3,1,14,1,1,1,Low Income – Low Spending,Low Income – High Spending
Graduate,44689.0,1,1,82,18,0,5,0,0,11,2,1,1,2,7,1,0,0,0,0,0,0,75,34,Partner,2,4,1,4,1,1,1,Low Income – Low Spending,Low Income – High Spending
Graduate,53977.0,0,1,21,620,16,165,0,24,82,5,5,5,12,5,0,0,0,0,0,0,0,68,907,Partner,1,3,1,22,0,0,3,High Income – High Spending,High Income – Low Spending
Postgraduate,7144.0,0,2,92,81,4,33,5,2,291,0,23,1,1,0,0,0,0,0,0,0,0,60,416,Alone,2,3,1,25,0,0,3,High Income – High Spending,High Income – Low Spending
Graduate,18701.0,1,1,95,12,4,2,10,6,10,4,2,0,4,5,0,0,0,0,0,0,0,62,44,Alone,2,3,1,6,0,1,1,Low Income – Low Spending,Low Income – High Spending
Graduate,90369.0,0,0,2,292,51,981,224,23,17,1,4,6,6,1,0,0,0,0,0,0,1,70,1588,Partner,0,2,0,16,1,0,0,High Income – High Spending,High Income – High Spending
Postgraduate,63159.0,0,0,74,965,34,586,89,86,37,1,3,5,8,3,1,0,0,0,0,0,0,52,1797,Alone,0,1,0,16,1,0,0,High Income – High Spending,High Income – High Spending
Graduate,37758.0,1,1,49,27,2,10,0,0,1,2,1,0,3,8,0,0,0,0,0,0,0,60,40,Partner,2,4,1,4,0,1,1,Low Income – Low Spending,Low Income – High Spending
Postgraduate,46757.0,0,1,71,777,30,163,0,51,122,6,4,4,7,9,0,0,0,0,0,0,0,63,1143,Alone,1,2,1,15,0,0,3,High Income – High Spending,High Income – Low Spending
Postgraduate,79734.0,0,0,72,572,8,232,23,62,17,1,4,3,6,1,0,0,0,1,0,0,0,57,914,Partner,0,2,0,13,1,0,0,High Income – High Spending,High Income – High Spending
Graduate,63207.0,0,0,68,438,169,565,91,169,70,1,2,3,6,7,0,0,0,1,0,0,0,34,1502,Partner,0,2,0,11,1,0,0,High Income – High Spending,High Income – High Spending
Graduate,72071.0,0,1,4,531,69,300,150,138,150,3,5,4,8,2,0,0,0,0,0,0,0,72,1338,Alone,1,2,1,17,0,0,0,High Income – High Spending,High Income – High Spending
Postgraduate,21840.0,1,0,80,17,0,9,0,0,1,1,1,0,3,9,0,0,0,0,0,0,0,43,27,Partner,1,3,1,4,0,1,2,Low Income – Low Spending,Low Income – Low Spending
Undergraduate,58582.0,0,1,15,402,35,106,101,77,42,2,9,2,9,5,0,1,0,0,0,0,0,44,763,Partner,1,3,1,20,1,0,3,High Income – High Spending,High Income – Low Spending
Graduate,72282.0,0,0,70,503,27,419,90,139,153,1,5,7,9,7,0,0,0,0,0,0,1,75,1331,Alone,0,1,0,21,1,0,0,High Income – High Spending,High Income – High Spending
Graduate,50387.0,0,2,91,369,9,87,12,14,34,3,6,2,8,5,0,0,0,0,0,0,0,70,525,Partner,2,4,1,16,0,1,3,Low Income – Low Spending,High Income – Low Spending
Postgraduate,32583.0,1,1,10,5,0,3,0,0,1,1,1,0,2,7,0,0,0,0,0,0,0,65,9,Partner,2,4,1,3,0,1,1,Low Income – Low Spending,Low Income – High Spending
Graduate,62568.0,0,1,99,362,17,398,80,35,61,3,5,3,5,4,0,0,0,1,0,0,0,64,953,Partner,1,3,1,13,1,0,3,High Income – High Spending,High Income – Low Spending
Postgraduate,44635.0,1,1,25,56,0,9,0,0,3,2,2,0,3,7,0,0,0,0,0,0,0,55,68,Alone,2,3,1,5,0,1,1,Low Income – Low Spending,Low Income – High Spending
Postgraduate,33316.0,1,1,34,79,1,31,4,4,12,3,2,1,4,6,0,0,0,0,0,0,0,55,131,Alone,2,3,1,7,0,1,1,Low Income – Low Spending,Low Income – High Spending
Graduate,63967.0,0,1,57,387,84,141,73,35,162,3,4,4,12,2,0,0,0,0,0,0,0,58,882,Partner,1,3,1,20,0,0,3,High Income – High Spending,High Income – Low Spending
Undergraduate,52513.0,0,0,84,367,17,241,104,188,232,2,9,5,9,7,0,0,0,0,0,0,0,48,1149,Partner,0,2,0,23,0,0,0,High Income – High Spending,High Income – High Spending
Graduate,25293.0,1,0,51,15,0,11,0,2,9,1,1,1,2,8,0,0,0,0,0,0,0,57,37,Partner,1,3,1,4,0,1,2,Low Income – Low Spending,Low Income – Low Spending
Postgraduate,54111.0,0,1,97,267,6,54,8,3,50,2,5,2,6,5,0,0,0,0,0,0,0,61,388,Alone,1,2,1,13,0,1,1,Low Income – Low Spending,Low Income – High Spending
Graduate,78394.0,0,0,13,298,27,697,216,24,166,1,4,6,5,2,0,0,0,0,0,0,1,40,1428,Partner,0,2,0,15,1,0,0,High Income – High Spending,High Income – High Spending
Postgraduate,80739.0,0,0,92,674,92,736,39,0,92,1,3,11,9,1,0,0,0,0,0,0,0,68,1633,Partner,0,2,0,23,0,0,0,High Income – High Spending,High Income – High Spending
Postgraduate,22669.0,1,0,30,16,14,36,37,22,48,3,4,1,2,9,0,0,0,0,0,0,1,51,173,Partner,1,3,1,7,1,1,2,Low Income – Low Spending,Low Income – Low Spending
Graduate,29236.0,1,0,30,37,4,24,16,9,9,2,4,0,3,9,0,0,0,0,0,0,0,39,99,Alone,1,2,1,7,0,1,2,Low Income – Low Spending,Low Income – Low Spending
Graduate,44911.0,0,1,11,159,0,22,2,1,31,3,4,1,4,7,0,0,0,0,0,0,0,67,215,Partner,1,3,1,9,0,1,1,Low Income – Low Spending,Low Income – High Spending
Postgraduate,54693.0,0,1,72,686,17,142,23,26,35,8,6,4,13,6,0,0,0,0,0,0,0,64,929,Partner,1,3,1,23,0,0,3,High Income – High Spending,High Income – Low Spending
Graduate,48186.0,1,0,39,97,3,66,12,7,34,3,4,1,4,7,0,0,0,0,0,0,0,52,219,Partner,1,3,1,9,0,1,2,Low Income – Low Spending,Low Income – Low Spending
Graduate,54809.0,1,1,0,63,6,57,13,13,22,4,2,1,5,4,0,0,0,0,0,0,1,49,174,Partner,2,4,1,8,1,1,1,Low Income – Low Spending,Low Income – High Spending
Graduate,41580.0,1,1,15,56,5,24,4,0,3,3,2,1,3,5,0,0,0,0,0,0,0,48,92,Partner,2,4,1,6,0,1,1,Low Income – Low Spending,Low Income – High Spending
Postgraduate,80336.0,0,0,12,209,19,456,160,142,66,1,2,9,13,1,0,0,0,0,0,0,0,56,1052,Partner,0,2,0,24,0,0,0,High Income – High Spending,High Income – High Spending
Graduate,47743.0,0,1,56,198,2,43,0,12,20,3,4,1,6,6,0,1,0,0,0,0,0,69,275,Partner,1,3,1,11,1,1,1,Low Income – Low Spending,Low Income – High Spending
Undergraduate,62972.0,0,1,39,313,15,47,20,0,192,2,7,4,3,6,0,0,0,0,0,0,0,71,587,Partner,1,3,1,14,0,0,3,High Income – High Spending,High Income – Low Spending
Postgraduate,57333.0,0,1,55,941,14,397,76,58,176,11,8,5,9,6,0,0,0,0,0,0,1,72,1662,Alone,1,2,1,22,1,0,3,High Income – High Spending,High Income – Low Spending
Postgraduate,32313.0,1,0,60,86,4,56,2,4,7,3,4,0,4,9,0,0,0,0,0,0,0,44,159,Partner,1,3,1,8,0,1,2,Low Income – Low Spending,Low Income – Low Spending
Postgraduate,84953.0,0,0,73,167,48,602,63,72,72,1,3,10,4,2,0,1,1,1,0,0,1,73,1024,Alone,0,1,0,17,4,0,0,High Income – High Spending,High Income – High Spending
Postgraduate,27071.0,1,0,90,8,3,19,0,2,3,2,2,0,3,6,0,0,0,0,0,0,0,58,35,Alone,1,2,1,5,0,1,2,Low Income – Low Spending,Low Income – Low Spending
Postgraduate,68148.0,0,0,86,389,66,408,37,57,85,1,4,4,6,2,0,0,0,0,0,0,0,69,1042,Partner,0,2,0,14,0,0,0,High Income – High Spending,High Income – High Spending
Postgraduate,65735.0,1,1,37,239,7,119,4,15,11,5,6,2,6,7,0,0,0,0,0,0,0,61,395,Partner,2,4,1,14,0,1,1,Low Income – Low Spending,Low Income – High Spending
Postgraduate,86836.0,0,0,7,179,21,273,0,21,63,1,6,10,6,5,1,0,1,1,0,0,1,51,557,Partner,0,2,0,22,4,0,0,High Income – High Spending,High Income – High Spending
Postgraduate,4023.0,1,1,29,5,0,1,1,1,1,15,0,0,0,19,0,0,0,0,0,0,0,63,9,Partner,2,4,1,0,0,1,1,Low Income – Low Spending,Low Income – High Spending
Graduate,30093.0,0,0,19,2,6,28,13,4,16,1,2,0,3,7,0,0,0,0,0,0,0,36,69,Partner,0,2,0,5,0,1,2,Low Income – Low Spending,Low Income – Low Spending
Postgraduate,57705.0,0,1,14,383,0,53,6,4,40,3,8,1,6,6,0,0,0,0,0,0,0,60,486,Partner,1,3,1,15,0,1,3,Low Income – Low Spending,High Income – Low Spending
Graduate,25008.0,1,0,72,2,8,8,6,1,9,2,1,0,3,8,0,0,0,0,0,0,0,38,34,Alone,1,2,1,4,0,1,2,Low Income – Low Spending,Low Income – Low Spending
Undergraduate,83257.0,0,0,56,536,27,590,38,107,67,1,5,10,12,6,1,0,1,0,0,1,1,31,1365,Alone,0,1,0,27,3,0,0,High Income – High Spending,High Income – High Spending
Graduate,22280.0,1,0,85,2,1,4,3,1,2,1,1,0,2,8,0,0,0,0,0,0,0,51,13,Partner,1,3,1,3,0,1,2,Low Income – Low Spending,Low Income – Low Spending
Postgraduate,72159.0,0,0,62,322,53,899,34,40,53,1,4,6,10,2,0,0,0,0,0,0,0,48,1401,Partner,0,2,0,20,0,0,0,High Income – High Spending,High Income – High Spending
Graduate,64260.0,0,0,1,539,169,816,20,0,30,1,4,5,4,3,0,0,0,0,0,0,1,65,1574,Partner,0,2,0,13,1,0,0,High Income – High Spending,High Income – High Spending
Postgraduate,82733.0,0,0,28,712,50,420,65,38,38,1,8,4,7,4,0,0,0,0,0,0,1,42,1323,Alone,0,1,0,19,1,0,0,High Income – High Spending,High Income – High Spending
Postgraduate,74290.0,0,1,70,1121,0,72,0,12,12,4,10,8,10,6,0,1,0,1,0,0,0,55,1217,Alone,1,2,1,28,2,0,3,High Income – High Spending,High Income – Low Spending
Postgraduate,58217.0,2,1,84,68,1,13,3,5,13,1,2,0,4,6,0,0,0,0,0,0,0,75,103,Alone,3,4,1,6,0,1,1,Low Income – Low Spending,Low Income – High Spending
Postgraduate,21024.0,0,0,89,36,4,18,6,2,18,1,2,0,4,7,0,0,0,0,0,0,0,50,84,Partner,0,2,0,6,0,1,2,Low Income – Low Spending,Low Income – Low Spending
Postgraduate,70116.0,0,0,73,707,44,603,95,58,29,1,2,8,12,1,0,0,0,0,0,0,0,54,1536,Partner,0,2,0,22,0,0,0,High Income – High Spending,High Income – High Spending
Graduate,54006.0,1,0,42,174,77,203,6,24,97,2,8,1,7,7,0,0,0,0,0,0,0,41,581,Partner,1,3,1,16,0,1,3,Low Income – Low Spending,High Income – Low Spending
Postgraduate,69063.0,0,1,16,666,35,124,69,8,26,1,5,3,5,3,0,0,0,0,0,0,0,60,928,Partner,1,3,1,13,0,0,3,High Income – High Spending,High Income – Low Spending
Undergraduate,11448.0,0,0,16,0,0,0,6,2,6,1,1,0,2,6,0,0,0,0,0,0,0,51,14,Alone,0,1,0,3,0,1,2,Low Income – Low Spending,Low Income – Low Spending
Graduate,61825.0,0,1,56,162,50,100,55,30,27,1,4,2,8,4,0,0,0,0,0,0,0,47,424,Alone,1,2,1,14,0,1,3,Low Income – Low Spending,High Income – Low Spending
Graduate,70886.0,1,0,65,407,70,239,103,88,53,1,5,4,4,2,0,0,0,0,0,0,0,55,960,Partner,1,3,1,13,0,0,0,High Income – High Spending,High Income – High Spending
Graduate,69109.0,0,0,10,823,25,459,124,29,95,1,6,6,7,4,0,0,1,0,0,0,1,44,1555,Partner,0,2,0,19,2,0,0,High Income – High Spending,High Income – High Spending
Graduate,60208.0,1,1,13,488,23,71,15,0,59,11,8,3,7,7,0,1,0,0,0,0,1,53,656,Alone,2,3,1,18,2,1,3,Low Income – Low Spending,High Income – Low Spending
Postgraduate,32889.0,1,1,78,28,0,13,4,2,8,3,2,1,3,5,0,0,0,0,0,0,0,58,55,Partner,2,4,1,6,0,1,1,Low Income – Low Spending,Low Income – High Spending
Graduate,34738.0,1,0,51,3,2,10,3,0,2,1,1,0,3,6,0,0,0,0,0,0,0,42,20,Alone,1,2,1,4,0,1,2,Low Income – Low Spending,Low Income – Low Spending
Postgraduate,30538.0,1,0,27,284,0,52,8,3,20,4,9,0,4,10,0,0,0,0,0,0,0,55,367,Partner,1,3,1,13,0,1,2,Low Income – Low Spending,Low Income – Low Spending
Undergraduate,82326.0,0,0,30,938,142,754,159,81,183,1,5,10,6,2,0,1,1,1,0,0,1,49,2257,Partner,0,2,0,21,4,0,0,High Income – High Spending,High Income – High Spending
Postgraduate,26642.0,1,0,71,13,2,15,2,2,8,2,2,0,3,6,0,0,0,0,0,0,0,59,42,Alone,1,2,1,5,0,1,2,Low Income – Low Spending,Low Income – Low Spending
Graduate,69932.0,0,1,97,412,172,153,150,105,57,2,7,6,11,4,0,0,0,0,0,0,0,62,1049,Alone,1,2,1,24,0,0,0,High Income – High Spending,High Income – High Spending
Graduate,44503.0,1,1,83,31,1,8,0,0,8,2,2,0,3,6,0,0,0,0,0,0,0,54,48,Alone,2,3,1,5,0,1,1,Low Income – Low Spending,Low Income – High Spending
Postgraduate,60200.0,0,1,3,502,19,132,0,6,26,6,6,2,11,6,0,0,0,0,0,0,0,78,685,Alone,1,2,1,19,0,1,3,Low Income – Low Spending,High Income – Low Spending
Graduate,49638.0,0,1,71,18,10,3,3,5,0,1,1,0,3,2,0,0,0,0,0,0,0,74,39,Alone,1,2,1,4,0,1,1,Low Income – Low Spending,Low Income – High Spending
Undergraduate,23830.0,0,0,3,1,8,6,4,8,16,1,1,0,3,7,0,0,0,0,0,0,0,39,43,Alone,0,1,0,4,0,1,2,Low Income – Low Spending,Low Income – Low Spending
Postgraduate,33051.0,0,0,15,100,71,243,108,94,219,3,9,1,8,9,0,0,0,0,0,0,1,67,835,Alone,0,1,0,18,1,0,3,High Income – High Spending,High Income – Low Spending
Graduate,72905.0,0,0,52,407,114,445,181,165,203,1,3,7,9,1,0,0,0,1,0,0,0,68,1515,Partner,0,2,0,19,1,0,0,High Income – High Spending,High Income – High Spending
Postgraduate,69702.0,0,1,8,664,9,240,50,19,57,2,7,7,10,4,0,0,0,0,0,0,0,75,1039,Partner,1,3,1,24,0,0,3,High Income – High Spending,High Income – Low Spending
Graduate,70300.0,1,0,89,1045,61,338,60,46,46,3,5,5,13,8,0,0,0,0,0,0,0,51,1596,Alone,1,2,1,23,0,0,3,High Income – High Spending,High Income – Low Spending
Postgraduate,70643.0,0,0,66,1218,107,304,23,143,33,1,5,8,4,6,0,0,0,0,0,0,1,42,1828,Partner,0,2,0,17,1,0,0,High Income – High Spending,High Income – High Spending
Postgraduate,30396.0,1,0,22,15,0,6,0,1,12,2,1,1,2,7,1,0,0,0,0,0,1,57,34,Partner,1,3,1,4,2,1,2,Low Income – Low Spending,Low Income – Low Spending
Postgraduate,50616.0,0,1,56,128,0,16,0,1,4,2,4,0,4,7,0,0,0,0,0,0,0,58,149,Alone,1,2,1,8,0,1,1,Low Income – Low Spending,Low Income – High Spending
Postgraduate,62772.0,0,1,74,581,49,157,43,8,108,1,5,6,11,2,0,1,0,0,0,0,0,57,946,Alone,1,2,1,22,1,0,3,High Income – High Spending,High Income – Low Spending
Postgraduate,30298.0,0,0,48,6,3,12,6,1,0,1,1,1,3,3,0,0,0,0,0,0,0,41,28,Alone,0,1,0,5,0,1,2,Low Income – Low Spending,Low Income – Low Spending
Graduate,52413.0,1,0,67,185,8,133,56,56,12,2,7,1,7,7,0,0,0,0,0,0,0,42,450,Alone,1,2,1,15,0,1,2,Low Income – Low Spending,Low Income – Low Spending
Postgraduate,44155.0,1,1,24,22,1,9,0,0,14,1,1,1,2,4,0,0,0,0,0,0,0,69,46,Partner,2,4,1,4,0,1,1,Low Income – Low Spending,Low Income – High Spending
Postgraduate,86979.0,0,0,67,584,100,835,65,83,35,1,5,5,5,2,1,0,0,0,0,0,1,55,1702,Alone,0,1,0,15,2,0,0,High Income – High Spending,High Income – High Spending
Graduate,76532.0,1,1,38,355,30,177,90,138,30,4,9,5,7,5,0,0,0,0,0,0,0,51,820,Partner,2,4,1,21,0,0,3,High Income – High Spending,High Income – Low Spending
Graduate,42081.0,1,0,86,175,10,110,54,6,27,2,6,3,4,6,1,0,0,0,0,0,0,44,382,Partner,1,3,1,13,1,1,2,Low Income – Low Spending,Low Income – Low Spending
Postgraduate,67546.0,0,0,90,864,134,768,150,38,172,1,4,10,5,3,0,0,0,0,0,0,0,38,2126,Partner,0,2,0,19,0,0,0,High Income – High Spending,High Income – High Spending
Postgraduate,88420.0,0,0,87,957,153,612,99,95,153,1,4,7,8,1,1,0,1,1,0,0,0,37,2069,Partner,0,2,0,19,3,0,0,High Income – High Spending,High Income – High Spending
Graduate,31158.0,1,0,62,25,6,16,20,0,5,2,2,0,3,8,0,0,0,0,0,0,0,41,72,Partner,1,3,1,5,0,1,2,Low Income – Low Spending,Low Income – Low Spending
Graduate,61671.0,0,1,23,641,7,56,0,0,28,8,10,4,6,8,0,1,0,1,0,0,0,58,732,Alone,1,2,1,20,2,1,3,Low Income – Low Spending,High Income – Low Spending
Graduate,69719.0,0,0,99,273,86,208,177,14,43,1,2,3,5,1,0,0,0,0,0,0,0,52,801,Alone,0,1,0,10,0,0,0,High Income – High Spending,High Income – High Spending
Graduate,49160.0,0,1,29,122,21,43,25,10,15,2,3,1,6,6,0,0,0,0,0,0,0,77,236,Alone,1,2,1,10,0,1,1,Low Income – Low Spending,Low Income – High Spending
Undergraduate,24882.0,1,0,52,1,4,10,29,0,36,1,1,1,2,6,1,0,0,0,0,0,0,48,80,Partner,1,3,1,4,1,1,2,Low Income – Low Spending,Low Income – Low Spending
Postgraduate,90933.0,0,0,90,1020,31,430,62,63,79,1,4,6,4,1,0,0,1,0,0,0,0,72,1685,Alone,0,1,0,14,1,0,0,High Income – High Spending,High Income – High Spending
Postgraduate,113734.0,0,0,9,6,2,3,1,262,3,0,27,0,0,1,0,0,0,0,0,0,0,81,277,Alone,0,1,0,27,0,0,0,High Income – High Spending,High Income – High Spending
Postgraduate,59292.0,0,1,71,378,14,68,19,14,14,2,3,5,8,3,0,0,0,0,0,0,0,76,507,Partner,1,3,1,16,0,1,3,Low Income – Low Spending,High Income – Low Spending
Postgraduate,45759.0,1,1,13,42,1,18,3,0,4,2,2,0,3,7,0,0,0,0,0,0,0,62,68,Partner,2,4,1,5,0,1,1,Low Income – Low Spending,Low Income – High Spending
Graduate,22148.0,0,0,16,15,5,14,0,4,11,1,1,0,3,7,0,0,0,0,0,0,0,43,49,Alone,0,1,0,4,0,1,2,Low Income – Low Spending,Low Income – Low Spending
Postgraduate,73395.0,0,0,94,272,7,80,20,7,11,1,4,4,6,2,0,0,0,0,0,0,0,39,397,Partner,0,2,0,14,0,0,2,High Income – High Spending,Low Income – Low Spending
Graduate,29819.0,1,0,77,9,1,24,2,1,2,3,3,0,3,6,0,0,0,0,0,0,0,55,39,Alone,1,2,1,6,0,1,2,Low Income – Low Spending,Low Income – Low Spending
Graduate,45688.0,0,1,20,279,0,18,0,0,9,2,3,1,8,4,0,1,0,0,0,0,0,58,306,Partner,1,3,1,12,1,1,1,Low Income – Low Spending,Low Income – High Spending
Graduate,62820.0,0,0,51,398,61,265,138,61,53,1,3,4,6,1,0,0,0,0,0,0,0,72,976,Partner,0,2,0,13,0,0,0,High Income – High Spending,High Income – High Spending
Postgraduate,60491.0,0,1,81,637,47,237,12,19,76,4,6,11,7,5,0,0,0,0,0,0,0,55,1028,Partner,1,3,1,24,0,0,3,High Income – High Spending,High Income – Low Spending
Graduate,33235.0,1,0,71,45,0,16,2,1,6,1,3,0,3,7,0,0,0,0,0,0,0,40,70,Partner,1,3,1,6,0,1,2,Low Income – Low Spending,Low Income – Low Spending
Graduate,35701.0,0,0,36,21,1,9,7,3,5,1,1,0,3,6,0,0,0,0,0,0,0,67,46,Partner,0,2,0,4,0,1,2,Low Income – Low Spending,Low Income – Low Spending
Postgraduate,31535.0,1,0,95,15,4,13,0,0,19,1,1,1,2,7,1,0,0,0,0,0,0,46,51,Partner,1,3,1,4,1,1,2,Low Income – Low Spending,Low Income – Low Spending
Undergraduate,92556.0,0,0,32,493,183,352,184,23,28,0,3,5,13,0,0,0,0,0,0,0,0,66,1263,Partner,0,2,0,21,0,0,0,High Income – High Spending,High Income – High Spending
Graduate,67384.0,0,1,32,957,40,175,158,53,107,2,7,8,5,5,0,1,0,0,0,0,0,56,1490,Alone,1,2,1,20,1,0,0,High Income – High Spending,High Income – High Spending
Postgraduate,80573.0,0,0,85,829,138,430,60,92,15,1,4,6,13,2,0,0,0,0,0,0,0,55,1564,Partner,0,2,0,23,0,0,0,High Income – High Spending,High Income – High Spending
Graduate,77870.0,0,1,93,1017,50,500,65,50,133,3,5,5,5,8,0,1,0,1,0,0,1,59,1815,Partner,1,3,1,15,3,0,3,High Income – High Spending,High Income – Low Spending
Postgraduate,52278.0,0,1,24,953,0,71,0,0,174,6,10,5,10,8,0,0,0,0,0,0,0,63,1198,Alone,1,2,1,25,0,0,3,High Income – High Spending,High Income – Low Spending
Graduate,57107.0,0,1,44,159,0,120,0,0,137,7,4,4,8,8,0,1,0,0,1,0,1,58,416,Alone,1,2,1,16,3,1,3,Low Income – Low Spending,High Income – Low Spending
Graduate,18929.0,0,0,15,32,0,8,23,4,18,1,1,0,4,6,0,0,0,0,0,0,0,36,85,Partner,0,2,0,5,0,1,2,Low Income – Low Spending,Low Income – Low Spending
Postgraduate,36038.0,1,0,82,23,0,15,0,2,7,2,3,0,3,6,0,0,0,0,0,0,0,45,47,Alone,1,2,1,6,0,1,2,Low Income – Low Spending,Low Income – Low Spending
Graduate,20180.0,0,0,27,18,42,24,15,20,18,1,2,1,4,7,0,0,0,0,0,0,0,50,137,Alone,0,1,0,7,0,1,2,Low Income – Low Spending,Low Income – Low Spending
Postgraduate,34230.0,1,1,72,15,0,4,0,0,2,1,1,0,2,7,0,0,0,0,0,0,0,61,21,Partner,2,4,1,3,0,1,1,Low Income – Low Spending,Low Income – High Spending
Undergraduate,31878.0,0,1,7,23,4,5,10,5,23,1,1,0,4,3,0,0,0,0,0,0,0,49,70,Alone,1,2,1,5,0,1,1,Low Income – Low Spending,Low Income – High Spending
Undergraduate,70932.0,0,1,57,200,193,100,46,185,185,2,6,2,12,3,0,0,0,0,0,0,0,54,909,Partner,1,3,1,20,0,0,0,High Income – High Spending,High Income – High Spending
Graduate,91249.0,0,0,84,1324,27,119,71,108,27,0,7,9,6,4,0,1,1,1,1,0,1,70,1676,Alone,0,1,0,22,5,0,0,High Income – High Spending,High Income – High Spending
Postgraduate,77598.0,0,0,53,1193,33,281,129,66,33,1,7,5,13,3,0,0,1,0,0,0,0,83,1735,Alone,0,1,0,25,1,0,0,High Income – High Spending,High Income – High Spending
Graduate,80982.0,1,1,48,505,137,401,104,22,22,3,11,5,11,5,0,0,0,0,0,1,0,67,1191,Alone,2,3,1,27,0,0,3,High Income – High Spending,High Income – Low Spending
Postgraduate,22701.0,1,0,2,2,4,9,0,4,5,1,1,0,3,5,0,0,0,0,0,0,0,49,24,Partner,1,3,1,4,0,1,2,Low Income – Low Spending,Low Income – Low Spending
Postgraduate,55212.0,0,1,65,1103,0,45,0,0,34,3,4,2,11,8,0,1,0,0,1,0,0,57,1182,Partner,1,3,1,17,2,0,3,High Income – High Spending,High Income – Low Spending
Graduate,70617.0,0,0,45,353,61,753,40,46,27,1,3,3,7,2,0,0,0,0,0,0,0,56,1280,Partner,0,2,0,13,0,0,0,High Income – High Spending,High Income – High Spending
Graduate,64849.0,0,0,42,652,48,350,94,84,108,1,9,3,6,5,0,0,0,0,0,0,1,69,1336,Alone,0,1,0,18,1,0,0,High Income – High Spending,High Income – High Spending
Postgraduate,62694.0,1,1,29,379,6,157,25,91,91,5,9,3,7,7,0,0,0,0,0,0,0,61,749,Partner,2,4,1,19,0,1,3,Low Income – Low Spending,High Income – Low Spending
Postgraduate,61917.0,1,1,83,46,4,36,2,2,1,1,2,0,4,5,0,0,0,0,0,0,0,52,91,Partner,2,4,1,6,0,1,1,Low Income – Low Spending,Low Income – High Spending
Postgraduate,67472.0,0,1,93,162,31,127,8,17,69,2,4,2,7,3,0,0,0,0,0,0,0,79,414,Partner,1,3,1,13,0,1,3,Low Income – Low Spending,High Income – Low Spending
Postgraduate,21059.0,1,0,40,8,3,19,3,3,8,3,3,0,3,6,0,0,0,0,0,0,0,44,44,Partner,1,3,1,6,0,1,2,Low Income – Low Spending,Low Income – Low Spending
Postgraduate,29543.0,2,0,47,17,3,18,3,4,18,2,3,1,2,7,0,0,0,0,0,0,0,58,63,Partner,2,4,1,6,0,1,2,Low Income – Low Spending,Low Income – Low Spending
Graduate,75903.0,0,1,50,340,108,185,130,38,100,2,6,6,9,3,0,0,0,0,0,0,0,75,901,Partner,1,3,1,21,0,0,0,High Income – High Spending,High Income – High Spending
Undergraduate,34984.0,1,1,40,8,4,15,3,5,3,2,1,0,3,7,0,0,0,0,0,0,0,51,38,Partner,2,4,1,4,0,1,1,Low Income – Low Spending,Low Income – High Spending
Postgraduate,54998.0,0,1,3,154,22,202,39,30,8,5,4,2,9,4,0,0,0,0,0,0,1,70,455,Alone,1,2,1,15,1,1,3,Low Income – Low Spending,High Income – Low Spending
Postgraduate,54356.0,0,1,62,710,15,30,20,0,0,3,11,2,8,8,0,0,0,0,0,0,1,77,775,Alone,1,2,1,21,1,1,3,Low Income – Low Spending,High Income – Low Spending
Postgraduate,34242.0,0,1,25,8,2,4,0,0,1,1,0,0,3,5,0,0,0,0,0,0,0,67,15,Partner,1,3,1,3,0,1,1,Low Income – Low Spending,Low Income – High Spending
Graduate,25410.0,1,0,48,2,2,4,13,13,4,1,1,0,4,4,0,0,0,0,0,0,0,53,38,Partner,1,3,1,5,0,1,2,Low Income – Low Spending,Low Income – Low Spending
Postgraduate,73356.0,0,0,56,1050,14,322,0,14,112,1,5,11,5,2,1,0,1,1,0,0,1,42,1512,Partner,0,2,0,21,4,0,0,High Income – High Spending,High Income – High Spending
Graduate,28320.0,0,1,68,19,1,14,3,2,4,1,1,0,3,8,0,0,0,0,0,0,0,76,43,Partner,1,3,1,4,0,1,1,Low Income – Low Spending,Low Income – High Spending
Graduate,23763.0,1,0,64,22,0,6,6,2,6,1,1,0,3,7,0,0,0,0,0,0,0,49,42,Alone,1,2,1,4,0,1,2,Low Income – Low Spending,Low Income – Low Spending
Graduate,72570.0,0,0,67,274,83,216,151,141,224,1,4,6,12,1,0,0,0,0,0,0,0,42,1089,Partner,0,2,0,22,0,0,0,High Income – High Spending,High Income – High Spending
Postgraduate,34529.0,1,0,94,68,6,38,3,6,41,2,2,2,3,7,0,0,0,0,0,0,0,50,162,Partner,1,3,1,7,0,1,2,Low Income – Low Spending,Low Income – Low Spending
Graduate,70792.0,0,0,82,344,45,654,104,11,114,2,3,4,10,3,0,0,0,0,0,0,0,75,1272,Alone,0,1,0,17,0,0,0,High Income – High Spending,High Income – High Spending
Graduate,63211.0,0,0,3,145,193,459,205,26,145,2,3,8,7,2,0,0,0,0,0,0,1,44,1173,Partner,0,2,0,18,1,0,0,High Income – High Spending,High Income – High Spending
Postgraduate,83891.0,0,1,24,217,38,350,111,85,15,1,4,7,10,1,0,0,0,0,0,0,0,52,816,Partner,1,3,1,21,0,0,0,High Income – High Spending,High Income – High Spending
Graduate,36065.0,1,1,54,18,7,34,10,2,3,3,3,0,3,8,0,0,0,0,0,0,0,58,74,Alone,2,3,1,6,0,1,1,Low Income – Low Spending,Low Income – High Spending
Graduate,39898.0,0,1,20,69,8,26,12,7,12,2,3,0,4,7,0,0,0,0,0,0,0,72,134,Partner,1,3,1,7,0,1,1,Low Income – Low Spending,Low Income – High Spending
Postgraduate,51141.0,0,0,96,144,0,7,0,0,6,1,3,1,4,5,0,0,0,0,0,0,0,86,157,Alone,0,1,0,8,0,1,1,Low Income – Low Spending,Low Income – High Spending
Graduate,56939.0,0,1,19,256,34,103,90,29,49,2,3,3,10,3,0,0,0,0,0,0,0,50,561,Partner,1,3,1,16,0,0,3,High Income – High Spending,High Income – Low Spending
Graduate,80872.0,0,0,60,483,72,567,94,12,108,1,4,4,10,1,0,0,0,0,0,0,0,75,1336,Alone,0,1,0,18,0,0,0,High Income – High Spending,High Income – High Spending
Postgraduate,72335.0,0,0,2,1285,105,653,28,21,0,1,10,4,8,8,0,0,0,0,0,0,1,50,2092,Partner,0,2,0,22,1,0,0,High Income – High Spending,High Income – High Spending
Postgraduate,61798.0,0,0,13,338,4,89,11,8,13,1,4,2,9,4,0,0,0,0,0,0,0,62,463,Alone,0,1,0,15,0,1,3,Low Income – Low Spending,High Income – Low Spending
Postgraduate,76842.0,0,0,37,605,10,345,84,54,32,1,1,8,7,0,0,0,0,0,0,0,0,76,1130,Alone,0,1,0,16,0,0,0,High Income – High Spending,High Income – High Spending
Graduate,29478.0,1,0,59,8,0,7,3,1,1,1,1,0,3,6,0,0,0,0,0,0,0,50,20,Partner,1,3,1,4,0,1,2,Low Income – Low Spending,Low Income – Low Spending
Graduate,46998.0,0,1,55,172,41,86,45,6,27,5,5,3,5,7,1,0,0,0,0,0,0,70,377,Alone,1,2,1,13,1,1,3,Low Income – Low Spending,High Income – Low Spending
Graduate,96843.0,0,0,60,448,71,951,40,17,17,1,6,11,10,2,0,0,1,0,0,0,1,36,1544,Alone,0,1,0,27,2,0,0,High Income – High Spending,High Income – High Spending
Postgraduate,56551.0,1,1,48,67,4,32,17,2,16,3,2,1,4,4,0,0,0,0,0,0,0,76,138,Alone,2,3,1,7,0,1,1,Low Income – Low Spending,Low Income – High Spending
Postgraduate,70053.0,0,1,38,512,53,98,81,179,89,3,8,5,10,5,0,0,0,0,0,0,0,61,1012,Partner,1,3,1,23,0,0,3,High Income – High Spending,High Income – Low Spending
Postgraduate,71670.0,0,0,8,1462,16,128,0,0,160,1,5,3,6,6,0,1,1,0,1,0,1,64,1766,Alone,0,1,0,14,4,0,0,High Income – High Spending,High Income – High Spending
Graduate,44359.0,1,1,19,20,0,14,7,3,1,3,2,0,4,3,0,0,0,0,0,0,0,48,45,Partner,2,4,1,6,0,1,1,Low Income – Low Spending,Low Income – High Spending
Graduate,40887.0,1,1,32,50,4,44,10,10,43,3,3,1,3,9,0,0,0,0,0,0,1,74,161,Alone,2,3,1,7,1,1,1,Low Income – Low Spending,Low Income – High Spending
Graduate,48877.0,0,1,27,102,1,15,2,0,24,1,3,0,4,7,0,0,0,0,0,0,0,60,144,Alone,1,2,1,7,0,1,1,Low Income – Low Spending,Low Income – High Spending
Graduate,74485.0,0,0,58,499,149,815,173,49,49,1,6,7,12,3,0,0,0,0,0,0,0,79,1734,Partner,0,2,0,25,0,0,0,High Income – High Spending,High Income – High Spending
Graduate,64474.0,0,1,59,381,35,172,56,86,93,2,8,2,10,5,0,0,0,0,0,0,0,54,823,Partner,1,3,1,20,0,0,3,High Income – High Spending,High Income – Low Spending
Graduate,77226.0,0,1,29,631,43,239,128,76,21,2,6,8,12,3,0,0,0,0,0,0,0,63,1138,Partner,1,3,1,26,0,0,0,High Income – High Spending,High Income – High Spending
Graduate,72643.0,0,0,60,526,80,553,123,94,53,1,3,10,7,2,0,0,0,1,0,0,1,77,1429,Alone,0,1,0,20,2,0,0,High Income – High Spending,High Income – High Spending
Postgraduate,85738.0,0,0,41,913,26,376,17,26,13,1,3,6,11,1,0,1,1,0,0,0,0,48,1371,Partner,0,2,0,20,2,0,0,High Income – High Spending,High Income – High Spending
Graduate,55686.0,0,1,27,673,0,199,37,47,26,2,6,3,5,4,1,0,0,0,0,0,0,60,982,Alone,1,2,1,14,1,0,3,High Income – High Spending,High Income – Low Spending
Graduate,39062.0,1,0,28,23,0,9,0,0,12,1,1,0,3,4,1,0,0,0,0,0,0,43,44,Alone,1,2,1,4,1,1,2,Low Income – Low Spending,Low Income – Low Spending
Graduate,34600.0,1,1,8,199,33,60,8,3,15,5,5,2,5,8,0,0,0,0,0,0,1,55,318,Partner,2,4,1,12,1,1,1,Low Income – Low Spending,Low Income – High Spending
Graduate,40794.0,0,1,18,261,23,73,4,23,50,2,6,3,5,7,0,0,0,0,0,0,0,51,434,Partner,1,3,1,14,0,1,3,Low Income – Low Spending,High Income – Low Spending
Undergraduate,54690.0,1,1,76,111,16,37,7,9,18,3,3,1,5,3,0,0,0,0,0,0,0,55,198,Partner,2,4,1,9,0,1,1,Low Income – Low Spending,Low Income – High Spending
Graduate,4428.0,0,1,0,16,4,12,2,4,321,0,25,0,0,1,0,0,0,0,0,0,0,57,359,Partner,1,3,1,25,0,0,3,High Income – High Spending,High Income – Low Spending
Undergraduate,32632.0,0,0,32,63,151,137,153,19,53,2,4,4,8,5,0,0,0,0,0,0,0,63,576,Partner,0,2,0,16,0,0,0,High Income – High Spending,High Income – High Spending
Postgraduate,38236.0,1,1,2,58,0,18,2,0,10,4,3,0,4,7,0,0,0,0,0,0,0,58,88,Alone,2,3,1,7,0,1,1,Low Income – Low Spending,Low Income – High Spending
Graduate,36781.0,1,0,16,29,1,17,0,3,13,1,2,1,2,8,0,0,0,0,0,0,1,47,63,Partner,1,3,1,5,1,1,2,Low Income – Low Spending,Low Income – Low Spending
Postgraduate,31385.0,1,0,56,3,2,12,0,1,9,1,1,0,2,8,1,0,0,0,0,0,1,42,27,Alone,1,2,1,3,2,1,2,Low Income – Low Spending,Low Income – Low Spending
Graduate,24570.0,1,0,97,28,34,62,11,14,44,3,4,0,4,9,0,0,0,0,0,0,0,42,193,Partner,1,3,1,8,0,1,2,Low Income – Low Spending,Low Income – Low Spending
Postgraduate,25509.0,1,0,15,40,3,30,10,7,11,3,3,0,3,9,0,0,0,0,0,0,1,52,101,Alone,1,2,1,6,1,1,2,Low Income – Low Spending,Low Income – Low Spending
Graduate,94642.0,0,0,35,879,143,797,106,143,143,0,5,7,9,1,0,0,1,1,0,0,0,75,2211,Partner,0,2,0,21,2,0,0,High Income – High Spending,High Income – High Spending
Postgraduate,58646.0,0,1,3,62,1,44,6,5,22,1,2,1,4,4,0,0,0,0,0,0,0,64,140,Partner,1,3,1,7,0,1,1,Low Income – Low Spending,Low Income – High Spending
Graduate,53201.0,1,1,49,280,7,81,20,0,27,8,6,3,5,7,0,0,0,0,0,0,0,51,415,Alone,2,3,1,14,0,1,1,Low Income – Low Spending,Low Income – High Spending
Graduate,21994.0,0,1,4,9,0,6,3,1,3,1,0,0,3,5,0,0,0,0,0,0,0,69,22,Partner,1,3,1,3,0,1,1,Low Income – Low Spending,Low Income – High Spending
Graduate,57113.0,1,1,45,182,4,33,0,2,42,6,4,1,5,7,0,0,0,0,0,0,0,48,263,Partner,2,4,1,10,0,1,1,Low Income – Low Spending,Low Income – High Spending
Graduate,51373.0,0,0,37,83,2,101,64,26,117,1,3,5,3,4,0,0,0,0,0,0,0,35,393,Partner,0,2,0,11,0,1,2,Low Income – Low Spending,Low Income – Low Spending
Graduate,23477.0,1,0,39,38,15,54,3,8,29,3,3,0,4,8,0,0,0,0,0,0,0,40,147,Partner,1,3,1,7,0,1,2,Low Income – Low Spending,Low Income – Low Spending
Graduate,58116.0,0,1,38,228,19,130,4,11,51,2,3,3,8,2,0,0,0,0,0,0,0,70,443,Partner,1,3,1,14,0,1,3,Low Income – Low Spending,High Income – Low Spending
Postgraduate,72968.0,0,0,8,1092,37,592,145,37,55,1,5,5,8,3,0,0,0,1,0,0,1,63,1958,Alone,0,1,0,18,2,0,0,High Income – High Spending,High Income – High Spending
Postgraduate,39791.0,0,1,89,85,15,27,13,13,21,2,3,1,4,7,0,0,0,0,0,0,0,55,174,Partner,1,3,1,8,0,1,1,Low Income – Low Spending,Low Income – High Spending
Postgraduate,91712.0,0,0,47,1276,24,746,94,29,48,0,9,7,11,3,0,0,1,0,0,0,1,79,2217,Alone,0,1,0,27,2,0,0,High Income – High Spending,High Income – High Spending
Graduate,94472.0,0,1,75,1017,33,417,108,100,16,1,5,5,5,5,0,1,1,0,0,0,0,68,1691,Alone,1,2,1,15,2,0,0,High Income – High Spending,High Income – High Spending
Graduate,13672.0,1,1,86,6,2,9,2,1,5,2,1,0,3,8,0,0,0,0,0,0,0,66,25,Partner,2,4,1,4,0,1,1,Low Income – Low Spending,Low Income – High Spending
Undergraduate,96547.0,0,0,4,448,21,125,52,101,62,0,7,6,8,2,1,0,1,1,0,0,1,46,809,Partner,0,2,0,21,4,0,0,High Income – High Spending,High Income – High Spending
Graduate,79205.0,0,0,73,504,23,117,179,28,44,1,6,5,4,4,0,0,0,1,0,0,1,51,895,Partner,0,2,0,15,2,0,0,High Income – High Spending,High Income – High Spending
Postgraduate,56559.0,0,1,46,226,22,133,41,31,31,3,4,3,8,4,0,0,0,0,0,0,0,51,484,Partner,1,3,1,15,0,1,3,Low Income – Low Spending,High Income – Low Spending
Postgraduate,32644.0,1,0,38,239,3,141,0,7,23,4,7,1,6,8,1,0,0,0,0,0,0,53,413,Partner,1,3,1,14,1,1,2,Low Income – Low Spending,Low Income – Low Spending
Undergraduate,67506.0,0,1,73,90,38,67,33,36,67,1,4,1,6,3,0,0,0,0,0,0,0,46,331,Alone,1,2,1,11,0,1,3,Low Income – Low Spending,High Income – Low Spending
Graduate,24206.0,1,0,66,7,2,8,3,2,3,1,1,0,3,6,0,0,0,0,0,0,0,56,25,Alone,1,2,1,4,0,1,2,Low Income – Low Spending,Low Income – Low Spending
Postgraduate,28420.0,1,0,36,4,2,5,2,0,0,1,1,0,2,6,0,0,0,0,0,0,0,59,13,Alone,1,2,1,3,0,1,2,Low Income – Low Spending,Low Income – Low Spending
Graduate,22979.0,1,0,29,16,17,19,20,21,22,3,3,2,2,8,0,0,0,0,0,0,1,56,115,Partner,1,3,1,7,1,1,2,Low Income – Low Spending,Low Income – Low Spending
Graduate,33279.0,0,0,29,10,3,3,0,0,0,1,0,0,3,3,0,0,0,0,0,0,0,60,16,Alone,0,1,0,3,0,1,2,Low Income – Low Spending,Low Income – Low Spending
Postgraduate,46423.0,1,1,6,68,0,16,0,0,8,3,2,0,4,7,0,0,0,0,0,0,0,54,92,Alone,2,3,1,6,0,1,1,Low Income – Low Spending,Low Income – High Spending
Graduate,30368.0,0,1,97,35,0,13,2,0,2,2,2,0,3,8,0,0,0,0,0,0,0,49,52,Partner,1,3,1,5,0,1,1,Low Income – Low Spending,Low Income – High Spending
Graduate,63684.0,0,1,61,575,80,428,208,93,80,3,8,4,8,5,0,0,0,0,0,0,0,56,1464,Partner,1,3,1,20,0,0,0,High Income – High Spending,High Income – High Spending
Graduate,41638.0,0,1,68,315,0,31,4,0,91,4,5,5,3,8,1,0,0,0,0,0,0,62,441,Alone,1,2,1,13,1,1,1,Low Income – Low Spending,Low Income – High Spending
Postgraduate,68805.0,0,1,73,182,2,49,17,13,20,1,3,1,7,2,0,0,0,0,0,0,0,67,283,Alone,1,2,1,11,0,1,1,Low Income – Low Spending,Low Income – High Spending
Postgraduate,65814.0,0,1,90,561,14,113,10,14,35,3,8,2,10,5,0,0,0,0,0,0,0,60,747,Partner,1,3,1,20,0,0,3,High Income – High Spending,High Income – Low Spending
Graduate,71964.0,0,0,81,587,51,932,180,34,86,1,5,6,5,3,0,0,0,0,0,0,0,68,1870,Alone,0,1,0,16,0,0,0,High Income – High Spending,High Income – High Spending
Graduate,39146.0,1,0,1,94,1,33,13,12,12,3,4,0,4,8,0,0,0,0,0,0,0,40,165,Alone,1,2,1,8,0,1,2,Low Income – Low Spending,Low Income – Low Spending
Graduate,96876.0,0,0,79,908,43,735,40,194,21,1,7,7,9,2,0,1,1,1,0,0,1,49,1941,Partner,0,2,0,23,4,0,0,High Income – High Spending,High Income – High Spending
Undergraduate,34445.0,0,0,92,228,122,122,208,129,30,6,11,2,8,9,0,0,0,0,0,0,0,45,839,Partner,0,2,0,21,0,0,0,High Income – High Spending,High Income – High Spending
Graduate,68281.0,0,0,31,995,112,417,42,48,41,1,2,9,13,5,0,0,0,0,0,0,1,68,1655,Alone,0,1,0,24,1,0,0,High Income – High Spending,High Income – High Spending
Undergraduate,37284.0,1,1,46,11,1,2,2,1,6,1,0,0,3,6,0,0,0,0,0,0,0,51,23,Partner,2,4,1,3,0,1,1,Low Income – Low Spending,Low Income – High Spending
Graduate,36790.0,0,0,14,3,3,14,15,21,10,1,2,1,2,9,0,0,0,0,0,0,1,43,66,Partner,0,2,0,5,1,1,2,Low Income – Low Spending,Low Income – Low Spending
Graduate,27943.0,1,1,89,12,1,16,4,1,3,3,2,0,3,8,0,0,0,0,0,0,0,59,37,Partner,2,4,1,5,0,1,1,Low Income – Low Spending,Low Income – High Spending
Graduate,22263.0,1,1,31,17,0,2,0,0,2,2,1,0,3,6,0,0,0,0,0,1,0,75,21,Alone,2,3,1,4,0,1,1,Low Income – Low Spending,Low Income – High Spending
Graduate,30261.0,1,2,75,8,0,5,0,3,6,1,0,0,3,8,0,0,0,0,0,0,0,54,22,Partner,3,5,1,3,0,1,1,Low Income – Low Spending,Low Income – High Spending
Graduate,28587.0,1,0,42,22,4,17,12,10,13,3,2,0,4,6,0,0,0,0,0,0,0,48,78,Partner,1,3,1,6,0,1,2,Low Income – Low Spending,Low Income – Low Spending
Postgraduate,43815.0,1,0,53,14,10,29,4,7,15,1,2,0,3,6,0,0,0,0,0,0,0,44,79,Partner,1,3,1,5,0,1,2,Low Income – Low Spending,Low Income – Low Spending
Graduate,48195.0,1,1,53,106,27,68,52,7,5,6,4,2,5,6,0,0,0,0,0,0,0,70,265,Partner,2,4,1,11,0,1,1,Low Income – Low Spending,Low Income – High Spending
Postgraduate,77027.0,0,1,23,820,57,242,45,0,11,2,8,3,6,4,0,0,0,0,0,0,0,74,1175,Partner,1,3,1,17,0,0,3,High Income – High Spending,High Income – Low Spending
Postgraduate,71322.0,0,1,57,753,43,226,69,10,204,2,8,5,13,4,0,0,0,0,0,0,0,61,1305,Partner,1,3,1,26,0,0,3,High Income – High Spending,High Income – Low Spending
Postgraduate,32765.0,1,0,49,13,3,17,7,3,3,2,2,0,4,5,0,0,0,0,0,0,0,47,46,Partner,1,3,1,6,0,1,2,Low Income – Low Spending,Low Income – Low Spending
Graduate,29672.0,1,1,6,9,1,3,0,4,8,1,0,0,3,6,0,0,0,0,0,0,0,61,25,Partner,2,4,1,3,0,1,1,Low Income – Low Spending,Low Income – High Spending
Graduate,23272.0,0,0,29,19,3,6,4,2,12,1,1,0,3,4,0,0,0,0,0,0,0,73,46,Alone,0,1,0,4,0,1,2,Low Income – Low Spending,Low Income – Low Spending
Postgraduate,49912.0,0,1,5,520,8,223,32,49,42,4,10,5,7,8,1,0,0,0,0,0,1,77,874,Partner,1,3,1,22,2,0,3,High Income – High Spending,High Income – Low Spending
Undergraduate,7500.0,1,0,98,5,17,17,13,14,34,4,2,1,3,9,0,0,0,0,0,0,0,41,100,Partner,1,3,1,6,0,1,2,Low Income – Low Spending,Low Income – Low Spending
Postgraduate,68117.0,0,1,80,618,44,215,0,17,36,2,11,8,4,6,1,0,0,0,0,0,1,79,930,Alone,1,2,1,23,2,0,3,High Income – High Spending,High Income – Low Spending
Graduate,67225.0,0,1,4,315,35,322,46,7,143,3,7,2,11,5,0,0,0,0,0,0,0,71,868,Partner,1,3,1,20,0,0,3,High Income – High Spending,High Income – Low Spending
Graduate,17649.0,1,0,70,15,1,23,0,5,1,3,3,0,3,8,0,0,0,0,0,0,0,50,45,Partner,1,3,1,6,0,1,2,Low Income – Low Spending,Low Income – Low Spending
Graduate,55914.0,0,1,32,384,60,364,119,101,232,4,11,6,8,7,0,0,0,0,0,0,0,51,1260,Partner,1,3,1,25,0,0,3,High Income – High Spending,High Income – Low Spending
Graduate,40059.0,1,0,82,110,29,92,28,10,145,1,6,2,3,8,1,0,0,0,0,0,0,42,414,Partner,1,3,1,11,1,1,2,Low Income – Low Spending,Low Income – Low Spending
Graduate,60905.0,0,1,27,208,17,76,36,17,38,2,3,3,7,2,0,0,0,0,0,0,0,76,392,Partner,1,3,1,13,0,1,3,Low Income – Low Spending,High Income – Low Spending
Graduate,75330.0,1,1,94,555,82,257,93,61,61,4,10,3,12,6,0,0,0,0,0,0,0,49,1109,Partner,2,4,1,25,0,0,3,High Income – High Spending,High Income – Low Spending
Graduate,60689.0,0,1,23,240,90,216,63,6,24,4,4,4,10,3,0,0,0,0,0,0,0,75,639,Alone,1,2,1,18,0,0,3,High Income – High Spending,High Income – Low Spending
Graduate,38680.0,1,0,97,11,0,36,15,5,12,1,2,0,3,7,0,0,0,0,0,0,0,42,79,Partner,1,3,1,5,0,1,2,Low Income – Low Spending,Low Income – Low Spending
Graduate,61416.0,0,0,25,848,154,323,201,61,78,1,10,3,10,6,1,0,0,0,0,0,0,44,1665,Partner,0,2,0,23,1,0,0,High Income – High Spending,High Income – High Spending
Graduate,49767.0,0,0,92,202,47,197,55,42,149,1,5,4,8,4,0,0,0,0,0,0,0,35,692,Alone,0,1,0,17,0,0,0,High Income – High Spending,High Income – High Spending
Graduate,83273.0,1,2,98,433,89,650,16,102,102,10,4,6,9,7,0,0,0,0,0,0,0,56,1392,Alone,3,4,1,19,0,0,3,High Income – High Spending,High Income – Low Spending
Graduate,29009.0,1,0,19,6,6,15,10,5,2,2,2,0,3,6,0,0,0,0,0,0,0,45,44,Partner,1,3,1,5,0,1,2,Low Income – Low Spending,Low Income – Low Spending
Postgraduate,45057.0,1,0,80,37,0,7,3,0,3,1,2,0,3,5,0,0,0,0,0,0,0,47,50,Partner,1,3,1,5,0,1,2,Low Income – Low Spending,Low Income – Low Spending
Graduate,37150.0,1,0,80,167,37,64,49,34,116,8,4,3,6,7,0,0,0,0,0,0,0,55,467,Partner,1,3,1,13,0,1,3,Low Income – Low Spending,High Income – Low Spending
Graduate,43020.0,1,0,79,45,7,99,4,25,43,3,4,1,4,6,0,0,0,0,0,0,0,56,223,Alone,1,2,1,9,0,1,2,Low Income – Low Spending,Low Income – Low Spending
Graduate,53154.0,0,1,50,129,0,21,0,1,7,1,3,1,4,4,0,0,0,0,0,0,0,67,158,Partner,1,3,1,8,0,1,1,Low Income – Low Spending,Low Income – High Spending
Graduate,65308.0,0,0,60,713,0,264,120,80,34,1,7,8,12,4,0,0,1,1,0,0,0,53,1211,Partner,0,2,0,27,2,0,0,High Income – High Spending,High Income – High Spending
Graduate,76467.0,1,0,44,676,161,426,210,44,58,2,2,5,5,6,0,0,0,0,0,0,1,56,1575,Alone,1,2,1,12,1,0,0,High Income – High Spending,High Income – High Spending
Undergraduate,81044.0,0,0,0,450,26,535,73,98,26,1,5,6,10,1,0,0,0,0,0,0,0,79,1208,Partner,0,2,0,21,0,0,0,High Income – High Spending,High Income – High Spending
Graduate,32871.0,1,1,28,22,2,12,0,2,5,1,1,0,3,4,0,0,0,0,0,0,0,75,43,Partner,2,4,1,4,0,1,1,Low Income – Low Spending,Low Income – High Spending
Graduate,55801.0,1,1,35,367,4,51,6,4,95,6,7,2,6,7,0,0,0,1,0,0,0,51,527,Alone,2,3,1,15,1,1,3,Low Income – Low Spending,High Income – Low Spending
Graduate,76320.0,0,1,49,526,35,214,69,53,35,2,6,3,4,2,0,0,0,0,0,0,0,67,932,Alone,1,2,1,13,0,0,3,High Income – High Spending,High Income – Low Spending
Postgraduate,36927.0,1,1,46,51,0,16,0,0,4,2,3,0,3,8,0,0,0,0,0,0,0,71,71,Alone,2,3,1,6,0,1,1,Low Income – Low Spending,Low Income – High Spending
Graduate,48794.0,1,1,97,25,0,11,3,0,15,1,1,0,3,4,0,0,0,0,0,0,0,73,54,Partner,2,4,1,4,0,1,1,Low Income – Low Spending,Low Income – High Spending
Graduate,23478.0,0,0,51,28,6,27,12,17,39,1,3,0,3,8,0,0,0,0,0,0,0,61,129,Alone,0,1,0,6,0,1,2,Low Income – Low Spending,Low Income – Low Spending
Graduate,71128.0,1,0,80,958,159,447,20,0,31,3,2,10,12,7,0,0,0,0,0,0,0,53,1615,Alone,1,2,1,24,0,0,0,High Income – High Spending,High Income – High Spending
Postgraduate,70179.0,0,1,10,532,88,168,69,44,133,3,7,3,13,5,0,0,0,0,0,0,0,50,1034,Alone,1,2,1,23,0,0,3,High Income – High Spending,High Income – Low Spending
Graduate,59462.0,0,1,29,724,17,143,0,8,196,2,9,2,12,7,0,0,0,0,0,0,0,76,1088,Partner,1,3,1,23,0,0,3,High Income – High Spending,High Income – Low Spending
Graduate,38361.0,1,0,74,39,0,56,20,8,14,3,3,1,3,7,0,0,0,0,0,0,0,57,137,Partner,1,3,1,7,0,1,2,Low Income – Low Spending,Low Income – Low Spending
Postgraduate,70038.0,0,0,54,587,54,348,71,54,130,1,4,4,8,2,0,0,0,0,0,0,0,44,1244,Partner,0,2,0,16,0,0,0,High Income – High Spending,High Income – High Spending
Graduate,42554.0,1,1,93,29,1,11,0,0,0,2,2,0,3,4,0,0,0,0,0,0,0,48,41,Partner,2,4,1,5,0,1,1,Low Income – Low Spending,Low Income – High Spending
Graduate,67445.0,0,1,63,757,80,217,29,80,11,5,9,6,12,6,0,0,0,0,0,0,0,52,1174,Partner,1,3,1,27,0,0,3,High Income – High Spending,High Income – Low Spending
Graduate,67046.0,0,1,92,544,35,133,23,151,107,2,4,5,4,2,0,0,0,0,0,0,0,75,993,Alone,1,2,1,13,0,0,3,High Income – High Spending,High Income – Low Spending
Graduate,42192.0,0,0,40,40,15,15,17,6,7,1,2,1,3,4,0,0,0,0,0,0,0,78,100,Partner,0,2,0,6,0,1,1,Low Income – Low Spending,Low Income – High Spending
Postgraduate,77610.0,0,1,70,1245,33,332,21,33,16,2,4,7,4,7,0,0,0,0,0,0,0,74,1680,Partner,1,3,1,15,0,0,3,High Income – High Spending,High Income – Low Spending
Graduate,31761.0,1,0,96,19,1,20,16,14,28,2,3,0,4,5,0,0,0,0,0,0,0,42,98,Partner,1,3,1,7,0,1,2,Low Income – Low Spending,Low Income – Low Spending
Graduate,34350.0,1,0,81,16,3,15,2,1,11,1,1,0,3,7,0,0,0,0,0,0,0,47,48,Partner,1,3,1,4,0,1,2,Low Income – Low Spending,Low Income – Low Spending
Graduate,54591.0,0,1,63,376,4,94,12,9,24,3,6,2,8,5,0,0,0,0,0,0,0,77,519,Partner,1,3,1,16,0,1,3,Low Income – Low Spending,High Income – Low Spending
Graduate,71866.0,0,1,85,184,178,178,103,39,33,1,6,3,10,3,0,0,0,0,0,0,0,70,715,Partner,1,3,1,19,0,0,0,High Income – High Spending,High Income – High Spending
Graduate,25293.0,1,0,51,15,0,11,0,2,9,1,1,1,2,8,0,0,0,0,0,0,0,57,37,Partner,1,3,1,4,0,1,2,Low Income – Low Spending,Low Income – Low Spending
Postgraduate,42000.0,0,0,23,124,83,267,85,59,35,2,5,2,11,5,0,0,0,0,0,0,1,39,653,Alone,0,1,0,18,1,0,0,High Income – High Spending,High Income – High Spending
Graduate,69520.0,0,0,95,627,120,414,121,80,93,1,9,6,5,5,0,0,0,0,0,0,0,43,1455,Partner,0,2,0,20,0,0,0,High Income – High Spending,High Income – High Spending
Graduate,64713.0,1,0,11,180,60,241,13,54,54,2,5,5,7,4,0,0,0,0,0,0,1,56,602,Alone,1,2,1,17,1,0,3,High Income – High Spending,High Income – Low Spending
Postgraduate,27889.0,1,0,42,14,0,4,0,0,8,1,1,1,2,6,0,0,0,0,0,0,0,49,26,Partner,1,3,1,4,0,1,2,Low Income – Low Spending,Low Income – Low Spending
Undergraduate,22123.0,0,0,77,3,3,24,34,7,31,1,2,1,3,5,0,0,0,0,0,0,0,66,102,Alone,0,1,0,6,0,1,2,Low Income – Low Spending,Low Income – Low Spending
Graduate,27803.0,1,0,40,8,26,46,38,9,49,2,3,0,4,8,0,0,0,0,0,0,0,53,176,Partner,1,3,1,7,0,1,2,Low Income – Low Spending,Low Income – Low Spending
Graduate,51651.0,0,1,32,293,6,23,13,6,92,4,6,2,5,8,0,0,0,0,0,0,0,66,433,Partner,1,3,1,13,0,1,3,Low Income – Low Spending,High Income – Low Spending
Graduate,68487.0,0,0,48,758,12,385,33,89,89,1,9,7,13,4,0,0,0,0,0,0,0,38,1366,Partner,0,2,0,29,0,0,0,High Income – High Spending,High Income – High Spending
Graduate,56796.0,0,1,24,656,38,161,62,47,37,3,8,9,7,7,0,0,0,0,0,0,0,57,1001,Partner,1,3,1,24,0,0,3,High Income – High Spending,High Income – Low Spending
Undergraduate,87000.0,0,0,61,196,25,607,67,17,49,1,4,6,7,2,0,0,0,0,0,0,0,34,961,Partner,0,2,0,17,0,0,0,High Income – High Spending,High Income – High Spending
Graduate,79823.0,0,1,6,835,73,380,114,73,43,1,6,9,7,2,0,1,0,0,0,0,0,67,1518,Partner,1,3,1,22,1,0,0,High Income – High Spending,High Income – High Spending
Graduate,30828.0,1,0,16,16,11,15,2,0,12,2,1,1,4,3,0,0,0,0,0,0,0,46,56,Alone,1,2,1,6,0,1,2,Low Income – Low Spending,Low Income – Low Spending
Postgraduate,34109.0,0,1,39,9,1,5,2,1,4,1,0,0,3,4,0,0,0,0,0,0,0,55,22,Partner,1,3,1,3,0,1,1,Low Income – Low Spending,Low Income – High Spending
Postgraduate,53367.0,1,1,2,229,7,140,10,3,11,7,5,1,8,7,0,0,0,0,0,0,1,52,400,Alone,2,3,1,14,1,1,1,Low Income – Low Spending,Low Income – High Spending
Undergraduate,22390.0,0,0,49,0,1,4,15,1,5,1,1,0,2,7,0,0,0,0,0,0,0,57,26,Partner,0,2,0,3,0,1,2,Low Income – Low Spending,Low Income – Low Spending
Graduate,71322.0,0,1,31,121,24,124,24,15,42,1,4,1,7,2,0,0,0,0,0,0,0,50,350,Partner,1,3,1,12,0,1,3,Low Income – Low Spending,High Income – Low Spending
Graduate,79244.0,0,0,58,471,102,125,212,61,245,1,4,10,7,1,0,0,1,1,0,0,1,33,1216,Alone,0,1,0,21,3,0,0,High Income – High Spending,High Income – High Spending
Postgraduate,49912.0,0,1,5,520,8,223,32,49,42,4,10,5,7,8,1,0,0,0,0,0,1,77,874,Partner,1,3,1,22,2,0,3,High Income – High Spending,High Income – Low Spending
Postgraduate,48699.0,1,1,90,26,1,10,2,0,1,1,1,0,3,5,0,0,0,0,0,0,0,76,40,Partner,2,4,1,4,0,1,1,Low Income – Low Spending,Low Income – High Spending
Graduate,80144.0,0,0,47,240,132,445,250,192,108,1,3,7,8,1,0,0,0,0,0,0,0,51,1367,Partner,0,2,0,18,0,0,0,High Income – High Spending,High Income – High Spending
Graduate,54252.0,1,1,25,178,4,26,8,4,44,5,4,1,5,6,0,0,0,0,0,0,0,70,264,Alone,2,3,1,10,0,1,1,Low Income – Low Spending,Low Income – High Spending
Postgraduate,81929.0,1,0,60,1486,55,278,49,0,185,2,4,4,10,6,1,0,1,0,0,0,1,50,2053,Partner,1,3,1,18,3,0,0,High Income – High Spending,High Income – High Spending
Graduate,76068.0,0,1,67,1115,12,128,33,12,76,1,2,3,4,6,0,1,0,0,1,0,0,51,1376,Partner,1,3,1,9,2,0,3,High Income – High Spending,High Income – Low Spending
Postgraduate,53204.0,1,1,40,29,0,8,2,0,6,1,1,0,3,4,0,0,0,0,0,0,0,50,45,Partner,2,4,1,4,0,1,1,Low Income – Low Spending,Low Income – High Spending
Postgraduate,67911.0,0,1,63,529,0,356,63,28,0,3,6,7,11,3,0,0,0,0,0,0,0,77,976,Partner,1,3,1,24,0,0,3,High Income – High Spending,High Income – Low Spending
Undergraduate,14796.0,1,0,1,13,3,8,7,4,16,2,1,0,3,9,0,0,0,0,0,0,1,42,51,Partner,1,3,1,4,1,1,2,Low Income – Low Spending,Low Income – Low Spending
Postgraduate,78128.0,0,1,89,934,24,230,16,24,36,2,8,4,6,3,0,1,1,0,0,0,0,52,1264,Partner,1,3,1,18,2,0,3,High Income – High Spending,High Income – Low Spending
Undergraduate,14188.0,0,0,40,2,7,11,16,12,27,1,2,0,4,6,0,0,0,0,0,0,0,54,75,Partner,0,2,0,6,0,1,2,Low Income – Low Spending,Low Income – Low Spending
Undergraduate,20425.0,1,0,5,4,12,5,3,16,17,2,2,0,3,7,0,0,0,0,0,0,0,40,57,Partner,1,3,1,5,0,1,2,Low Income – Low Spending,Low Income – Low Spending
Postgraduate,58646.0,0,1,3,62,1,44,6,5,22,1,2,1,4,4,0,0,0,0,0,0,0,64,140,Partner,1,3,1,7,0,1,1,Low Income – Low Spending,Low Income – High Spending
Graduate,72967.0,0,1,1,158,35,179,0,0,125,2,7,2,8,5,1,0,0,0,0,0,1,56,497,Alone,1,2,1,17,2,0,3,High Income – High Spending,High Income – Low Spending
Postgraduate,48150.0,0,1,24,173,2,39,3,2,47,3,5,1,4,7,0,0,0,0,0,0,0,77,266,Partner,1,3,1,10,0,1,1,Low Income – Low Spending,Low Income – High Spending
Graduate,82332.0,0,0,89,830,59,968,51,79,19,1,5,3,12,2,0,0,1,0,0,0,1,65,2006,Alone,0,1,0,20,2,0,0,High Income – High Spending,High Income – High Spending
Graduate,58275.0,1,1,48,189,10,253,56,43,64,6,8,2,7,7,0,0,0,0,0,0,0,71,615,Alone,2,3,1,17,0,1,3,Low Income – Low Spending,High Income – Low Spending
Postgraduate,44953.0,0,0,31,728,17,133,11,8,124,1,7,3,13,6,1,0,0,0,0,0,0,45,1021,Partner,0,2,0,23,1,0,3,High Income – High Spending,High Income – Low Spending
Graduate,34587.0,1,1,68,7,2,9,2,0,2,2,1,0,3,4,0,0,0,0,0,0,0,73,22,Partner,2,4,1,4,0,1,1,Low Income – Low Spending,Low Income – High Spending
Postgraduate,43018.0,0,1,46,35,4,17,7,6,64,1,2,2,2,5,0,0,0,0,0,0,0,52,133,Partner,1,3,1,6,0,1,1,Low Income – Low Spending,Low Income – High Spending
Postgraduate,45736.0,0,1,92,188,3,180,20,3,43,5,7,1,6,7,0,0,0,0,0,0,0,72,437,Partner,1,3,1,14,0,1,3,Low Income – Low Spending,High Income – Low Spending
Postgraduate,66476.0,0,1,80,742,28,152,25,9,57,2,6,8,10,4,0,0,0,0,0,0,0,57,1013,Partner,1,3,1,24,0,0,3,High Income – High Spending,High Income – Low Spending
Undergraduate,27733.0,1,0,16,0,7,5,26,2,17,2,2,0,3,7,0,0,0,0,0,0,0,45,57,Partner,1,3,1,5,0,1,2,Low Income – Low Spending,Low Income – Low Spending
Postgraduate,69805.0,0,1,50,750,71,174,13,10,20,2,6,8,11,2,0,0,0,0,0,0,0,74,1038,Partner,1,3,1,25,0,0,3,High Income – High Spending,High Income – Low Spending
Postgraduate,72217.0,0,0,93,816,42,450,55,56,154,1,3,10,8,2,0,0,0,0,0,0,0,64,1573,Alone,0,1,0,21,0,0,0,High Income – High Spending,High Income – High Spending
Graduate,25818.0,1,0,51,5,2,8,2,2,9,1,0,1,2,7,0,0,0,0,0,0,0,55,28,Alone,1,2,1,3,0,1,2,Low Income – Low Spending,Low Income – Low Spending
Postgraduate,37509.0,1,0,24,37,5,56,12,8,5,2,3,0,4,7,0,0,0,0,0,0,0,50,123,Partner,1,3,1,7,0,1,2,Low Income – Low Spending,Low Income – Low Spending
Undergraduate,25176.0,1,1,79,4,0,4,0,0,5,1,1,0,2,7,0,0,0,0,0,0,0,50,13,Partner,2,4,1,3,0,1,1,Low Income – Low Spending,Low Income – High Spending
Graduate,43586.0,0,1,26,99,2,11,4,0,16,3,3,0,4,8,0,0,0,0,0,0,0,46,132,Partner,1,3,1,7,0,1,1,Low Income – Low Spending,Low Income – High Spending
Undergraduate,53230.0,0,1,86,176,72,98,136,21,229,4,5,2,12,5,0,0,0,0,0,0,0,70,732,Partner,1,3,1,19,0,0,3,High Income – High Spending,High Income – Low Spending
Graduate,50116.0,1,1,68,54,0,10,0,0,2,2,1,0,4,5,0,1,0,0,0,0,0,69,66,Partner,2,4,1,5,1,1,1,Low Income – Low Spending,Low Income – High Spending
Graduate,84906.0,0,0,98,997,15,414,99,30,76,1,5,6,12,2,0,1,1,0,1,0,0,54,1631,Partner,0,2,0,23,3,0,0,High Income – High Spending,High Income – High Spending
Graduate,61286.0,0,1,34,356,0,107,19,9,117,2,7,1,8,5,0,0,0,0,0,0,0,60,608,Partner,1,3,1,16,0,1,3,Low Income – Low Spending,High Income – Low Spending
Postgraduate,82333.0,0,0,60,1311,0,359,46,89,17,1,4,3,10,2,0,0,1,0,0,0,1,40,1822,Partner,0,2,0,17,2,0,0,High Income – High Spending,High Income – High Spending
Postgraduate,65220.0,0,0,3,890,63,292,0,25,12,4,8,4,7,6,0,0,0,0,0,0,1,61,1282,Partner,0,2,0,19,1,0,3,High Income – High Spending,High Income – Low Spending
Graduate,33590.0,2,1,65,4,0,2,0,0,2,1,1,0,2,7,0,0,0,0,0,0,0,52,8,Partner,3,5,1,3,0,1,1,Low Income – Low Spending,Low Income – High Spending
Graduate,30992.0,1,0,83,17,0,14,7,3,2,1,1,0,3,7,0,0,0,0,0,0,0,50,43,Alone,1,2,1,4,0,1,2,Low Income – Low Spending,Low Income – Low Spending
Postgraduate,72309.0,0,0,64,960,0,883,50,38,0,1,5,6,8,3,0,0,0,1,0,0,1,50,1931,Alone,0,1,0,19,2,0,0,High Income – High Spending,High Income – High Spending
Undergraduate,16005.0,1,0,69,1,3,2,20,30,47,3,2,1,2,8,0,0,0,0,0,0,0,46,103,Partner,1,3,1,5,0,1,2,Low Income – Low Spending,Low Income – Low Spending
Postgraduate,65487.0,0,0,48,240,67,500,199,0,163,3,3,5,6,2,0,0,0,0,0,0,0,69,1169,Alone,0,1,0,14,0,0,0,High Income – High Spending,High Income – High Spending
Graduate,58692.0,0,1,21,301,11,61,4,7,11,1,8,2,4,7,0,0,0,0,0,0,0,61,395,Partner,1,3,1,14,0,1,1,Low Income – Low Spending,Low Income – High Spending
Graduate,40590.0,1,1,30,154,0,50,6,11,37,5,3,4,3,6,1,0,0,0,0,0,0,57,258,Alone,2,3,1,10,1,1,1,Low Income – Low Spending,Low Income – High Spending
Graduate,20587.0,1,0,39,2,3,6,4,1,9,1,1,1,2,7,0,0,0,0,0,0,0,56,25,Alone,1,2,1,4,0,1,2,Low Income – Low Spending,Low Income – Low Spending
Postgraduate,62637.0,0,1,76,104,12,48,4,12,5,1,2,2,5,2,0,0,0,0,0,0,0,72,185,Alone,1,2,1,9,0,1,1,Low Income – Low Spending,Low Income – High Spending
Postgraduate,29435.0,1,1,11,70,3,37,4,2,64,4,3,2,2,9,0,0,0,0,0,0,1,60,180,Alone,2,3,1,7,1,1,1,Low Income – Low Spending,Low Income – High Spending
Graduate,19346.0,1,0,26,2,0,9,3,6,2,1,1,0,3,8,0,0,0,0,0,0,0,52,22,Alone,1,2,1,4,0,1,2,Low Income – Low Spending,Low Income – Low Spending
Graduate,35788.0,1,1,34,23,2,11,3,1,4,2,2,0,3,6,0,0,0,0,0,0,0,55,44,Partner,2,4,1,5,0,1,1,Low Income – Low Spending,Low Income – High Spending
Graduate,36997.0,1,1,72,43,4,12,8,0,27,5,2,1,4,5,0,0,0,0,0,0,0,58,94,Alone,2,3,1,7,0,1,1,Low Income – Low Spending,Low Income – High Spending
Graduate,23539.0,0,0,13,4,24,11,16,1,25,1,2,0,4,6,0,0,0,0,0,0,0,69,81,Partner,0,2,0,6,0,1,2,Low Income – Low Spending,Low Income – Low Spending
Graduate,65333.0,0,1,58,654,7,92,0,15,30,7,9,4,8,6,0,1,1,0,0,0,0,53,798,Alone,1,2,1,21,2,0,3,High Income – High Spending,High Income – Low Spending
Graduate,78499.0,0,0,12,912,72,170,47,36,97,1,11,3,4,4,0,0,1,0,0,0,1,69,1334,Alone,0,1,0,18,2,0,0,High Income – High Spending,High Income – High Spending
Postgraduate,29732.0,1,0,23,25,0,8,0,1,4,1,2,0,2,9,0,0,0,0,0,0,0,55,38,Partner,1,3,1,4,0,1,2,Low Income – Low Spending,Low Income – Low Spending
Postgraduate,41275.0,1,2,33,24,4,22,0,2,9,4,3,1,3,5,0,0,0,0,0,0,0,66,61,Partner,3,5,1,7,0,1,1,Low Income – Low Spending,Low Income – High Spending
Postgraduate,63516.0,1,1,30,141,11,114,15,14,5,4,4,1,7,5,0,0,0,0,0,0,0,53,300,Partner,2,4,1,12,0,1,1,Low Income – Low Spending,Low Income – High Spending
Postgraduate,42769.0,0,1,15,71,0,13,3,1,0,2,1,1,4,4,0,0,0,0,0,0,0,64,88,Partner,1,3,1,6,0,1,1,Low Income – Low Spending,Low Income – High Spending
Postgraduate,49572.0,1,1,25,35,1,16,0,1,1,2,2,0,3,7,0,0,0,0,0,0,0,68,54,Partner,2,4,1,5,0,1,1,Low Income – Low Spending,Low Income – High Spending
Graduate,69209.0,0,0,4,496,32,849,229,48,128,2,5,3,6,4,0,0,0,1,0,0,0,54,1782,Partner,0,2,0,14,1,0,0,High Income – High Spending,High Income – High Spending
Graduate,17148.0,1,0,80,9,9,11,13,10,16,4,3,1,3,8,0,0,0,0,0,0,0,50,68,Partner,1,3,1,7,0,1,2,Low Income – Low Spending,Low Income – Low Spending
Graduate,40590.0,1,1,30,154,0,50,6,11,37,5,3,4,3,6,1,0,0,0,0,0,0,57,258,Alone,2,3,1,10,1,1,1,Low Income – Low Spending,Low Income – High Spending
Postgraduate,30560.0,1,0,6,9,1,5,4,5,7,1,1,0,3,7,0,0,0,0,0,0,0,50,31,Partner,1,3,1,4,0,1,2,Low Income – Low Spending,Low Income – Low Spending
Undergraduate,32146.0,1,0,16,26,3,23,4,7,3,2,2,0,4,6,0,0,0,0,0,0,0,43,66,Partner,1,3,1,6,0,1,2,Low Income – Low Spending,Low Income – Low Spending
Undergraduate,41713.0,1,1,57,77,8,44,10,10,25,5,3,1,4,6,0,0,0,0,0,0,0,62,174,Alone,2,3,1,8,0,1,1,Low Income – Low Spending,Low Income – High Spending
Postgraduate,34176.0,0,1,9,11,2,7,4,2,2,1,1,0,3,3,0,0,0,0,0,0,0,51,28,Partner,1,3,1,4,0,1,1,Low Income – Low Spending,Low Income – High Spending
Postgraduate,58482.0,0,1,59,576,7,115,19,7,7,2,7,4,9,6,0,1,0,0,0,0,0,71,731,Partner,1,3,1,20,1,0,3,High Income – High Spending,High Income – Low Spending
Graduate,59686.0,0,1,78,89,15,89,34,42,5,1,4,1,6,4,0,0,0,0,0,0,0,61,274,Alone,1,2,1,11,0,1,1,Low Income – Low Spending,Low Income – High Spending
Postgraduate,60896.0,0,1,90,1013,30,399,60,46,153,3,9,10,4,6,0,0,0,0,0,0,1,62,1701,Partner,1,3,1,23,1,0,3,High Income – High Spending,High Income – Low Spending
Graduate,62994.0,1,0,74,224,12,48,4,12,12,1,6,2,4,6,0,0,0,0,0,0,0,46,312,Partner,1,3,1,12,0,1,2,Low Income – Low Spending,Low Income – Low Spending
Graduate,47320.0,0,1,10,200,19,111,50,15,19,6,5,1,8,6,0,0,0,0,0,0,0,69,414,Partner,1,3,1,14,0,1,3,Low Income – Low Spending,High Income – Low Spending
Undergraduate,74859.0,0,0,63,570,73,614,133,102,73,1,6,5,11,3,0,0,0,1,0,0,0,77,1565,Alone,0,1,0,22,1,0,0,High Income – High Spending,High Income – High Spending
Undergraduate,15253.0,1,0,13,1,3,3,8,1,13,2,1,0,3,7,0,0,0,0,0,0,0,34,29,Alone,1,2,1,4,0,1,2,Low Income – Low Spending,Low Income – Low Spending
Postgraduate,31560.0,1,0,98,62,1,20,4,0,7,2,2,1,3,8,0,0,0,0,0,0,0,52,94,Alone,1,2,1,6,0,1,2,Low Income – Low Spending,Low Income – Low Spending
Graduate,72071.0,0,1,4,531,69,300,150,138,150,3,5,4,8,2,0,0,0,0,0,0,0,72,1338,Alone,1,2,1,17,0,0,0,High Income – High Spending,High Income – High Spending
Postgraduate,91172.0,0,0,94,162,28,818,0,28,56,0,4,3,7,3,1,0,1,1,1,0,1,36,1092,Alone,0,1,0,14,5,0,0,High Income – High Spending,High Income – High Spending
Graduate,90000.0,0,0,91,675,144,133,94,192,241,1,4,8,5,1,1,0,1,1,0,0,0,42,1479,Partner,0,2,0,17,3,0,0,High Income – High Spending,High Income – High Spending
Graduate,41967.0,1,1,66,23,4,10,0,2,15,1,1,0,3,4,0,0,0,0,0,0,0,45,54,Alone,2,3,1,4,0,1,1,Low Income – Low Spending,Low Income – High Spending
Graduate,69263.0,0,1,14,492,5,32,13,5,21,1,9,1,7,6,0,1,0,0,0,0,0,61,568,Alone,1,2,1,17,1,1,3,Low Income – Low Spending,High Income – Low Spending
Undergraduate,65706.0,0,0,77,918,10,129,13,0,129,1,11,3,12,7,0,1,1,0,1,0,1,56,1199,Alone,0,1,0,26,4,0,3,High Income – High Spending,High Income – Low Spending
Graduate,60934.0,0,1,41,224,155,155,192,93,54,2,6,4,11,4,0,0,0,0,0,0,0,51,873,Partner,1,3,1,21,0,0,0,High Income – High Spending,High Income – High Spending
Graduate,71965.0,0,1,21,572,19,286,50,38,248,3,6,3,5,3,0,0,0,0,0,0,0,75,1213,Partner,1,3,1,14,0,0,3,High Income – High Spending,High Income – Low Spending
Graduate,65210.0,0,1,25,626,0,70,0,7,28,2,9,3,8,6,0,1,0,1,0,0,0,71,731,Partner,1,3,1,20,2,0,3,High Income – High Spending,High Income – Low Spending
Postgraduate,79174.0,0,0,2,1074,37,518,193,92,129,1,5,6,7,2,0,0,1,1,0,0,1,51,2043,Partner,0,2,0,18,3,0,0,High Income – High Spending,High Income – High Spending
Postgraduate,81380.0,0,0,51,741,68,689,224,68,103,1,4,2,10,2,0,0,0,0,0,0,0,59,1893,Alone,0,1,0,16,0,0,0,High Income – High Spending,High Income – High Spending
Postgraduate,48432.0,0,1,3,322,3,50,4,3,42,5,7,1,6,8,0,0,0,0,0,0,0,53,424,Alone,1,2,1,14,0,1,3,Low Income – Low Spending,High Income – Low Spending
Graduate,52914.0,0,1,32,254,10,44,30,10,227,2,7,3,3,7,1,0,0,0,0,0,0,55,575,Partner,1,3,1,13,1,1,3,Low Income – Low Spending,High Income – Low Spending
Graduate,38946.0,0,1,84,116,6,82,6,6,41,2,3,1,6,5,0,0,0,0,0,0,0,71,257,Partner,1,3,1,10,0,1,1,Low Income – Low Spending,Low Income – High Spending
Graduate,26067.0,1,0,49,22,2,18,0,2,12,3,3,0,3,8,0,0,0,0,0,0,0,52,56,Partner,1,3,1,6,0,1,2,Low Income – Low Spending,Low Income – Low Spending
Postgraduate,44325.0,0,1,69,516,0,21,0,0,5,4,8,2,7,8,0,1,0,0,0,0,0,54,542,Partner,1,3,1,17,1,1,3,Low Income – Low Spending,High Income – Low Spending
Graduate,42523.0,0,0,96,14,36,11,3,26,35,1,1,1,4,2,0,0,0,0,0,0,0,62,125,Partner,0,2,0,6,0,1,2,Low Income – Low Spending,Low Income – Low Spending
Undergraduate,26487.0,1,0,23,2,8,10,12,14,23,3,2,1,3,5,0,0,0,0,0,0,0,48,69,Alone,1,2,1,6,0,1,2,Low Income – Low Spending,Low Income – Low Spending
Undergraduate,53233.0,0,1,18,28,0,9,3,0,0,1,1,0,3,4,0,0,0,0,0,0,0,69,40,Partner,1,3,1,4,0,1,1,Low Income – Low Spending,Low Income – High Spending
Graduate,67716.0,0,1,8,530,142,217,62,9,56,4,7,4,13,5,0,1,0,0,0,0,0,66,1016,Partner,1,3,1,24,1,0,3,High Income – High Spending,High Income – Low Spending
Postgraduate,76234.0,0,1,21,519,50,167,130,0,41,1,8,3,11,3,0,1,0,0,0,0,0,54,907,Partner,1,3,1,22,1,0,3,High Income – High Spending,High Income – Low Spending
Postgraduate,84117.0,0,0,60,611,76,749,59,45,26,1,7,10,6,2,0,0,1,0,0,0,0,70,1566,Partner,0,2,0,23,1,0,0,High Income – High Spending,High Income – High Spending
Postgraduate,65487.0,0,0,48,240,67,500,199,0,163,3,3,5,6,2,0,0,0,0,0,0,0,69,1169,Partner,0,2,0,14,0,0,0,High Income – High Spending,High Income – High Spending
Undergraduate,25224.0,1,0,36,4,9,12,11,2,8,2,1,1,3,3,0,0,0,0,0,0,0,54,46,Partner,1,3,1,5,0,1,2,Low Income – Low Spending,Low Income – Low Spending
Postgraduate,89616.0,0,0,36,671,47,655,145,111,15,1,7,5,12,2,0,0,0,0,0,0,1,43,1644,Alone,0,1,0,24,1,0,0,High Income – High Spending,High Income – High Spending
Graduate,40851.0,1,1,63,23,1,7,0,4,24,1,1,1,2,7,0,0,0,0,0,0,0,55,59,Alone,2,3,1,4,0,1,1,Low Income – Low Spending,Low Income – High Spending
Graduate,27469.0,0,0,2,9,1,2,3,2,0,1,0,0,3,6,0,0,0,0,0,0,0,79,17,Partner,0,2,0,3,0,1,2,Low Income – Low Spending,Low Income – Low Spending
Undergraduate,82347.0,0,0,38,556,54,845,202,133,63,1,7,7,10,3,1,0,0,1,0,0,1,69,1853,Partner,0,2,0,24,3,0,0,High Income – High Spending,High Income – High Spending
Graduate,73803.0,0,1,61,833,80,363,52,26,174,2,9,5,6,6,1,0,0,0,0,0,1,69,1528,Partner,1,3,1,20,2,0,3,High Income – High Spending,High Income – Low Spending
Postgraduate,8820.0,1,1,52,12,0,13,4,2,4,4,3,0,3,8,0,0,0,0,0,0,0,74,35,Alone,2,3,1,6,0,1,1,Low Income – Low Spending,Low Income – High Spending
Graduate,43322.0,0,0,25,56,7,48,10,2,18,1,3,0,4,7,0,0,0,0,0,0,0,52,141,Alone,0,1,0,7,0,1,2,Low Income – Low Spending,Low Income – Low Spending
Graduate,55593.0,0,1,63,293,8,124,11,4,106,2,6,6,3,6,1,0,0,0,0,0,0,53,546,Partner,1,3,1,15,1,1,3,Low Income – Low Spending,High Income – Low Spending
Graduate,50501.0,1,1,10,297,0,38,13,0,152,7,5,4,4,6,1,0,0,0,0,0,1,72,500,Partner,2,4,1,13,2,1,3,Low Income – Low Spending,High Income – Low Spending
Graduate,37085.0,1,1,65,39,1,16,2,0,3,4,3,0,3,8,0,0,0,0,0,0,0,51,61,Partner,2,4,1,6,0,1,1,Low Income – Low Spending,Low Income – High Spending
Undergraduate,16185.0,1,0,71,5,11,16,21,8,45,2,2,2,2,8,0,0,0,0,0,0,0,36,106,Alone,1,2,1,6,0,1,2,Low Income – Low Spending,Low Income – Low Spending
Graduate,57731.0,0,1,0,266,21,300,65,8,44,4,8,8,6,6,0,0,0,0,0,0,0,57,704,Alone,1,2,1,22,0,0,3,High Income – High Spending,High Income – Low Spending
Postgraduate,48432.0,0,1,3,322,3,50,4,3,42,5,7,1,6,8,0,0,0,0,0,0,1,53,424,Alone,1,2,1,14,1,1,3,Low Income – Low Spending,High Income – Low Spending
Graduate,73807.0,0,1,88,366,124,156,71,78,54,2,5,5,11,2,0,0,0,0,0,0,0,48,849,Partner,1,3,1,21,0,0,0,High Income – High Spending,High Income – High Spending
Graduate,18929.0,0,0,15,32,0,8,23,4,18,1,1,0,4,6,0,0,0,0,0,0,0,36,85,Partner,0,2,0,5,0,1,2,Low Income – Low Spending,Low Income – Low Spending
Graduate,35893.0,1,1,80,158,0,23,0,0,18,6,3,1,5,8,0,0,0,0,0,0,0,58,199,Alone,2,3,1,9,0,1,1,Low Income – Low Spending,Low Income – High Spending
Graduate,61014.0,0,1,17,269,129,495,182,43,29,4,9,3,4,7,0,0,0,0,0,0,0,46,1147,Partner,1,3,1,16,0,0,3,High Income – High Spending,High Income – Low Spending
Graduate,32144.0,1,1,76,41,0,10,0,0,3,4,2,1,3,7,0,1,0,0,0,0,0,72,54,Partner,2,4,1,6,1,1,1,Low Income – Low Spending,Low Income – High Spending
Undergraduate,14918.0,0,1,52,3,3,3,15,4,15,1,1,0,3,6,0,0,0,0,0,0,0,63,43,Partner,1,3,1,4,0,1,1,Low Income – Low Spending,Low Income – High Spending
Graduate,45146.0,1,1,28,33,0,5,0,0,15,2,1,1,2,4,0,0,0,0,0,0,0,63,53,Alone,2,3,1,4,0,1,1,Low Income – Low Spending,Low Income – High Spending
Undergraduate,41769.0,0,1,31,302,29,131,32,0,27,6,8,1,7,8,0,0,0,0,0,0,0,71,521,Alone,1,2,1,16,0,1,3,Low Income – Low Spending,High Income – Low Spending
Graduate,88325.0,0,0,42,519,71,860,93,27,53,1,6,2,9,2,0,0,0,0,0,0,0,45,1623,Partner,0,2,0,17,0,0,0,High Income – High Spending,High Income – High Spending
Postgraduate,38054.0,1,1,24,23,2,17,2,1,0,2,2,0,3,7,0,0,0,0,0,0,0,76,45,Alone,2,3,1,5,0,1,1,Low Income – Low Spending,Low Income – High Spending
Undergraduate,80617.0,0,0,42,594,51,631,72,55,32,1,4,6,8,2,0,0,0,0,0,0,0,31,1435,Alone,0,1,0,18,0,0,0,High Income – High Spending,High Income – High Spending
Graduate,5305.0,0,1,12,12,4,7,1,3,5,0,1,0,0,13,0,0,0,0,0,0,0,50,32,Partner,1,3,1,1,0,1,2,Low Income – Low Spending,Low Income – Low Spending
Graduate,36807.0,1,1,88,4,2,5,0,0,5,1,1,0,2,6,0,0,0,0,0,0,0,72,16,Partner,2,4,1,3,0,1,1,Low Income – Low Spending,Low Income – High Spending
Graduate,28427.0,1,0,67,18,3,19,3,3,6,2,2,0,3,8,0,0,0,0,0,0,0,43,52,Partner,1,3,1,5,0,1,2,Low Income – Low Spending,Low Income – Low Spending
Postgraduate,82032.0,0,0,54,332,194,377,149,125,57,0,4,6,7,1,0,0,0,0,0,0,0,78,1234,Alone,0,1,0,17,0,0,0,High Income – High Spending,High Income – High Spending
Graduate,22775.0,1,0,40,5,1,8,0,0,1,1,1,0,2,8,0,0,0,0,0,0,0,48,15,Partner,1,3,1,3,0,1,2,Low Income – Low Spending,Low Income – Low Spending
Postgraduate,40101.0,1,0,73,171,3,129,26,24,62,4,6,1,6,7,0,0,0,0,0,0,0,41,415,Partner,1,3,1,13,0,1,2,Low Income – Low Spending,Low Income – Low Spending
Graduate,58025.0,0,1,81,270,31,88,11,48,22,3,3,2,10,4,0,0,0,0,0,0,0,47,470,Partner,1,3,1,15,0,1,3,Low Income – Low Spending,High Income – Low Spending
Postgraduate,75777.0,0,0,12,712,26,538,69,13,80,1,3,6,11,1,0,1,1,0,0,0,1,44,1438,Alone,0,1,0,20,3,0,0,High Income – High Spending,High Income – High Spending
Undergraduate,7500.0,1,0,7,2,8,11,3,8,21,4,3,2,2,7,0,0,0,0,0,0,0,47,53,Partner,1,3,1,7,0,1,2,Low Income – Low Spending,Low Income – Low Spending
Postgraduate,33562.0,1,2,33,21,12,12,0,3,3,3,2,0,4,4,0,0,0,0,0,0,0,63,51,Partner,3,5,1,6,0,1,1,Low Income – Low Spending,Low Income – High Spending
Postgraduate,57642.0,0,1,24,580,6,58,8,0,27,3,7,6,6,4,1,0,0,0,0,0,0,56,679,Alone,1,2,1,19,1,0,3,High Income – High Spending,High Income – Low Spending
Graduate,58554.0,1,1,55,368,24,68,38,0,88,6,8,2,6,7,0,0,0,0,0,0,0,58,586,Partner,2,4,1,16,0,1,3,Low Income – Low Spending,High Income – Low Spending
Graduate,63777.0,1,1,87,457,5,106,15,17,53,8,11,1,6,8,0,0,0,0,0,0,0,47,653,Partner,2,4,1,18,0,1,3,Low Income – Low Spending,High Income – Low Spending
Graduate,57967.0,0,1,39,229,7,137,4,0,91,5,4,2,8,5,0,0,0,0,0,0,0,64,468,Alone,1,2,1,14,0,1,3,Low Income – Low Spending,High Income – Low Spending
Graduate,24434.0,2,0,9,3,2,8,20,0,17,2,2,1,2,7,0,0,0,0,0,0,0,54,50,Partner,2,4,1,5,0,1,2,Low Income – Low Spending,Low Income – Low Spending
Graduate,11012.0,1,0,82,24,3,26,7,1,23,3,3,1,2,9,1,0,0,0,0,0,0,42,84,Alone,1,2,1,6,1,1,2,Low Income – Low Spending,Low Income – Low Spending
Postgraduate,44802.0,0,0,71,853,10,143,13,10,20,2,9,4,12,8,0,0,0,0,0,0,0,56,1049,Alone,0,1,0,25,0,0,3,High Income – High Spending,High Income – Low Spending
Graduate,26816.0,0,0,50,5,1,6,3,4,3,1,0,0,3,4,0,0,0,0,0,0,0,40,22,Alone,0,1,0,3,0,1,2,Low Income – Low Spending,Low Income – Low Spending
Graduate,34421.0,1,0,81,3,3,7,6,2,9,1,1,0,2,7,0,0,0,0,0,0,0,52,30,Partner,1,3,1,3,0,1,2,Low Income – Low Spending,Low Income – Low Spending
Graduate,61223.0,0,1,46,709,43,182,42,118,247,2,9,3,4,5,0,0,0,0,0,0,0,59,1341,Partner,1,3,1,16,0,0,3,High Income – High Spending,High Income – Low Spending
Postgraduate,64014.0,2,1,56,406,0,30,0,0,8,7,8,2,5,7,0,0,0,1,0,0,0,80,444,Partner,3,5,1,15,1,1,1,Low Income – Low Spending,Low Income – High Spending
Graduate,56981.0,0,0,91,908,48,217,32,12,24,1,2,3,13,6,0,1,0,0,0,0,0,45,1241,Alone,0,1,0,18,1,0,0,High Income – High Spending,High Income – High Spending
Postgraduate,69245.0,0,1,8,428,30,214,80,30,61,2,6,5,10,3,0,0,0,0,0,0,0,70,843,Partner,1,3,1,21,0,0,3,High Income – High Spending,High Income – Low Spending
Postgraduate,52869.0,1,1,40,84,3,61,2,1,21,3,3,1,4,7,0,0,0,0,0,0,1,72,172,Partner,2,4,1,8,1,1,1,Low Income – Low Spending,Low Income – High Spending
